uid,name,latitude,longitude,source_aspect_deg,aspect_cardinal,preferred_aspect_deg,elev_m,difficulty,height_hint_m,dem_source,dem_resolution_m,line_status,route_point_count,route_length_m,route_drop_m,route_bearing_deg,slope_mean_deg,slope_p90_deg,slope_max_deg,aspect_agreement,steep_continuity,dem_resolution_factor,route_length_factor,route_confidence,confinement_index,topo_support_index,convexity_index,unsupported_steep_fraction,support_score,collapse_risk_score,qa_flag,qa_note
1,Mannerschnitte,47.18785309,10.91448647,309,NW,309,951.4833984375,WI5-/M4,,DGM_Tirol_5m_epsg31254_2006_2020,5,ok,42,400.2095616718271,338.32098388671875,265.4260787400991,58.465628169831774,69.01841150919596,72.29844665527344,0.5158453193344346,0.9523809523809524,1,1,0.7920524134480594,0.7948231772770957,0.5259347594617196,0.02710729256819283,0.09523809523809525,77.42088516026749,22.57911483973251,,
2,Baselayer,47.18157945,10.92174323,15,N,15,1359.78515625,WI4/M5,300,DGM_Tirol_5m_epsg31254_2006_2020,5,ok,51,488.3140154363313,388.5689697265625,55.88552705465872,44.870079938103174,56.37045873006185,59.6993293762207,0.5457163660593476,0.9215686274509804,1,1,0.7947571346590331,0.4877536748748979,0.49713049560367994,0.01256732482560514,0,64.1258312629503,35.8741687370497,,
4,Zwei Welten,47.1814644,10.90196581,107,O,107,977.75042724609375,WI4/M8,,DGM_Tirol_5m_epsg31254_2006_2020,5,ok,3,20,12.09503173828125,90,30.63731129964193,31.3251953125,31.3251953125,0.8111111111111111,0,1,0.125,0.5369444444444444,0.06319512261284722,0.5056861258529188,0.00412305198713309,0,45.40347262415844,54.59652737584156,,
6,Kalte Dusche,47.17457496,10.91958106,15,N,15,1185.04345703125,WI5,,DGM_Tirol_5m_epsg31254_2006_2020,5,ok,35,330.65925978992595,344.38702392578125,84.6441749571448,43.17829301016671,57.95668589274088,76.86045837402344,0.22617583380950224,0.8571428571428571,1,1,0.647613190666658,0.394451177687872,0.4955562772216498,0.04090314975363158,0,59.32114693142285,40.67885306857715,,
7,Sibirien,47.17457496,10.91958106,273,W,273,1185.04345703125,WI6/M6,,DGM_Tirol_5m_epsg31254_2006_2020,5,ok,44,430,411.6170043945313,270,42.752993236888535,56.40013478597005,76.86045837402344,0.9666666666666668,0.9090909090909092,1,1,0.9593939393939394,0.5245824871641217,0.4740333586050038,0.02709164247128435,0,64.91521303808489,35.084786961915114,,
8,Vorsaison,47.17457496,10.91958106,15,N,15,1185.04345703125,WI5+/M6-,,DGM_Tirol_5m_epsg31254_2006_2020,5,ok,35,330.65925978992595,344.38702392578125,84.6441749571448,43.17829301016671,57.95668589274088,76.86045837402344,0.22617583380950224,0.8571428571428571,1,1,0.647613190666658,0.394451177687872,0.4955562772216498,0.04090314975363158,0,59.32114693142285,40.67885306857715,,
9,Golden Shower,47.15611614,10.9050394,15,N,15,1091.194091796875,WI6,,DGM_Tirol_5m_epsg31254_2006_2020,5,ok,29,270.78112026573785,298.6090087890625,96.581944655178,44.65487920826879,58.87826283772787,74.1058120727539,0.09353394827579996,0.7931034482758621,1,1,0.5753446137930787,0.4556555035470546,0.516176620606184,0.01715473260666275,0.06896551724137931,62.37616335022501,37.62383664977499,,
10,Reichalm Fall,47.16324699,10.94194281,188,S,188,1614.128662109375,WI5,,DGM_Tirol_5m_epsg31254_2006_2020,5,ok,52,484.0426494403633,405.635009765625,193.86968643850503,53.9885169175955,68.37422205607095,74.69564056396484,0.9347812617943886,0.903846153846154,1,1,0.9450663508716016,0.7939664400540866,0.6763873821939828,0.01384142000610247,0.03846153846153846,81.97673057254603,18.023269427453968,,
11,Dripping Elegance,47.12597744,10.90943499,115,SO,115,1767.6766357421875,WI5+/M10,,DGM_Tirol_5m_epsg31254_2006_2020,5,ok,29,278.0966047691351,236.669921875,103.24051991518718,40.66130131688611,46.386033121744795,55.86948776245117,0.8693391101687464,0.8275862068965517,1,1,0.8960115061364641,0.45444146518049566,0.48736211551341385,0.00961259373158601,0,62.44166694632592,37.55833305367408,,
12,Nachtfalter,47.10893708,10.95374477,15,N,15,1260.4178466796875,WI5-/M4,,DGM_Tirol_5m_epsg31254_2006_2020,5,ok,17,155.1883984800578,214.363037109375,86.18592516570965,48.57767239738913,69.54016215006511,70.90129089355469,0.20904527593655944,0.7647058823529411,1,0.9699274905003612,0.6100226241305422,0.3730492685355392,0.5468801442698151,0.02620235770283376,0.1176470588235294,58.758702948552674,41.241297051447326,,
13,Spongebob,47.10119125,10.96701683,15,N,15,1746.008056640625,WI7-,,DGM_Tirol_5m_epsg31254_2006_2020,5,ok,31,291.5977892442426,174.8399658203125,302.9694039034621,45.578728429732784,65.07148793538411,69.58263397216797,0.19966004337180088,0.8709677419354839,1,1,0.6411543399293654,0.5974708475092406,0.4399475330099553,0.0413018639890417,0.03225806451612903,66.73625853822259,33.263741461777414,,
14,Drytooling Klettergarten,47.09844413,10.95780488,239,SW,239,1176.862548828125,,,DGM_Tirol_5m_epsg31254_2006_2020,5,ok,6,49.49747468305833,30.9959716796875,225,32.565146605173744,61.21442031860352,61.21442031860352,0.8444444444444444,0.3333333333333333,1,0.30935921676911454,0.6687136994546893,0.5202755398220487,0.4942517532471383,0.0133663694270783,0,65.50136573462908,34.498634265370924,,
15,Triple Direkt,47.0869413,10.94041113,55,NO,55,1276.218994140625,WI6/M4,,DGM_Tirol_5m_epsg31254_2006_2020,5,ok,26,243.05124723757143,183.4130859375,54.90418321297386,41.00051685479971,54.824249649047864,72.137420654296875,0.9989353690330428,0.8076923076923077,1,1,0.9418818399209096,0.6356079884064503,0.4593776337650384,0.01502988547182235,0.03846153846153846,69.40158722836439,30.59841277163561,,
16,Guillotine,47.08371193,10.944314,49,NO,49,1176.030517578125,WI6+/M7+,,DGM_Tirol_5m_epsg31254_2006_2020,5,ok,4,28.284271247461906,10.1600341796875,45,18.083065271377563,21.052183151245117,21.052183151245117,0.9555555555555556,0,1,0.1767766952966369,0.5998998917518858,0.08996073404947916,0.435874270904655,0.00828435714356601,0,44.77940266197161,55.22059733802839,,
18,Esso Mixed,47.07002952,10.97153602,299,NW,299,1203.245849609375,M6-M7,,DGM_Tirol_5m_epsg31254_2006_2020,5,ok,17,151.3041235801489,163.4290771484375,299.2488263365469,41.59000067149891,62.55974171956382,64.26384735107422,0.9972352629272564,0.7058823529411765,1,0.9456507723759306,0.9052238882908488,0.5708199295343137,0.5168785607959508,0.00766510640581448,0,68.4555587208266,31.5444412791734,,
19,Badle,47.07002952,10.97153602,15,N,15,1203.245849609375,WI5+,,DGM_Tirol_5m_epsg31254_2006_2020,5,ok,23,209.56300257802764,183.0479736328125,311.4964683552155,41.99990222765051,54.77689488728842,57.66563415527344,0.29440520394683867,0.782608695652174,1,1,0.6525446902743876,0.6499846085258152,0.4807273170892497,0.01605587045702597,0,70.9463729017524,29.053627098247603,,
20,Burgsteiner Mixed,47.06117835,10.96930442,301,NW,301,1350.737060546875,M5-M8+,,DGM_Tirol_5m_epsg31254_2006_2020,5,ok,18,160.4193917985947,120.2750244140625,282.5288077091516,42.61859448750814,60.41804377237957,67.65470123291016,0.7947645301016842,0.7222222222222222,1,1,0.8345724787073404,0.8294112594039352,0.6285003573138039,0.01502169679022497,0.05555555555555555,82.18002611466211,17.819973885337888,,
21,Mixed Klettergebiet,47.05883952,10.96612868,15,N,15,1331.681884765625,,,DGM_Tirol_5m_epsg31254_2006_2020,5,ok,11,95,214.512939453125,90,52.21012080799449,77.90218709309896,77.92920684814453,0.16666666666666663,0.6363636363636364,1,0.59375,0.5169507575757576,0.43059008049242425,0.5303604659177062,0.04110884756752939,0.18181818181818185,59.995206500569346,40.004793499430654,,
22,Nordstau,47.05883952,10.96612868,15,N,15,1331.681884765625,WI5-/M5,,DGM_Tirol_5m_epsg31254_2006_2020,5,ok,11,95,214.512939453125,90,52.21012080799449,77.90218709309896,77.92920684814453,0.16666666666666663,0.6363636363636364,1,0.59375,0.5169507575757576,0.43059008049242425,0.5303604659177062,0.04110884756752939,0.18181818181818185,59.995206500569346,40.004793499430654,,
23,Pokerface,47.05883952,10.96612868,15,N,15,1331.681884765625,WI6/M4,,DGM_Tirol_5m_epsg31254_2006_2020,5,ok,11,95,214.512939453125,90,52.21012080799449,77.90218709309896,77.92920684814453,0.16666666666666663,0.6363636363636364,1,0.59375,0.5169507575757576,0.43059008049242425,0.5303604659177062,0.04110884756752939,0.18181818181818185,59.995206500569346,40.004793499430654,,
24,New Life,47.05883952,10.96612868,274,W,274,1331.681884765625,WI7-,,DGM_Tirol_5m_epsg31254_2006_2020,5,ok,11,95,214.512939453125,270,52.21012080799449,77.90218709309896,77.92920684814453,0.9555555555555556,0.6363636363636364,1,0.59375,0.8325063131313131,0.43059008049242425,0.5303604659177062,0.04110884756752939,0.18181818181818185,59.995206500569346,40.004793499430654,,
25,Via Ali,47.06047859,10.94324338,146,SO,146,2005.9752197265625,WI5-,,DGM_Tirol_5m_epsg31254_2006_2020,5,ok,43,417.1027906665548,347.4820556640625,132.03906386583628,44.52311045624489,60.6466776529948,67.84569549560547,0.8448784873981809,0.8837209302325582,1,1,0.90306767402904,0.792728394500969,0.5299286940700413,0.01362406461223934,0.02325581395348837,78.41595567251498,21.584044327485017,,
27,Fritz Phantom,47.00661867,10.9737247,15,N,15,2455.4208984375,WI5,,DGM_Tirol_5m_epsg31254_2006_2020,5,ok,74,695.8064526078342,583.069091796875,357.97267729949976,49.47506105577624,61.88716481526693,81.885833740234375,0.8108075255499974,0.9594594594594594,1,1,0.9121608480578368,0.7487927685986768,0.4502839615906939,0.04075664157249235,0.05405405405405406,73.59710025471743,26.402899745282568,,
28,Waldesruh Ralley - Bichlfall,47.02797391,10.99501338,244,SW,244,1246.4361572265625,WI6-,,DGM_Tirol_5m_epsg31254_2006_2020,5,ok,3,20,6.7109375,270,19.126373291015625,23.086090087890625,23.086090087890625,0.7111111111111111,0,1,0.125,0.49694444444444447,0.4398668077256944,0.3901945918625221,0.00679797886146439,0,59.41291156699001,40.58708843300999,,
29,Taufenbachfall (ohne Vorhang),47.02183284,10.99564764,15,N,15,1227.79052734375,WI6+,,DGM_Tirol_5m_epsg31254_2006_2020,5,ok,4,22.38377778675872,0.26904296875,45,0.7890418618917465,1.1681331396102903,1.1681331396102903,0.6666666666666667,0,1,0.139898611167242,0.4806565277833909,0.02397918701171875,0.5576189031389059,0.00136428404948674,0,44.99225031301025,55.00774968698975,,
30,Mhlgartenfall / Betonwerks?õule,47.02183284,10.99564764,15,N,15,1227.79052734375,WI6-,,DGM_Tirol_5m_epsg31254_2006_2020,5,ok,4,22.38377778675872,0.26904296875,45,0.7890418618917465,1.1681331396102903,1.1681331396102903,0.6666666666666667,0,1,0.139898611167242,0.4806565277833909,0.02397918701171875,0.5576189031389059,0.00136428404948674,0,44.99225031301025,55.00774968698975,,
31,Elfenbein,47.02183284,10.99564764,15,N,15,1227.79052734375,WI7-/M6,,DGM_Tirol_5m_epsg31254_2006_2020,5,ok,4,22.38377778675872,0.26904296875,45,0.7890418618917465,1.1681331396102903,1.1681331396102903,0.6666666666666667,0,1,0.139898611167242,0.4806565277833909,0.02397918701171875,0.5576189031389059,0.00136428404948674,0,44.99225031301025,55.00774968698975,,
32,R?õtselburg,47.0081575,10.99938127,360,N,360,1472.281005859375,WI7-,,DGM_Tirol_5m_epsg31254_2006_2020,5,ok,26,244.66500753366049,187.1689453125,10.304846468766016,42.34781903486986,65.41248779296875,69.2120590209961,0.8855017059025998,0.8076923076923077,1,1,0.8965083746687322,0.7709162785456731,0.551407085158603,0.02122580721819152,0,78.05189351915654,21.948106480843464,,
33,Freizeitstress,47.0081575,10.99938127,15,N,15,1472.281005859375,WI6/M5,,DGM_Tirol_5m_epsg31254_2006_2020,5,ok,16,145.7883476615282,156.864990234375,17.10272896905235,42.274316906929016,68.35368067423504,69.2120590209961,0.9766363447883072,0.625,1,0.9111771728845512,0.8692722552037782,0.6806418100992838,0.5798079754293626,0.02270164348495503,0,74.67004797050272,25.32995202949728,,
34,Namenlos,46.97334271,11.01845886,324,NW,324,1700.785888671875,WI5/M5-,,DGM_Tirol_5m_epsg31254_2006_2020,5,ok,50,479.5030583795864,410.0059814453125,314.56921278299137,43.72559970855713,53.07112579345703,71.9241943359375,0.8952134753665708,0.88,1,1,0.9220853901466284,0.77282958984375,0.5810600842537503,0.00954729724830637,0,79.11288770434638,20.887112295653623,,
35,Hohe Brcke,46.90466547,10.96714096,133,SO,133,1695.2198486328125,WI3 ?Ž M6,,DGM_Tirol_5m_epsg31254_2006_2020,5,ok,20,163.10387860117137,44.10498046875,106.69924423399362,38.06185439825058,67.6590421040853,70.81565856933594,0.707769380377707,0.5,1,1,0.7331077521510828,0.5795761108398437,0.8414596655663977,0.01195587571710348,0,76.87829911261085,23.121700887389153,,
36,Testgolla,47.09844413,10.95780488,239,SW,239,1176.862548828125,M8,485,DGM_Tirol_5m_epsg31254_2006_2020,5,ok,6,49.49747468305833,30.9959716796875,225,32.565146605173744,61.21442031860352,61.21442031860352,0.8444444444444444,0.3333333333333333,1,0.30935921676911454,0.6687136994546893,0.5202755398220487,0.4942517532471383,0.0133663694270783,0,65.50136573462908,34.498634265370924,,
37,Klettergarten Oberried - Eispark,47.07646018,10.94993127,15,N,15,1178.9288330078125,,,DGM_Tirol_5m_epsg31254_2006_2020,5,ok,11,90.13617622704292,87.967041015625,6.709836807756915,35.80875041268089,64.45038909912108,65.74370574951172,0.9078870756417436,0.5454545454545454,1,0.5633511014190182,0.783126304034963,0.41896473277698865,0.4369422349010736,0.04062611485520999,0.09090909090909093,58.055355641296224,41.944644358703776,,
38,Zwieselsteinf?õlle,46.94276424,11.0333006,15,N,15,1694.7689208984375,WI3 - WI6,,DGM_Tirol_5m_epsg31254_2006_2020,5,ok,47,448.4263822002884,422.0860595703125,101.888658039628,45.13629811875363,64.09122467041016,75.21356201171875,0.0345704662263554,0.8936170212765957,1,1,0.5819132928735209,0.4049178319619902,0.44740332194196886,0.04819573262534665,0.02127659574468085,58.22970487688504,41.77029512311496,,
39,Khlenkar Wasserfall,47.05703252,11.05611148,246,SW,246,2122.71044921875,WI4,,DGM_Tirol_5m_epsg31254_2006_2020,5,ok,23,210.08631824860703,214.656005859375,261.46923439005184,43.92602058078932,59.88488769531251,64.42748260498047,0.8281196178883129,0.6956521739130435,1,1,0.8399434993292382,0.5550979393115942,0.5266009850495108,0.0293581559309277,0,67.55726877664095,32.44273122335905,,
40,Bachfalle,47.08530919,11.05938377,298,NW,298,2322.769287109375,WI3,,DGM_Tirol_5m_epsg31254_2006_2020,5,ok,24,221.44097436513647,192.758056640625,292.83365417791754,40.768670399983726,50.770083363850915,56.07758331298828,0.9425961575324172,0.7083333333333334,1,1,0.8895384630129669,0.45350562201605904,0.535911347189229,0.01563018048828881,0,63.492933060687605,36.507066939312395,,
41,Wtenbach/Kaisers,46.98954212,11.0200582,15,N,15,1488.9761962890625,WI4-WI5,,DGM_Tirol_5m_epsg31254_2006_2020,5,ok,24,219.8025196020404,105.242919921875,323.9726266148964,42.16121999422709,63.96348889668783,66.18830871582031,0.43302918460996,0.75,1,1,0.698211673843984,0.5806143018934462,0.6489295709058492,0.03933721149547233,0.04166666666666666,71.1474719612752,28.8525280387248,,
42,Sevlstauda,47.10893708,10.95374477,244,SW,244,1260.4178466796875,WI5+/M4/A1,,DGM_Tirol_5m_epsg31254_2006_2020,5,ok,18,167.5040764140632,220.9140625,262.8749836510982,47.836308585272896,69.2699686686198,70.90129089355469,0.7902779594322422,0.7222222222222222,1,1,0.8327778504395636,0.3806395354094329,0.5536100082678628,0.02694761813445775,0.1111111111111111,59.31896582632079,40.68103417367921,,
43,Mammut Lex,47.02183284,10.99564764,15,N,15,1227.79052734375,WI5+/M6,,DGM_Tirol_5m_epsg31254_2006_2020,5,ok,4,22.38377778675872,0.26904296875,45,0.7890418618917465,1.1681331396102903,1.1681331396102903,0.6666666666666667,0,1,0.139898611167242,0.4806565277833909,0.02397918701171875,0.5576189031389059,0.00136428404948674,0,44.99225031301025,55.00774968698975,,
44,Gegenwind,47.0081575,10.99938127,15,N,15,1472.281005859375,WI5+/M8,,DGM_Tirol_5m_epsg31254_2006_2020,5,ok,16,145.7883476615282,156.864990234375,17.10272896905235,42.274316906929016,68.35368067423504,69.2120590209961,0.9766363447883072,0.625,1,0.9111771728845512,0.8692722552037782,0.6806418100992838,0.5798079754293626,0.02270164348495503,0,74.67004797050272,25.32995202949728,,
45,Herbstgold,46.9564,10.96579,322,NW,322,2232.181640625,WI5-/M4,,DGM_Tirol_5m_epsg31254_2006_2020,5,ok,9,77.78174593052023,79.760986328125,315,41.03761249118381,63.07896321614582,66.46112060546875,0.9222222222222224,0.5555555555555556,1,0.48613591206575146,0.7841691467621307,0.44287109375,0.5149671590527345,0.03543615230807551,0.1111111111111111,60.983544037795745,39.016455962204255,,
46,Forsttechnik,47.01761,10.99537,15,N,15,1274.84521484375,WI 4+,,DGM_Tirol_5m_epsg31254_2006_2020,5,ok,13,113.15419426059172,97.6939697265625,35.83765295427827,36.62394188000606,51.67233022054036,52.317291259765625,0.7684705227302415,0.6153846153846154,1,0.7072137141286982,0.7627249651203512,0.5973784617888622,0.578445914126881,0.0074832184622303,0,71.19351426442621,28.806485735573787,,
47,Milchschnitte,47.18785309,10.91448647,309,NW,309,951.4833984375,WI6+,50,DGM_Tirol_5m_epsg31254_2006_2020,5,ok,42,400.2095616718271,338.32098388671875,265.4260787400991,58.465628169831774,69.01841150919596,72.29844665527344,0.5158453193344346,0.9523809523809524,1,1,0.7920524134480594,0.7948231772770957,0.5259347594617196,0.02710729256819283,0.09523809523809525,77.42088516026749,22.57911483973251,,
48,Venter Eisfall,46.8562,10.912953,15,N,15,1932.00537109375,WI 4+,,DGM_Tirol_5m_epsg31254_2006_2020,5,ok,42,366.9065762733078,99.4630126953125,290.55604521958344,51.6862537974403,67.66633453369141,73.60481262207031,0.06173383577314928,0.8809523809523809,1,1,0.588979248594974,0.6087736099485367,0.5052892122319332,0.04435460870375946,0.04761904761904761,68.66376010321682,31.336239896783184,,
49,24 hours of freedom - Sagwand,47.028754,11.628868,4,N,4,2450.4384765625,M6 / WI4,,DGM_Tirol_5m_epsg31254_2006_2020,5,ok,43,407.4821497166551,332.52001953125,316.39718102729637,60.14715052759925,76.285031636556,80.20570373535156,0.47107978919218185,0.9302325581395348,1,1,0.7675016831187332,0.8122435577156008,0.5000571541177592,0.01580995896130858,0,78.73618977091984,21.263810229080164,,
50,3. Zwerg,47.01676544,11.1960125,308,NW,308,1484.822509765625,WI5,,DGM_Tirol_5m_epsg31254_2006_2020,5,ok,4,28.284271247461906,8.2540283203125,315,15.055647611618042,19.362058639526367,19.362058639526367,0.9222222222222224,0,1,0.1767766952966369,0.5865665584185527,0.03832499186197916,0.4832323892622653,0.00142591970507055,0,43.77691597124428,56.22308402875572,,
51,7. Zwerg - Grawa Eisgarten,47.0154,11.1927,15,N,15,1499.0770263671875,WI4,,DGM_Tirol_5m_epsg31254_2006_2020,5,ok,3,20,3.594970703125,0,13.583785057067873,15.470603942871094,15.470603942871094,0.8333333333333334,0,1,0.125,0.5458333333333334,0.2124972873263889,0.5678544351781653,0,0,53.75873880914164,46.24126119085836,,
52,Adieu Konni - Geierkopf-Nordwand,47.522008,10.8802915,15,N,15,1628.8004150390625,M8 / WI4,,DGM_Tirol_5m_epsg31254_2006_2020,5,ok,4,28.284271247461906,16.5579833984375,45,30.966779232025143,31.626537322998047,31.626537322998047,0.6666666666666667,0,1,0.1767766952966369,0.4843443361963304,0.1591059366861979,0.53096743144992,0.00125023175496608,0,50.40894830202758,49.59105169797242,,
53,Amore Fragile,46.9288,10.495,15,N,15,1187.1566162109375,WI7-,,DGM_Tirol_5m_epsg31254_2006_2020,5,ok,50,468.797014491692,294.1690673828125,320.90614111377045,44.3728470993042,59.0037851969401,74.4391098022461,0.3989571234863382,0.94,1,1,0.7415828493945352,0.8298482259114583,0.5066626367951655,0.02750412025799354,0.02,79.25965368073489,20.740346319265115,,
54,Amphitrite,47.014,11.5028,15,N,15,1434.968994140625,WI6,,DGM_Tirol_5m_epsg31254_2006_2020,5,ok,23,214.100680243352,255.989990234375,55.92280471986925,45.19176607546599,69.63551076253256,73.71519470214844,0.5453021697792306,0.7391304347826086,1,1,0.7398599983464748,0.599472267040308,0.4636675302455071,0.02569510002849974,0,68.05403827238155,31.945961727618453,,
55,Aria 51 - Laserz Nordwand,46.776166,12.81022,15,N,15,1883.644775390625,M7- / WI4,,DGM_Tirol_5m_epsg31254_2006_2020,5,ok,18,159.83288553719993,274.135009765625,348.69006752597977,47.36292436387804,73.26675287882487,80.6242446899414,0.7076674169553308,0.6666666666666666,1,0.9989555346074996,0.7829625202428823,0.5470247621889468,0.5119431710564447,0.02981657596925894,0.05555555555555555,66.262806499973,33.737193500027004,,
56,Art of Freedom - Serles,47.1305388,11.3843588,25,NO,25,1918.4193115234375,M6+,,DGM_Tirol_5m_epsg31254_2006_2020,5,ok,3,20,11.23193359375,0,29.745089848836265,30.33022117614746,30.33022117614746,0.7222222222222222,0,1,0.125,0.5013888888888889,0.28497314453125,0.5150366439221633,0,0,55.699707601960334,44.300292398039666,,
57,Asylzapfen in St. Gertraudi,47.4039,11.8442,28,NO,28,697.3577880859375,WI4+,,DGM_Tirol_5m_epsg31254_2006_2020,5,ok,24,223.11794747190228,243.114990234375,340.2531633945739,45.67085107167562,56.51428985595703,66.52069854736328,0.46947959327304334,0.75,1,1,0.7127918373092174,0.43040211995442706,0.475441070303441,0.03104336504151838,0.04166666666666666,60.2165881880382,39.7834118119618,,
58,Auf alten Spuren,47.0794,11.6799,15,N,15,2445.396240234375,M7+ / WI4,,DGM_Tirol_5m_epsg31254_2006_2020,5,ok,18,165.8764062699019,158.01416015625,317.4895529219991,38.65801217820909,56.85702451070151,61.61829376220703,0.3609950324666569,0.6666666666666666,1,1,0.6443980129866628,0.3731858995225694,0.5104179766820909,0.01781102523414625,0,59.19759439088498,40.80240560911502,,
59,Aufnahmeprfung - Tauerntal,47.083,12.5253,15,N,15,1397.98046875,M9 / WI5+,,DGM_Tirol_5m_epsg31254_2006_2020,5,ok,48,458.5742071466601,348.605224609375,97.43140797117252,45.061279296875,54.67952537536621,75.85523986816406,0.08409546698697201,0.9166666666666666,1,1,0.6086381867947888,0.6318300035264757,0.4722035413088553,0.03030643619584023,0.04166666666666666,69.21464330082931,30.78535669917069,,
61,Badlands - Sagwandspitze,47.03044,11.61888,15,N,15,2512.7724609375,A1 / M5 / WI4 / 4+,,DGM_Tirol_5m_epsg31254_2006_2020,5,ok,68,655.944538156525,547.864990234375,25.68814343564736,49.43835126652437,67.001166025797545,79.55985260009766,0.8812428507150293,0.8970588235294118,1,1,0.9216147873448352,0.8813317990770527,0.5730730610400601,0.01892427236353065,0.01470588235294117,83.46121321366886,16.538786786331144,,
62,Ballerina Rinne,47.5324,12.6498,222,SW,222,1830.872802734375,50ø,,DGM_Tirol_5m_epsg31254_2006_2020,5,ok,74,712.809520706889,459.4271240234375,204.01079906389964,45.679962261303054,64.37088546752929,77.59114074707031,0.8001199895988849,0.8783783783783784,1,1,0.8835615093530674,0.8182011509800816,0.5857158861742434,0.02114458457484992,0.01351351351351351,80.90392212182762,19.09607787817238,,
63,Bananenecke - Groáglockner,47.070089,12.69519,225,SW,225,3219.220947265625,M5 / WI4,,DGM_Tirol_5m_epsg31254_2006_2020,5,ok,44,425.0771963660047,292.922119140625,215.8033441083711,46.98010518334129,60.48805465698243,72.32374572753906,0.8978149345374568,0.9318181818181818,1,1,0.9386714283604372,0.7386789032907197,0.4567080085471105,0.0440266800278826,0.04545454545454545,73.32317180665704,26.676828193342956,,
64,Bayerisch Schottische Wintergames - Westlicher Geierkopf,47.518127,10.863208,36,NO,36,1769.2783203125,55ø / M5+ / WI3-,,DGM_Tirol_5m_epsg31254_2006_2020,5,ok,14,127.27922061357854,84.3359375,45,34.95152432577951,45.045298639933264,50.686763763427734,0.9,0.5,1,0.795495128834866,0.7895495128834866,0.8482150123232887,0.6121343469946976,0.01509991391295833,0,83.17103595115626,16.828964048843744,,
65,Beilfall Beilf„lle - Fernautal,47.0015136,11.1491723,15,N,15,2110.7392578125,WI4,,DGM_Tirol_5m_epsg31254_2006_2020,5,ok,31,294.83867442297753,257.6600341796875,0,41.236003260458666,53.91796035766602,61.2380485534668,0.8333333333333334,0.7741935483870968,1,1,0.8655913978494624,0.5536866546959005,0.48224657372178986,0.01151784251053487,0,66.74170695414958,33.25829304585042,,
66,Berufsschule - Treffauer,47.55863386,12.28288876,274,W,274,1796.207275390625,M7,,DGM_Tirol_5m_epsg31254_2006_2020,5,ok,3,20,11.0179443359375,270,31.587788263956707,34.141536712646484,34.141536712646484,0.9555555555555556,0,1,0.125,0.5947222222222222,0.24005126953125,0.5976750063179176,0.00319271317372719,0,55.68032802337965,44.31967197662035,,
67,Bese Hexe - Grawa Eisgarten,47.016,11.1937,15,N,15,1484.3887939453125,WI7- / M9+,,DGM_Tirol_5m_epsg31254_2006_2020,5,ok,4,25.33620154138216,6.052978515625,36.86989764584405,13.39595627784729,16.269393920898438,16.269393920898438,0.7570011372683995,0,1,0.1583512596336385,0.5186355808707237,0.05333455403645833,0.6598442721787604,0.00941650973012049,0,48.70783154150723,51.29216845849277,,
68,Besinnungsweg,47.0718,11.3267,315,NW,315,1586.33447265625,M8 / WI6,,DGM_Tirol_5m_epsg31254_2006_2020,5,ok,4,28.284271247461906,4.4990234375,315,12.004425525665283,16.626508712768555,16.626508712768555,1,0,1,0.1767766952966369,0.6176776695296637,0.14161936442057294,0.6665932102764202,0.0011966493135939,0,53.013768669564406,46.986231330435594,,
69,Bichelerstal Eisfall,47.078,11.2775,15,N,15,1341.0274658203125,WI3,,DGM_Tirol_5m_epsg31254_2006_2020,5,ok,42,397.9591696707858,312.18310546875,304.54836705601133,39.6421091897147,48.78366394042968,54.12102127075195,0.2172040784001259,0.9047619047619048,1,1,0.6583102027886217,0.413848634750124,0.5042775306080062,0.01863736603113393,0,60.857379508333054,39.142620491666946,,
70,Bierfahrerbeifahrer - Kuhkopf,47.4413578,11.4543422,15,N,15,1312.94384765625,75ø / M6 / 4+,,DGM_Tirol_5m_epsg31254_2006_2020,5,ok,41,374.6679385822222,308.83203125,30.068582821862435,49.73783441869224,67.40218098958333,76.33643341064453,0.8325713019793063,0.902439024390244,1,1,0.9037602281087956,0.8667676972179879,0.534316864244004,0.02679064012761038,0.04878048780487805,81.33885030030856,18.661149699691435,,
71,Big Brother is watching you - Freiwandspitze,47.037022,12.686294,15,N,15,2274.56298828125,50ø / WI5- / M4,,DGM_Tirol_5m_epsg31254_2006_2020,5,ok,45,432.8456798638262,345.837646484375,288.434948822922,50.08208177354601,67.23819732666016,76.07447052001953,0.03816609803246695,0.9555555555555556,1,1,0.6019331058796534,0.535094310619213,0.4701364589709164,0.05667741540560706,0,64.69910714402535,35.30089285597465,,
72,Black Denim - Ochsengarten,47.22065,10.89899,351,N,351,1277.7183837890625,M5 / WI5,,DGM_Tirol_5m_epsg31254_2006_2020,5,ok,23,214.4540405039008,233.5340576171875,355.9143832200251,45.802435501762055,58.298257191975914,71.26924133300781,0.945395741999721,0.782608695652174,1,1,0.9129409054955404,0.5768910283627717,0.5222308313198467,0.01363530035630084,0,68.74316105219488,31.25683894780512,,
73,Boandlkramer,47.364,12.2751,15,N,15,1712.6077880859375,M8 / WI6,,DGM_Tirol_5m_epsg31254_2006_2020,5,ok,4,28.284271247461906,8.302978515625,45,18.991220235824585,28.522613525390625,28.522613525390625,0.6666666666666667,0,1,0.1767766952966369,0.4843443361963304,0.265350341796875,0.5461219676234613,0,0,55.59381457144591,44.40618542855409,,
74,Bruad Henn,47.47237279,12.07189322,28,NO,28,762.3936767578125,WI5+,,DGM_Tirol_5m_epsg31254_2006_2020,5,ok,4,28.284271247461906,11.98199462890625,45,24.245473384857178,28.786375045776367,28.786375045776367,0.8111111111111111,0,1,0.1767766952966369,0.5421221139741081,0.4873568216959635,0.5194109519664867,0,0,64.91633077548052,35.08366922451948,,
75,CapiTalismuskritik - Burgschrofen Kraspestal,47.191304,11.064919,350,N,350,1999.491455078125,M5+,,DGM_Tirol_5m_epsg31254_2006_2020,5,ok,16,145,221.7109375,0,51.85456371307373,67.19571838378906,67.9515609741211,0.8888888888888888,0.75,1,0.90625,0.8711805555555554,0.5042292277018229,0.4731330553449583,0.01187522336840629,0.25,61.781137162837865,38.218862837162135,,
76,Catwalk - Hohe Warte,47.035614,11.612,2,N,2,2083.88232421875,85ø / M5 / WI4+,,DGM_Tirol_5m_epsg31254_2006_2020,5,ok,72,689.830950102742,504.4420166015625,350.69794528870125,49.837730672624375,66.01259740193686,72.77288055419922,0.8744216143189028,0.9166666666666666,1,1,0.9247686457275612,0.8464991251627604,0.5458660784689459,0.01864046112772215,0.01388888888888888,81.22741448260453,18.77258551739547,,
77,Clean isch tot,47.5182,10.6226,15,N,15,2052.579833984375,WI4 / M3,,DGM_Tirol_5m_epsg31254_2006_2020,5,ok,24,228.16154350742676,230.368896484375,0,43.655094385147095,60.46437517801921,69.87532806396484,0.8333333333333334,0.8333333333333334,1,1,0.8833333333333334,0.6821581522623698,0.5046797639447638,0.01749215910159465,0,72.96426776839384,27.03573223160616,,
78,Daily Dose of Luck - Pinnistal,47.07649,11.347103,15,N,15,2156.5419921875,WI5 / M4,,DGM_Tirol_5m_epsg31254_2006_2020,5,ok,57,522.4496523844856,392.560791015625,314.38394009160083,52.186030638845345,72.98213653564453,81.88445281982422,0.32648822324000926,0.9473684210526316,1,1,0.7148058156117932,0.8278630128380848,0.5487685419393517,0.02496505953774553,0.07017543859649122,79.7719935494778,20.2280064505222,,
79,Das 3. Leben - Groáglockner,47.0717,12.6921,159,S,159,3338.139892578125,M8,,DGM_Tirol_5m_epsg31254_2006_2020,5,ok,52,493.30588752517247,427.414306640625,200.05609473657543,56.37099027633667,68.44941101074218,80.48236083984375,0.5438211695936059,0.9423076923076924,1,1,0.80022077552975,0.837892581255008,0.4574185591944625,0.03908042729688951,0.07692307692307693,77.58979082116836,22.410209178831636,,
80,Das fnfte Element,47.3727,11.3587,323,NW,323,1198.8739013671875,WI6-,,DGM_Tirol_5m_epsg31254_2006_2020,5,ok,69,634.6890867319667,280.7010498046875,18.152705886651177,43.64188763715219,53.700470225016275,78.99286651611328,0.387192156814987,0.8840579710144928,1,1,0.7200942540303427,0.5873367383284269,0.5493852536858297,0.05274916549015268,0,69.1098012571219,30.8901987428781,,
81,Das letzte Einhorn,47.09244868,10.81863642,43,NO,43,1582.7879638671875,WI7- / M7,,DGM_Tirol_5m_epsg31254_2006_2020,5,ok,68,657.2022190750386,550.4219970703125,66.33685929180564,50.52852265975054,72.21141433715822,80.45448303222656,0.7407015634243819,0.8970588235294118,1,1,0.8653982724285761,0.5664313821231618,0.4956046081691353,0.00861417448008889,0.04411764705882353,67.26606743958065,32.73393256041935,,
82,Der Grawa-Gully (Botanikerkamin),47.0158,11.1943,15,N,15,1494.0543212890625,M5+ / WI4,,DGM_Tirol_5m_epsg31254_2006_2020,5,ok,3,20,6.242919921875,0,19.724525451660156,25.763687133789063,25.763687133789063,0.8333333333333334,0,1,0.125,0.5458333333333334,0.185333251953125,0.5868081880212282,0.02119624780284033,0,52.58627608236453,47.41372391763547,,
84,Der weiáe Hai - Innergschl”á,47.1276686,12.4607334,172,S,172,1759.0517578125,M8 / WI6-,,DGM_Tirol_5m_epsg31254_2006_2020,5,ok,41,390.32970553967135,312.300537109375,154.65382405805326,58.780225335097896,83.23507080078124,83.8232421875,0.8072647117561473,0.926829268292683,1,1,0.900954665190264,0.7534385619124746,0.5020335486985436,0.01985040596474295,0,76.05856588423009,23.94143411576991,,
85,Die Kohlebagger von Ltzerath - Maningkogel,47.19245827,10.96333822,15,N,15,2571.395263671875,50ø / M8,,DGM_Tirol_5m_epsg31254_2006_2020,5,ok,44,424.7214935159492,337.493896484375,54.246112745563266,53.1653525612571,69.66778132120768,71.92603302001953,0.5639320806048527,0.9545454545454546,1,1,0.8119364686055773,0.5116549405184659,0.2980058100375903,0.06677741863567269,0.04545454545454545,58.684523747011816,41.315476252988184,,
86,Die Linken Zwerge,47.0163,11.199,320,NW,320,1582.6104736328125,WI5,,DGM_Tirol_5m_epsg31254_2006_2020,5,ok,19,175.97020364513062,185.5579833984375,333.434948822922,51.52646426150673,69.28262837727866,72.69880676269531,0.8507227908564219,0.7894736842105263,1,1,0.8771312216057267,0.5031700803522479,0.4493893243631757,0.08870305715684305,0.05263157894736842,61.57700979232001,38.42299020767999,,
87,Die Uralte,47.45578459,11.98940992,141,SO,141,575.7071533203125,WI5-,,DGM_Tirol_5m_epsg31254_2006_2020,5,ok,31,294.9914498293569,270.04296875,132.2072976342867,42.47235518117105,63.58321380615236,67.3845443725586,0.90230330704763,0.7741935483870968,1,1,0.8931793873351811,0.6472474785261256,0.5254431368461224,0.01728372092318711,0.06451612903225806,71.27137924604239,28.728620753957617,,
88,D”rnr”schen - Kraspestal,47.191333,11.066194,350,N,350,2013.784423828125,M6+,,DGM_Tirol_5m_epsg31254_2006_2020,5,ok,43,395.1832231578063,316.8548583984375,331.14433878028353,48.02185094079306,64.49935658772787,73.64520263671875,0.7904926531142615,0.9302325581395348,1,1,0.895266828687565,0.5011892392653827,0.36750373646667056,0.05924740428639243,0.04651162790697674,60.091044813811365,39.908955186188635,,
89,Domenicus,47.1147,11.1405,15,N,15,1864.6529541015625,M8 / WI4+,,DGM_Tirol_5m_epsg31254_2006_2020,5,ok,39,364.56118951477697,319.22802734375,329.1842942482708,45.800222347944214,70.18527018229167,78.0079345703125,0.49093660275856466,0.8205128205128205,1,1,0.742528487257272,0.6398104154146634,0.5035848966269031,0.0572308441862846,0,70.23647422560674,29.76352577439326,,
90,Dopey - Grawa Eisgarten,47.0158,11.1931,360,N,360,1484.942138671875,WI7- / M6,,DGM_Tirol_5m_epsg31254_2006_2020,5,ok,3,20,2.7550048828125,0,7.765669186909993,10.210978507995604,10.210978507995604,1,0,1,0.125,0.6125,0.17471991644965276,0.7033105888299217,0.00825594696733686,0,55.28004202163568,44.71995797836432,,
91,Drachenfels Mixedwand Bergisel,47.246,11.40069,154,SO,154,675.517578125,M4 / M10,,DGM_Tirol_5m_epsg31254_2006_2020,5,ok,4,28.284271247461906,10.75897216796875,135,23.237351894378666,28.223783493041992,28.223783493041992,0.7888888888888889,0,1,0.1767766952966369,0.5332332250852192,0,0.3620007016797304,0.06257085440059502,0,37.79860045398136,62.20139954601864,,
92,Drecksau - Defreggental,46.9177334,12.4287316,359,N,359,1319.1656494140625,M6 / WI5,,DGM_Tirol_5m_epsg31254_2006_2020,5,ok,27,252.38193008569857,265.357177734375,355.33314162856095,43.040334701538086,67.34633890787761,73.59542083740234,0.9592571292062329,0.7777777777777778,1,1,0.9170361850158264,0.331573486328125,0.4182552394749195,0.01899082939151996,0.07407407407407407,54.25663054306747,45.74336945693253,,
93,Easy Afternoon - Lsens,47.1152757,11.1409144,264,W,264,1876.276123046875,WI4,,DGM_Tirol_5m_epsg31254_2006_2020,5,ok,25,230.15082604945349,220.5650634765625,279.92624550665164,47.11794616699219,69.12270914713544,75.76036834716797,0.8230417165927596,0.8,1,1,0.8692166866371037,0.6675313313802084,0.6072641297483958,0.03031326880057653,0.04,74.21424777980774,25.785752220192265,,
94,Easy Day,47.1149,11.1405,296,NW,296,1852.6484375,M8 / WI5-,,DGM_Tirol_5m_epsg31254_2006_2020,5,ok,30,283.7004117361156,307.14013671875,311.3785152958826,43.531748644510905,68.44349441528321,78.9840316772461,0.8291276078235266,0.7666666666666667,1,1,0.8616510431294105,0.5470279269748264,0.5282752819639892,0.02498816959559917,0.06666666666666667,66.65670870438828,33.34329129561172,,
95,Eibergfall,47.54338492,12.18181293,303,NW,303,742.0184326171875,WI3+ / WI5-,,DGM_Tirol_5m_epsg31254_2006_2020,5,ok,23,209.62387228562315,247.0589599609375,298.49563861824504,45.16526591259501,72.62269337972006,75.81066131591797,0.9499515402027228,0.782608695652174,1,1,0.9147632247767412,0.5432431870612545,0.47413989032335735,0.02918225856146951,0,65.715795504611,34.284204495389005,,
96,Eintagsfliege,47.10936,10.80075,5,N,5,1379.3665771484375,M7 / WI5,,DGM_Tirol_5m_epsg31254_2006_2020,5,ok,24,224.64190218371135,271.176025390625,3.900493742381911,43.54917176564535,70.93300984700521,76.8603744506836,0.9877832638042434,0.7916666666666666,1,1,0.9326133055216972,0.2840444776746962,0.4734541001073906,0.03477294922130466,0.125,52.67289501362,47.32710498638,,
97,Eisarena Brunnalm,46.885,12.3509,18,N,18,2042.144287109375,WI4,,DGM_Tirol_5m_epsg31254_2006_2020,5,ok,30,284.3887130190867,275.4444580078125,25.01689347810003,43.58724466959635,59.41536318461101,60.78678131103515,0.9220345169099996,0.8666666666666667,1,1,0.9288138067639998,0.546772935655382,0.4666259671294669,0.01637636823579669,0,65.94290391801293,34.05709608198707,,
98,Eisarena Umbaltal - Sektor Flying Dutchman,47.011,12.2867,131,SO,131,1739.729736328125,WI4+ / M9,,DGM_Tirol_5m_epsg31254_2006_2020,5,ok,4,28.284271247461906,15.5645751953125,135,28.19759321212769,30.717586517333984,30.717586517333984,0.9555555555555556,0,1,0.1767766952966369,0.5998998917518858,0.09781901041666669,0.5273721018645365,0.00575673145552476,0,47.47102338625292,52.52897661374708,,
99,Eisarena Umbaltal - Sektor Rockmaster,47.011,12.2867,131,SO,131,1739.729736328125,WI6- / M8+,,DGM_Tirol_5m_epsg31254_2006_2020,5,ok,4,28.284271247461906,15.5645751953125,135,28.19759321212769,30.717586517333984,30.717586517333984,0.9555555555555556,0,1,0.1767766952966369,0.5998998917518858,0.09781901041666669,0.5273721018645365,0.00575673145552476,0,47.47102338625292,52.52897661374708,,
102,Eiswelt Taschachschlucht Pitztal,46.9576729,10.869486,15,N,15,1712.40283203125,WI4 / M5,,DGM_Tirol_5m_epsg31254_2006_2020,5,ok,38,339.30953823011316,50.8419189453125,26.053495310490973,46.36212459363435,63.76127497355143,67.01517486572266,0.8771833854389892,0.8421052631578947,1,1,0.903504933122964,0.8853462620785362,0.8724986336656924,0.01822073072636205,0,91.2886330206492,8.711366979350814,,
103,Eremit - Amphitheater Pinnisalm,47.070523,11.327456,297,NW,297,1710.40966796875,M9- / WI7-,,DGM_Tirol_5m_epsg31254_2006_2020,5,ok,26,241.59409634478297,290.3800048828125,313.3153156821037,43.68750337453989,76.18324559529623,79.33677673339844,0.8187187146432924,0.7692307692307693,1,1,0.8582567166265477,0.4407943334334936,0.46998571985266185,0.03543676674748078,0,60.87665266587414,39.12334733412586,,
104,Ethik-G„rtner - Lsens,47.1139,11.1407,288,W,288,1971.5274658203125,M8 / WI6,,DGM_Tirol_5m_epsg31254_2006_2020,5,ok,10,87.76260841257616,192.0731201171875,302.73522627210764,51.70729351043701,81.07587916056315,83.76805877685547,0.8362752636432484,0.6,1,0.548516302578601,0.7693617357151594,0.6634918212890625,0.5306621447858881,0.04162002868639926,0,72.29128500392703,27.70871499607297,,
105,Fear Control - Schwarze Wand,46.9966175,11.3679942,15,N,15,1920.78173828125,M8 / WI6,,DGM_Tirol_5m_epsg31254_2006_2020,5,ok,4,28.284271247461906,8.529052734375,45,17.240150213241577,19.887975692749023,19.887975692749023,0.6666666666666667,0,1,0.1767766952966369,0.4843443361963304,0.1406071980794271,0.6872451900042309,0,0,53.50845366367999,46.49154633632001,,
106,Fear of the dark - Zw”lferkogel Nordwand,47.192544,11.002741,28,NO,28,2357.157470703125,60ø / M6+,,DGM_Tirol_5m_epsg31254_2006_2020,5,ok,42,396.1098776704989,316.80810546875,322.92692668268955,49.200086775280184,63.65995292663574,68.91343688964844,0.2769658520298839,0.9285714285714286,1,1,0.6893577693833821,0.570770748077877,0.4315635793531537,0.03880317452999334,0.0238095238095238,65.4596144186382,34.540385581361804,,
107,Fineilspitze Nordwand,46.7832,10.8326,15,N,15,3267.864013671875,50ø,,DGM_Tirol_5m_epsg31254_2006_2020,5,ok,3,20,6.72607421875,0,18.61237144470215,18.82148551940918,18.82148551940918,0.8333333333333334,0,1,0.125,0.5458333333333334,0.02349175347222222,0.4950720242608036,0.00117973046791222,0,43.41033490341185,56.58966509658815,,
108,Firndreieck - Groáer M”seler,46.9979,11.7806,15,N,15,3076.041015625,55ø / 2,,DGM_Tirol_5m_epsg31254_2006_2020,5,ok,3,20,9.89306640625,0,26.6913210550944,28.57512664794922,28.57512664794922,0.8333333333333334,0,1,0.125,0.5458333333333334,0.1536933051215278,0.4920394238059136,0,0,49.21718432561659,50.78281567438341,,
109,First Base,47.1253,12.0079,294,NW,294,1354.4703369140625,WI6-,,DGM_Tirol_5m_epsg31254_2006_2020,5,ok,6,50,34.8829345703125,270,33.56500212351481,37.486026763916016,37.486026763916016,0.7333333333333334,0.3333333333333333,1,0.3125,0.6245833333333334,0.5265435112847222,0.4747283295425827,0.01134149492200877,0,65.33583634793689,34.66416365206311,,
111,Friends of moss - Zw”lferkogel Nordwand,47.192898,11.009772,15,N,15,2614.4580078125,60ø / M5+,,DGM_Tirol_5m_epsg31254_2006_2020,5,ok,66,626.4084985838603,552.572021484375,330.25511870305775,48.06446719892097,63.06132596333822,73.17547607421875,0.5028346522561972,0.9242424242424242,1,1,0.7784065881752061,0.601226806640625,0.42577979143416234,0.06092083064669913,0.06060606060606061,65.8752238656876,34.1247761343124,,
113,Frostk”nig - Kraspestal Burgschrofen,47.1912727,11.0653567,354,N,354,2015.8546142578125,M5+,,DGM_Tirol_5m_epsg31254_2006_2020,5,ok,18,160.43300860220086,214.6590576171875,354.47245984834376,48.767067697313095,69.66352462768556,71.45906066894531,0.9947504461295138,0.7222222222222222,1,1,0.9145668451184722,0.5139623571325231,0.5214509135109278,0.01107904246007954,0.05555555555555555,65.38744250397959,34.612557496020415,,
114,Gaia - Seebenw„nde,47.3745,10.9419,357,N,357,1443.10302734375,M12 / WI6+,,DGM_Tirol_5m_epsg31254_2006_2020,5,ok,13,115,194.3809814453125,0,43.84295089428242,82.61502838134766,85.68012237548828,0.9666666666666668,0.6923076923076923,1,0.71875,0.8662339743589743,0.4189507900140224,0.6562080830465971,0.06920963813526891,0.07692307692307693,63.10456409485979,36.89543590514021,,
115,Gaisalmfall - Achensee,47.4779,11.7008,134,SO,134,974.8896484375,WI4+,,DGM_Tirol_5m_epsg31254_2006_2020,5,ok,23,215.99124385175983,227.45196533203125,134.06080905426444,42.9627583094913,65.52767181396484,80.478607177734375,0.9993243438415064,0.6956521739130435,1,1,0.9084253897105156,0.6395330014436141,0.5327433487788145,0.0313901812971934,0.04347826086956521,71.03498254979348,28.965017450206517,,
116,Gamsleichfall,47.2226,10.9883,15,N,15,1863.6619873046875,WI5- / M3+,,DGM_Tirol_5m_epsg31254_2006_2020,5,ok,13,110.32835331178828,114.2340087890625,58.57043438516149,43.62478843102088,60.583770751953125,62.42510223388672,0.5158840623870946,0.6153846153846154,1,0.6895522081986767,0.6599242303900902,0.3151683318309295,0.4755376708506381,0.02387483179187163,0,55.59352006782034,44.40647993217966,,
117,Ganot Nordwandrinne,46.962523,12.707483,15,N,15,2503.982177734375,M4 / WI4,,DGM_Tirol_5m_epsg31254_2006_2020,5,ok,45,427.8872310265149,338.992431640625,335.2825590889166,56.737770080566406,73.16286112467448,73.67610931396484,0.5586951009879626,0.9555555555555556,1,1,0.8101447070618516,0.8312807436342593,0.4885176776769533,0.01193968210093401,0,79.38178176344682,20.618218236553176,,
118,Gelber Fluss - Kaunertal,46.9684276,10.7435852,264,W,264,1694.2205810546875,WI5,,DGM_Tirol_5m_epsg31254_2006_2020,5,ok,15,140,246.218994140625,270,54.95709393819173,70.65348358154296,72.31073760986328,0.9333333333333332,0.7333333333333333,1,0.875,0.8808333333333332,0.5276163736979167,0.4900176901693202,0.0327553070253796,0.13333333333333333,64.00473959679833,35.99526040320167,,
119,Gernkopf Eisf„lle,47.59382102,12.47591972,15,N,15,684.3060302734375,WI4,,DGM_Tirol_5m_epsg31254_2006_2020,5,ok,20,180.71069426487128,93.177978515625,92.60256220249984,35.74869432449341,43.48829765319825,46.185176849365234,0.13774930886111303,0.7,1,1,0.5650997235444453,0.4055992126464843,0.503760955205608,0.00721740017955501,0,60.70164044564089,39.29835955435911,,
120,Gorillas im Nebel - Patsch Sd,46.9235225,12.2490558,15,N,15,1959.0556640625,M7 / WI5,,DGM_Tirol_5m_epsg31254_2006_2020,5,ok,63,598.6705385029802,486.8074951171875,4.028263666485145,50.51060558500744,72.01456451416016,78.28050994873047,0.8780918185165016,0.873015873015873,1,1,0.9131414893113626,0.7907737449363426,0.5481261280768585,0.02653422235898062,0.04761904761904761,78.28109680068678,21.718903199313218,,
123,Groáer L”ffler Nordostwand,47.0356,11.9186,19,N,19,2851.431884765625,55ø / 3+,,DGM_Tirol_5m_epsg31254_2006_2020,5,ok,43,400.5779932314241,343.845947265625,3.301865674435021,52.37996114686478,64.397613525390625,67.48930358886719,0.8255762852715003,0.9302325581395348,1,1,0.9093002815504606,0.5405912177507267,0.5186467585163206,0.01931988756540556,0,66.9063760103826,33.0936239896174,,
124,Groáglockner Sdostgrat,47.070033,12.697109,15,N,15,3251.288330078125,60ø / M5,,DGM_Tirol_5m_epsg31254_2006_2020,5,ok,40,375.3608701982771,266.34619140625,338.0394359799036,44.07944483757019,62.06344108581543,65.12931060791016,0.5893270664433734,0.725,1,1,0.7532308265773494,0.6517354329427083,0.4592946314312442,0.0208419586919869,0,70.39362109436324,29.60637890563676,,
125,Groávenediger SW - Wand,47.1065,12.3425,15,N,15,3340.05322265625,45ø,,DGM_Tirol_5m_epsg31254_2006_2020,5,ok,6,42.42640687119285,23.127197265625,45,27.301676750183105,35.4122428894043,35.4122428894043,0.6666666666666667,0.16666666666666666,1,0.26516504294495535,0.5431831709611623,0.202362060546875,0.5299795956174461,0.0010198899027374,0,52.33538481699078,47.66461518300922,,
127,Gruá in den Himmel - Schwarze Wand Nordostwand,47.104918,12.372436,43,NO,43,3213.459716796875,85ø / M4 / WI3,,DGM_Tirol_5m_epsg31254_2006_2020,5,ok,33,310.1450962816303,328.604736328125,50.572197803963775,48.38368872440223,63.86090596516926,76.404510498046875,0.915864468844847,0.8484848484848485,1,1,0.9208912420833932,0.6895277235243056,0.36431794875031526,0.02700863878308522,0.0303030303030303,69.29349319865963,30.706506801340367,,
128,Gully - Lsens,47.1149029,11.1408768,295,NW,295,1881.883544921875,WI4,,DGM_Tirol_5m_epsg31254_2006_2020,5,ok,31,295.07193630235275,310.365966796875,307.26640190097714,43.58701478281328,65.93915125528973,77.804931640625,0.8637066455446984,0.7741935483870968,1,1,0.8777407227340083,0.6222501365087365,0.5300298693454644,0.01398242426215,0.03225806451612903,70.64977374612546,29.35022625387454,,
129,Gully,47.0719,11.3267,320,NW,320,1581.392822265625,WI5,,DGM_Tirol_5m_epsg31254_2006_2020,5,ok,3,20,3.27001953125,0,9.74900722503662,16.58920669555664,16.58920669555664,0.5555555555555556,0,1,0.125,0.4347222222222223,0.22289021809895831,0.7116502400808693,0.00186025351285934,0,57.784110746217664,42.215889253782336,,
130,Habicht Nordostwand,47.04956227,11.28617764,15,N,15,2723.382080078125,45ø,,DGM_Tirol_5m_epsg31254_2006_2020,5,ok,3,20,10.8759765625,0,28.735363642374676,29.54527282714844,29.54527282714844,0.8333333333333334,0,1,0.125,0.5458333333333334,0.21325005425347224,0.5595147839272175,0.00164267462160852,0,53.55126854715452,46.44873145284548,,
131,H„ngende G„rten - Lsens,47.1139,11.1407,288,W,288,1971.5274658203125,WI6,,DGM_Tirol_5m_epsg31254_2006_2020,5,ok,10,87.76260841257616,192.0731201171875,302.73522627210764,51.70729351043701,81.07587916056315,83.76805877685547,0.8362752636432484,0.6,1,0.548516302578601,0.7693617357151594,0.6634918212890625,0.5306621447858881,0.04162002868639926,0,72.29128500392703,27.70871499607297,,
132,Hallensteinfall,47.0527,11.4858,15,N,15,1142.6298828125,WI5-,,DGM_Tirol_5m_epsg31254_2006_2020,5,ok,8,67.77687553161022,33.5030517578125,33.69006752597977,39.8842453956604,69.03548304239908,69.09417724609375,0.7923325830446692,0.5,1,0.4236054720725638,0.7092935804251241,0.61541748046875,0.6841650454832545,0.01615810378765066,0,74.4747506824221,25.525249317577902,,
133,Harvest & Phreak,47.1125211,10.80486059,195,S,195,1215.3729248046875,M7+ / M8-,,DGM_Tirol_5m_epsg31254_2006_2020,5,ok,11,98.2654893540852,97.7049560546875,186.00900595749457,37.06410373340953,64.20441284179688,64.3274917602539,0.9001000661943838,0.5454545454545454,1,0.6141593084630325,0.7850923209604205,0.2885353781960227,0.6150063530485581,0.01960654212444117,0.09090909090909093,57.058029093455254,42.941970906544746,,
134,Hauserrinne,47.53831855,12.6242137,15,N,15,1870.0107421875,50ø / 2,,DGM_Tirol_5m_epsg31254_2006_2020,5,ok,73,690.0106103777231,511.416015625,294.8205413354891,50.74484668365896,67.49142710367839,77.24609375,0.109117125949879,0.9041095890410958,1,1,0.6148797270922803,0.8084988528735018,0.5342549909756903,0.04255751750036462,0.0273972602739726,78.61370020095282,21.38629979904718,,
136,Himmelsleiter,46.9941,11.7775,345,N,345,3222.38720703125,55ø,,DGM_Tirol_5m_epsg31254_2006_2020,5,ok,14,125,108.26806640625,0,40.09596593039377,51.53633715311686,55.40263366699219,0.8333333333333334,0.7142857142857143,1,0.78125,0.8257440476190476,0.6122160412016369,0.4773096501678762,0.00938163236493156,0,69.29483046097194,30.705169539028063,,
137,Hintere Schw„rze Nordwand,46.7750174,10.91099,308,NW,308,3308.4248046875,50ø,,DGM_Tirol_5m_epsg31254_2006_2020,5,ok,4,28.284271247461906,16.5751953125,315,30.49203872680664,33.13750076293945,33.13750076293945,0.9222222222222224,0,1,0.1767766952966369,0.5865665584185527,0.24367268880208337,0.5169519873218337,4.6390958596020937e-4,0,53.87979248742039,46.12020751257961,,
138,Hinterer Spiegelkogel Nordflanke,46.8321,10.9588,15,N,15,3163.140869140625,40ø,,DGM_Tirol_5m_epsg31254_2006_2020,5,ok,43,412.1923462255224,283.213134765625,359.225779835072,43.73125524299089,53.91052373250325,58.656288146972656,0.8247308870563554,0.9302325581395348,1,1,0.9089621222644024,0.4425242815830911,0.37466118988568586,0.02442908431349192,0,58.791540732111415,41.208459267888585,,
139,Hochfeiler Nordwand,46.9742,11.7297,15,N,15,3172.78173828125,50ø,,DGM_Tirol_5m_epsg31254_2006_2020,5,ok,80,772.0070652044134,216.094970703125,92.64254529406467,30.18245871067047,51.91477953592937,65.88026428222656,0.13730505228817014,0.45,1,1,0.489922020915268,0.531994120279948,0.5071515448011831,0.0074450210648744,0,66.46962361132974,33.53037638867026,,
141,Hohe Kirche Nordverschneidung,47.034775,11.609877,24,NO,24,2206.287353515625,M6 / 6+/7-,,DGM_Tirol_5m_epsg31254_2006_2020,5,ok,60,574.1635316563264,447.69921875,3.270487923183566,58.995459683736165,83.67777887980142,86.20368194580078,0.7696720880353729,0.8833333333333333,1,1,0.872868835214149,0.7848168267144097,0.6038666697498962,0.02577516533848312,0.01666666666666666,79.7312539724595,20.2687460275405,,
142,Hoher First Nordwestflanke,46.8295,11.0706,300,NW,300,2847.675048828125,40ø / 1-,,DGM_Tirol_5m_epsg31254_2006_2020,5,ok,3,20,8.440185546875,270,22.401265462239586,24.408004760742188,24.408004760742188,0.6666666666666667,0,1,0.125,0.47916666666666674,0.3635118272569445,0.6027293404094011,0,0,61.42626573679754,38.57373426320246,,
143,Homozack,47.083,12.5253,81,O,81,1397.98046875,M8 / WI5,,DGM_Tirol_5m_epsg31254_2006_2020,5,ok,47,450.4466344239283,351.5557861328125,106.0490047925332,46.621244308796335,62.18789494832356,70.20279693603516,0.7216777245274089,0.9148936170212766,1,1,0.8631391749173466,0.5700819948886303,0.4854561986713934,0.02844944110153414,0,67.22110591474252,32.77889408525748,,
144,Hookuspokus - Kraspestal,47.191333,11.066194,350,N,350,2013.784423828125,M7-,,DGM_Tirol_5m_epsg31254_2006_2020,5,ok,43,395.1832231578063,316.8548583984375,331.14433878028353,48.02185094079306,64.49935658772787,73.64520263671875,0.7904926531142615,0.9302325581395348,1,1,0.895266828687565,0.5011892392653827,0.36750373646667056,0.05924740428639243,0.04651162790697674,60.091044813811365,39.908955186188635,,
145,Ice patrol - Stinkerf„lle,47.451874,10.899612,15,N,15,1329.463134765625,M8,,DGM_Tirol_5m_epsg31254_2006_2020,5,ok,38,357.2509658639461,282.6280517578125,45,42.34747204027678,55.11461893717448,77.93414306640625,0.6666666666666667,0.868421052631579,1,1,0.8271929824561403,0.6159764340049342,0.5812370392391963,0.02755388557878241,0,71.6987877996263,28.301212200373698,,
146,Iceman - Pinnistal,47.07,11.3266,295,NW,295,1671.2239990234375,M8 / WI5,,DGM_Tirol_5m_epsg31254_2006_2020,5,ok,25,234.748553082058,286.58203125,305.83765295427827,44.883797836303714,69.6302474975586,81.79547119140625,0.8795816338413526,0.68,1,1,0.8558326535365409,0.6300557454427084,0.5337253741608642,0.04335909775147835,0,70.82846094391392,29.171539056086075,,
147,Innenbanane - Groáglockner,47.070089,12.69519,225,SW,225,3219.220947265625,M5 / WI4,,DGM_Tirol_5m_epsg31254_2006_2020,5,ok,44,425.0771963660047,292.922119140625,215.8033441083711,46.98010518334129,60.48805465698243,72.32374572753906,0.8978149345374568,0.9318181818181818,1,1,0.9386714283604372,0.7386789032907197,0.4567080085471105,0.0440266800278826,0.04545454545454545,73.32317180665704,26.676828193342956,,
148,Institutionalized 2023 - Axamer Lizum,47.1824321,11.2931482,347,N,347,1961.6343994140625,M8- / 6-,,DGM_Tirol_5m_epsg31254_2006_2020,5,ok,3,20,8.3839111328125,0,24.477654774983723,31.891338348388672,31.891338348388672,0.8555555555555556,0,1,0.125,0.5547222222222222,0.3695814344618055,0.6909274703057873,0,0,63.90435130842592,36.09564869157408,,
150,King Kong,47.1189,10.4713,26,NO,26,1146.672119140625,M7 / WI6,,DGM_Tirol_5m_epsg31254_2006_2020,5,ok,33,312.92138203500525,355.1810302734375,36.86989764584405,43.554838411735766,69.63647969563802,76.67115783691406,0.8792233594906217,0.8484848484848485,1,1,0.9062347983417032,0.5465035486702967,0.521920810292757,0.01169890989878713,0.06060606060606061,66.80064114344594,33.199358856554056,,
151,Kitzm”rderfall,47.09875929,10.8103323,53,NO,53,1569.43505859375,WI5,,DGM_Tirol_5m_epsg31254_2006_2020,5,ok,20,186.43035318122276,121.139892578125,65.69545073406329,38.40360479354858,50.65658505757649,54.01374435424805,0.8589394362881857,0.7,1,1,0.8535757745152742,0.7634323120117188,0.6125161479529467,0.00620130598545074,0,79.543331619642,20.456668380357996,,
152,Klettergarten Gully - Oberried,47.07652,10.94865,15,N,15,1207.607666015625,WI3,,DGM_Tirol_5m_epsg31254_2006_2020,5,ok,16,148.492424049175,117.6671142578125,45,37.88270702958107,54.44451255798341,56.204498291015625,0.6666666666666667,0.6875,1,0.9280776503073436,0.7657244316974011,0.35486920674641925,0.5237915737226402,0.0140587398976398,0,58.78272884870207,41.21727115129793,,
153,Salto Kamin- Laserz Nordwand,46.776166,12.81022,15,N,15,1883.644775390625,M6+ / WI5+,,DGM_Tirol_5m_epsg31254_2006_2020,5,ok,18,159.83288553719993,274.135009765625,348.69006752597977,47.36292436387804,73.26675287882487,80.6242446899414,0.7076674169553308,0.6666666666666666,1,0.9989555346074996,0.7829625202428823,0.5470247621889468,0.5119431710564447,0.02981657596925894,0.05555555555555555,66.262806499973,33.737193500027004,,
154,Kraftwerksfall,47.10711385,11.13799095,274,W,274,1956.93994140625,WI3,,DGM_Tirol_5m_epsg31254_2006_2020,5,ok,20,187.40788386377463,237.9700927734375,266.9059419410829,51.31382064819336,70.74678904215496,73.19786834716797,0.921177132678699,0.75,1,1,0.8934708530714796,0.7757100423177083,0.5417412446261726,0.0427362226570646,0.05,77.0957585668099,22.904241433190094,,
155,Kronleuchter,47.1189,10.4713,15,N,15,1146.672119140625,WI6+ / M5+,,DGM_Tirol_5m_epsg31254_2006_2020,5,ok,56,537.5483748235382,432.385986328125,47.960936134163774,44.94103785923549,60.928598658243814,76.26741790771484,0.6337673762870693,0.9464285714285714,1,1,0.837435521943399,0.6935605548676991,0.5251692243075979,0.00754952560722207,0.01785714285714285,74.00989363602054,25.990106363979464,,
156,Khtaibacherl - Eisfall,47.2213,10.9276,15,N,15,1524.2620849609375,WI3,,DGM_Tirol_5m_epsg31254_2006_2020,5,ok,28,270,237.010009765625,0,40.628807817186626,49.14777755737305,64.86817169189453,0.8333333333333334,0.8214285714285714,1,1,0.8797619047619049,0.39906056722005206,0.5338459872197552,0.00736996491295507,0.03571428571428571,60.79933304999427,39.20066695000573,,
157,L„mperJack - Laserz Nordwand L„mperschoá,46.776166,12.81022,359,N,359,1883.644775390625,WI4 / M4,,DGM_Tirol_5m_epsg31254_2006_2020,5,ok,18,159.83288553719993,274.135009765625,348.69006752597977,47.36292436387804,73.26675287882487,80.6242446899414,0.8854451947331086,0.6666666666666666,1,0.9989555346074996,0.8540736313539934,0.5470247621889468,0.5119431710564447,0.02981657596925894,0.05555555555555555,66.262806499973,33.737193500027004,,
158,Last Exit 4146 - Muttenkopf,47.01886327,11.36547232,15,N,15,2237.259521484375,50ø / M7 / WI4,,DGM_Tirol_5m_epsg31254_2006_2020,5,ok,12,105,106.27197265625,0,44.45833937327067,60.419320042928064,62.07569122314453,0.8333333333333334,0.6666666666666666,1,0.65625,0.7989583333333334,0.5905507405598959,0.5348117260550922,0.02353380920572413,0,69.47440029245814,30.525599707541858,,
159,Lasur d`amour - Pinnistal,47.0705,11.3271,15,N,15,1681.100341796875,M6+ / WI5,,DGM_Tirol_5m_epsg31254_2006_2020,5,ok,8,62.25983761735313,95.8350830078125,355.2363583092738,45.00886869430542,77.16730181376137,79.93147277832031,0.7804039812141531,0.5,1,0.389123985108457,0.7010739909965069,0.8575299580891927,0.4545574428137378,0.07520009786821902,0,78.44878222699273,21.551217773007263,,
160,Lavantner Kolmfall,46.778059,12.847744,15,N,15,1521.7384033203125,WI4,,DGM_Tirol_5m_epsg31254_2006_2020,5,ok,61,587.6115080573563,474.60400390625,38.75808565258495,49.002394222822346,62.08577448527018,73.14374542236328,0.7360212705268339,0.9508196721311476,1,1,0.8796544098500777,0.6719939018207821,0.463065685642279,0.04759424563867544,0.01639344262295082,70.70054838398914,29.299451616010856,,
161,Lawinenexpress - Pitztal,47.023063,10.861877,43,NO,43,1590.2076416015625,M7-,,DGM_Tirol_5m_epsg31254_2006_2020,5,ok,60,582.5264808671009,413.4549560546875,48.239700296102114,50.988831996917725,72.97389322916666,79.75120544433594,0.9417811078210876,0.95,1,1,0.9617124431284352,0.8680063883463541,0.49827204711324447,0.04447958903927226,0,80.6274968726316,19.372503127368404,,
162,Limited in Freedom - Sagwand,47.029066,11.627809,15,N,15,2450.248779296875,WI6 / M6,,DGM_Tirol_5m_epsg31254_2006_2020,5,ok,36,339.9446621754843,360.2587890625,352.61395684873276,51.14859104156494,66.44265772501626,74.0430908203125,0.7512661872081418,0.9166666666666666,1,1,0.8755064748832567,0.5815022786458334,0.5073709156482809,0.03220036207413715,0.05555555555555555,67.65231263323123,32.34768736676877,,
163,Linker K”pflalmfall,47.1368,11.9943,268,W,268,1192.305908203125,WI4-,,DGM_Tirol_5m_epsg31254_2006_2020,5,ok,11,93.56652117922556,25.341064453125,234.46232220802565,35.48818172108043,45.957305399576825,47.17390823364258,0.6273591356447292,0.5454545454545454,1,0.5847907573701598,0.6730590936312713,0.6779008345170454,0.6672228429445062,0.0082673096295559,0,77.02076243428859,22.979237565711415,,
164,Linker Kraftwerksfall,47.1078733,11.13876343,219,SW,219,2031.9359130859375,WI5+,,DGM_Tirol_5m_epsg31254_2006_2020,5,ok,57,549.8064493419121,435.784912109375,257.2287574350985,47.86477008618807,60.80309600830078,64.74674224853516,0.5752360284989058,0.9298245614035088,1,1,0.809041779820615,0.6550946152001097,0.45379526235097567,0.0467958754222644,0.03508771929824561,69.53734454135159,30.462655458648413,,
165,Linker Westwandfall - Kleiner Magner,47.11124,12.03935,26,NO,26,1801.0860595703125,WI5,,DGM_Tirol_5m_epsg31254_2006_2020,5,ok,34,323.3871820369467,229.98193359375,50.19442890773479,45.442683276008154,67.8143180847168,69.8084945678711,0.73117301213628,0.8529411764705882,1,1,0.8483515577956885,0.7848872764437806,0.5366404975531802,0.02638839313294738,0,78.2081720161407,21.791827983859307,,
166,Linker Zwingenfall,47.1045,11.1364,301,NW,301,2053.0478515625,WI5,,DGM_Tirol_5m_epsg31254_2006_2020,5,ok,25,237.4552993535159,235.591064453125,311.5317707410828,42.0123030090332,64.32140375773113,71.77552032470703,0.8829803250990798,0.8,1,1,0.8931921300396318,0.4314632161458334,0.5166286252574384,0.04428830195218324,0.12,60.24579431895479,39.75420568104521,,
167,Little Joys For Bigger Happiness,47.04916,11.65013,322,NW,322,3047.123779296875,WI3 / M5,,DGM_Tirol_5m_epsg31254_2006_2020,5,ok,41,391.8030218195958,292.14501953125,345.579226872489,54.84841388609351,64.9329849243164,69.47562408447266,0.7380085903056777,0.951219512195122,1,1,0.8805692897808076,0.6811389457888719,0.4064565900625516,0.03744972725323121,0.02439024390243902,69.81977032797401,30.180229672025987,,
168,Lost in Pollywood - Ralfkopf,46.961264,12.711184,357,N,357,2513.5419921875,M5+ / WI4,,DGM_Tirol_5m_epsg31254_2006_2020,5,ok,45,433.1234688299522,341.015625,334.23067237566124,60.651400629679365,72.7425048828125,73.88727569580078,0.7470074708406804,0.9555555555555556,1,1,0.8854696550029387,0.8571415653935185,0.5273729224665529,0.0361239332291815,0,81.03321483978851,18.966785160211487,,
169,Lsener Fernerkogel Nordwand,47.1002,11.1135,339,N,339,2845.937744140625,WI4+ / M6,,DGM_Tirol_5m_epsg31254_2006_2020,5,ok,68,657.1921412817741,517.8359375,358.47923033885627,49.59362596624038,62.44144248962403,70.18089294433594,0.7835641073460414,0.9264705882352942,1,1,0.8913668194090049,0.6138721540862438,0.5197612596925416,0.01663158565362191,0.0588235294117647,69.69741141900442,30.302588580995575,,
170,Luibisbodenfall - Eisprinzessinen Pitztal,47.048409,10.864032,247,SW,247,1437.6319580078125,WI4+,,DGM_Tirol_5m_epsg31254_2006_2020,5,ok,43,411.5332743683189,313.989013671875,269.15747573925955,40.997135517209074,54.4232635498047,66.38482666015625,0.7538058251193382,0.9302325581395348,1,1,0.8805920974895957,0.4863903430081153,0.5067317867901039,0.01256714736710685,0,64.30451715777565,35.69548284222435,,
171,Mac Mapi - Krinnenspitze,47.47563613,10.58586359,359,N,359,1807.6474609375,55ø / 5,,DGM_Tirol_5m_epsg31254_2006_2020,5,ok,45,427.21250981291365,245.757080078125,12.264773727892418,44.18006677097745,55.522029113769534,70.62578582763672,0.8526136252456398,0.8666666666666667,1,1,0.901045450098256,0.5062773527922454,0.3326078227677799,0.04093217844902365,0.04444444444444444,59.83458843142062,40.16541156857938,,
172,M„nner im Rcken,47.0718,11.3267,315,NW,315,1586.33447265625,M8 / WI5,,DGM_Tirol_5m_epsg31254_2006_2020,5,ok,4,28.284271247461906,4.4990234375,315,12.004425525665283,16.626508712768555,16.626508712768555,1,0,1,0.1767766952966369,0.6176776695296637,0.14161936442057294,0.6665932102764202,0.0011966493135939,0,53.013768669564406,46.986231330435594,,
173,M„nner mit Moral - Pinnisalm,47.07412,11.33196,15,N,15,1662.950439453125,M8 / WI6,,DGM_Tirol_5m_epsg31254_2006_2020,5,ok,14,120.9111880249424,200.5550537109375,335.77225468204585,44.93875026702881,76.121500396728507,79.4523696899414,0.5641361631338428,0.6428571428571429,1,0.75569492515589,0.694081100626269,0.6437152680896577,0.5209942638293635,0.06109596995104636,0.07142857142857142,70.05583854646204,29.94416145353796,,
174,Marchlehnfall,46.97691444,10.87543488,232,SW,232,1851.0616455078125,WI5-,,DGM_Tirol_5m_epsg31254_2006_2020,5,ok,46,438.3323775580278,334.384033203125,241.64503821467588,48.27879275446353,59.691763941446936,63.772159576416016,0.8928329087258235,0.9347826086956522,1,1,0.937567946099025,0.8232813296110734,0.5151712055210845,0.01298061926154068,0,79.6673275852946,20.3326724147054,,
175,Mariafall - Achensee,47.4558,11.698,15,N,15,1066.5980224609375,WI5+,,DGM_Tirol_5m_epsg31254_2006_2020,5,ok,44,414.6772659536939,255.29296875,62.700427788667184,42.48026266964999,54.20142033894857,74.47090148925781,0.46999524679258686,0.8409090909090909,1,1,0.740270825989762,0.6423245054302793,0.6060210302957536,0.02337602634956552,0,73.5876079747651,26.412392025234897,,
176,Mc Drive Eisfall,47.3781,11.8305,15,N,15,727.20135498046875,WI4-,,DGM_Tirol_5m_epsg31254_2006_2020,5,ok,20,182.94643484078028,205.0679931640625,41.63353933657021,44.8271764755249,63.46752459208171,69.986480712890625,0.70407178514922,0.75,1,1,0.8066287140596878,0.7113751729329427,0.5503301684243471,0.00592410479827473,0,75.65165489662562,24.348345103374385,,
177,Mitterndorfer Eisfall Kufstein,47.5765,12.1801,15,N,15,605.83050537109375,WI2,,DGM_Tirol_5m_epsg31254_2006_2020,5,ok,7,53.62047278884356,26.27099609375,41.18592516570965,22.907870973859513,39.24665756225586,39.34256362915039,0.7090452759365595,0.2857142857142857,1,0.33512795493027225,0.6028451915819367,0.3792986188616071,0.6728447618273073,0.01025141374252381,0,63.68452861960453,36.31547138039547,,
178,Moonwalk - Hohe Warte,47.0362,11.616,351,N,351,1969.522216796875,WI6 / M7,,DGM_Tirol_5m_epsg31254_2006_2020,5,ok,41,393.86515515096374,309.0511474609375,18.778033222445515,54.92949071744593,72.55156606038412,77.67698669433594,0.691355186417272,0.926829268292683,1,1,0.8545908550547138,0.75576881470719,0.4727199720685928,0.04781078242855828,0.02439024390243902,74.62747787594282,25.372522124057184,,
179,Multiple joys,47.09244868,10.81863642,15,N,15,1582.7879638671875,M7 / WI6+,,DGM_Tirol_5m_epsg31254_2006_2020,5,ok,68,651.1435118127538,548.824951171875,53.64280258000451,46.37559635498945,67.52660751342773,77.635955810546875,0.5706355268888388,0.8676470588235294,1,1,0.7885483284025944,0.5116508334290748,0.4958695892000784,0.02338581066493027,0.01470588235294117,64.80625219748231,35.19374780251769,,
180,Mutmalspitze Nordwand,46.7921,10.9162,321,NW,321,3166.982177734375,45ø,,DGM_Tirol_5m_epsg31254_2006_2020,5,ok,46,439.0526545249257,335.197021484375,331.2201936956028,44.60064709704855,52.16725476582845,56.82698822021485,0.88644229227108,0.9565217391304348,1,1,0.9415334386475624,0.8520715685858242,0.6021365519619616,0.00599504548691861,0,83.27673347567276,16.723266524327244,,
181,Nameless - Neurur,47.0260029,10.8609432,108,O,108,1636.9427490234375,WI5+ / WI5+,,DGM_Tirol_5m_epsg31254_2006_2020,5,ok,50,478.33173638046975,380.22802734375,73.30075576600638,42.34567111968994,51.28266766866048,60.58224868774414,0.6144528418445152,0.86,1,1,0.8037811367378062,0.37403483072916666,0.49432214929453255,0.04217147031798959,0.02,58.14619170881602,41.85380829118398,,
182,Irzweg - Irzw„nde,47.2322424,11.0146259,15,N,15,2530.014892578125,M3+ / WI4,,DGM_Tirol_5m_epsg31254_2006_2020,5,ok,25,219.44584164677804,217.347900390625,42.70938995736145,45.63795852661133,60.45139516194662,63.37804412841797,0.6921178893626505,0.84,1,1,0.8288471557450602,0.5564119466145834,0.4604988410816748,0.04665461812168359,0,65.61791626226446,34.38208373773554,,
183,Notwegfall,46.93893885,10.8984375,289,W,289,2159.705810546875,WI4,,DGM_Tirol_5m_epsg31254_2006_2020,5,ok,19,170.6301849089464,138.681884765625,353.157226587369,41.38101075824938,56.31785837809245,57.30778503417969,0.2871419268070111,0.7894736842105263,1,1,0.6516988759859623,0.4505529570997807,0.5516413545577421,0.04043332155663193,0,63.25725050230104,36.74274949769896,,
184,Oberer Grawa Eisfall Stubaital,47.010992,11.186804,15,N,15,1620.667236328125,WI3 / WI6,,DGM_Tirol_5m_epsg31254_2006_2020,5,ok,3,20,12.7440185546875,0,33.0978889465332,33.64521789550781,33.64521789550781,0.8333333333333334,0,1,0.125,0.5458333333333334,0.18849690755208331,0.5779631033611322,0.00488309516286891,0,52.83377652061467,47.16622347938533,,
185,Obstanser Wasserfall - Obstanser Eisfall,46.6981105,12.4920904,43,NO,43,1610.6572265625,WI4- / WI4+,,DGM_Tirol_5m_epsg31254_2006_2020,5,ok,18,162.63455967290594,220.725341796875,45,47.32760270436605,63.64332326253256,71.437347412109375,0.9777777777777776,0.6666666666666666,1,1,0.8911111111111111,0.4789321334273727,0.5404760938765522,0.03037810636063416,0.1111111111111111,63.345175112821785,36.654824887178215,,
186,Eispark Osttirol,47.1262,12.4787,15,N,15,1540.252685546875,WI5 / WI3+,,DGM_Tirol_5m_epsg31254_2006_2020,5,ok,41,393.1444975391188,299.1539306640625,57.52880770915152,49.13396645755303,74.26389923095704,75.73063659667969,0.5274576921205387,0.951219512195122,1,1,0.796348930506752,0.6862912061737805,0.5147697196618736,0.01815605346810042,0.02439024390243902,73.14532376098056,26.85467623901944,,
187,Ostwand Couloir - Lsener Fernerkogel,47.10121,11.12906,15,N,15,2260.234375,55ø / M4,,DGM_Tirol_5m_epsg31254_2006_2020,5,ok,46,437.79653204100543,351.023193359375,43.93908830973578,51.69399825386379,63.3702086130778,67.12897491455078,0.6784545743362691,0.8913043478260869,1,1,0.8387731340823336,0.6894889499830164,0.4840919999724031,0.04281442999448357,0.04347826086956521,71.83823153996049,28.16176846003951,,
188,Paracelsus,47.1149,11.1405,296,NW,296,1852.6484375,WI5+ / M6,,DGM_Tirol_5m_epsg31254_2006_2020,5,ok,30,283.7004117361156,307.14013671875,311.3785152958826,43.531748644510905,68.44349441528321,78.9840316772461,0.8291276078235266,0.7666666666666667,1,1,0.8616510431294105,0.5470279269748264,0.5282752819639892,0.02498816959559917,0.06666666666666667,66.65670870438828,33.34329129561172,,
189,Pechtl Arena & Zapfen,47.61082877,12.46471882,50,NO,50,683.917724609375,WI3+ / WI5+,,DGM_Tirol_5m_epsg31254_2006_2020,5,ok,30,286.9940942137534,255.23797607421875,42.13759477388828,40.427231852213545,52.88389320373538,69.64192962646484,0.912639941932092,0.8,1,1,0.9050559767728368,0.4188585069444444,0.44437083450731224,0.02365503402219878,0.03333333333333333,59.1514696614055,40.8485303385945,,
190,Pechtl Gully - Erpfendorf,47.61173312,12.46364594,28,NO,28,668.806884765625,WI3- / M3,,DGM_Tirol_5m_epsg31254_2006_2020,5,ok,19,176.73377071315701,210.63299560546875,34.159694545669424,43.926163020886875,68.24415181477865,72.84748077392578,0.931558949492562,0.7368421052631579,1,1,0.8936762113759721,0.40427545915570173,0.4472185589171094,0.02540921501553895,0.05263157894736842,58.338359545149856,41.661640454850144,,
191,Pendling Eisfall,47.5695,12.1116,15,N,15,1292.354248046875,WI5,,DGM_Tirol_5m_epsg31254_2006_2020,5,ok,53,505.2702676934937,501.08306884765625,303.9062769884422,48.2421735367685,65.51056416829428,74.7691650390625,0.21006974431602432,0.9622641509433962,1,1,0.6727071430094286,0.7580207488821737,0.5371468218291201,0.01335796358139962,0,77.27244497379783,22.727555026202168,,
192,Petit Hiking - Groáglockner,47.07086216,12.69000763,173,S,173,3221.632568359375,M6+,,DGM_Tirol_5m_epsg31254_2006_2020,5,ok,40,375.9838900430258,313.70361328125,197.4747742562556,51.001650190353395,65.52611846923828,73.723358154296875,0.7280580638193821,0.925,1,1,0.8687232255277529,0.5421249389648437,0.35233206020853536,0.05694273468106985,0,62.06506906500995,37.93493093499005,,
193,Pick`n Weed - Maningkogl Nordwand,47.1929,10.9606,41,NO,41,2580.4794921875,M5- / M5+,,DGM_Tirol_5m_epsg31254_2006_2020,5,ok,45,429.2709463889322,331.376953125,28.442928624363333,51.07477739122179,67.25238189697265,75.450286865234375,0.8604769847151481,0.9333333333333332,1,1,0.9241907938860592,0.625646068431713,0.34066719692790715,0.044569899569507,0.04444444444444444,65.33491056679017,34.66508943320983,,
194,Pinzgeralm Eisfall,47.6431,12.4469,25,NO,25,640.94329833984375,WI5-,,DGM_Tirol_5m_epsg31254_2006_2020,5,ok,20,183.34230261815927,175.15496826171875,29.538782259558104,40.57601532936096,59.83911844889323,67.16600799560547,0.94956908600491,0.75,1,1,0.904827634401964,0.3875666300455729,0.46976276271108064,0.02057720843392113,0.05,58.27302325114938,41.72697674885062,,
195,Pitztaler Eisexpress,46.8867,10.8472,341,N,341,3442.342529296875,55ø / 1,,DGM_Tirol_5m_epsg31254_2006_2020,5,ok,38,346.85556705975966,171.181884765625,303.2748879848349,48.7063939947831,58.28727467854818,61.019989013671875,0.5808320887203877,0.8947368421052632,1,1,0.8007538881197339,0.5520260459498355,0.27028342419757023,0.05590841089571385,0,60.48008945476757,39.51991054523243,,
196,Gallyer - Pitztaler Eisrinne,46.98364866,10.8772587,265,W,265,1929.157958984375,WI4,,DGM_Tirol_5m_epsg31254_2006_2020,5,ok,58,556.822928939899,407.2799072265625,272.04540848888723,54.64734465500404,74.0341682434082,79.75141906738281,0.9217176834568084,0.9482758620689656,1,1,0.9531698320034132,0.8000737332749641,0.5843047458066247,0.03056865543041421,0.05172413793103448,79.48232215462038,20.517677845379623,,
197,"Plan B, Zw”lferkogel Nordwand",47.1925,11.008,331,NW,331,2571.390625,M5- / WI4,,DGM_Tirol_5m_epsg31254_2006_2020,5,ok,53,503.6599232016422,475.973876953125,343.6861475737394,48.355521004154994,60.33689626057943,69.0419921875,0.859042804736229,0.9245283018867924,1,1,0.9209756124605294,0.49706301899076255,0.4388354369977869,0.038649281176428,0.05660377358490566,61.99969842015136,38.00030157984864,,
198,Plattkogel Eisfall,47.17873858,10.99179983,324,NW,324,2348.48876953125,WI3,,DGM_Tirol_5m_epsg31254_2006_2020,5,ok,12,104.07261890899012,123.180908203125,323.13010235415595,42.81203627586365,65.54325637817382,67.16423034667969,0.9903344706017329,0.5833333333333334,1,0.6504538681811882,0.836179175058812,0.3529256184895833,0.5269364643850861,0.02291217839552296,0.08333333333333333,57.7634875404146,42.2365124595854,,
199,Point 2598 Diagonale,47.186796,11.034211,15,N,15,2388.608642578125,M4,,DGM_Tirol_5m_epsg31254_2006_2020,5,ok,21,191.471449306369,207.703125,94.23639479905889,43.79999960036505,59.66184616088867,74.16423034667969,0.11959561334379032,0.8095238095238095,1,1,0.590695388194659,0.34271821521577384,0.4571833299756671,0.04316855458513138,0.04761904761904761,55.5123413662084,44.4876586337916,,
200,Rabenwand Eisfall,47.0555,11.7575,15,N,15,1535.39306640625,WI5-,,DGM_Tirol_5m_epsg31254_2006_2020,5,ok,13,117.62083261082223,126.7840576171875,42.87890360333853,43.40002235999474,67.53932444254558,74.78022766113281,0.6902344044073496,0.6923076923076923,1,0.735130203817639,0.7572990898370114,0.5600132086338141,0.6652253254483607,0.02433302996154779,0.15384615384615383,69.80610538703816,30.19389461296184,,
201,Ramolkogel Nordwand,46.84855838,10.96316457,351,N,351,3240.241943359375,50ø,,DGM_Tirol_5m_epsg31254_2006_2020,5,ok,13,115,100.120849609375,0,39.32018015934871,51.480470021565765,57.341426849365234,0.9,0.6153846153846154,1,0.71875,0.8164903846153847,0.18489583333333337,0.5097684726191171,0.00933383601025129,0,50.877847595272904,49.122152404727096,,
203,Rechter Flittneralm Eisfall,47.0456,11.5917,209,SW,209,1485.80615234375,WI3+,,DGM_Tirol_5m_epsg31254_2006_2020,5,ok,4,28.284271247461906,7.6319580078125,225,17.02488899230957,24.156042098999023,24.156042098999023,0.8222222222222222,0,1,0.1767766952966369,0.5465665584185526,0.3632914225260417,0.6332564166755668,0.0066080093383789,0,62.04736424379347,37.95263575620653,,
204,Rechter und linker Rauchenbichlfall,47.10936,10.80075,15,N,15,1379.3665771484375,WI5+,,DGM_Tirol_5m_epsg31254_2006_2020,5,ok,24,228.6328421202039,276.8409423828125,9.246112745563266,44.1519463857015,71.10437520345053,75.69354248046875,0.9360679193951474,0.7916666666666666,1,1,0.911927167758059,0.19867706298828125,0.46415451955706666,0.03206856416848799,0.16666666666666666,48.2362928733629,51.7637071266371,,
205,Rechter Westwandfall - Kleiner Magner,47.1102,12.03933,89,O,89,1851.844482421875,WI4+ / M4,,DGM_Tirol_5m_epsg31254_2006_2020,5,ok,35,331.9808058083625,288.06396484375,85.46222749209335,44.981407220023016,58.72200393676758,61.14788436889648,0.960691416578815,0.8571428571428571,1,1,0.941419423774383,0.49483846028645834,0.4903776512424561,0.02843867327485766,0,63.95839852845487,36.04160147154513,,
206,Reislehn Eisfall,46.98357591,10.87882519,221,SW,221,2045.642333984375,WI4+,,DGM_Tirol_5m_epsg31254_2006_2020,5,ok,76,727.1266078575576,499.4329833984375,260.7701137562723,54.78693460163317,68.57096303304039,72.25151824951172,0.5581098471525302,0.9736842105263158,1,1,0.8153492020189069,0.885332609477796,0.5621320979535567,0.01671754454646521,0.0131578947368421,83.42734003704201,16.572659962957985,,
207,Rocket Rustical - Teischnitztal,47.055932,12.6796681,15,N,15,2795.064208984375,WI5+ / M4,,DGM_Tirol_5m_epsg31254_2006_2020,5,ok,47,439.6977495372808,295.124267578125,99.46232220802564,38.139092871483335,42.982548522949216,61.122440338134766,0.06152975324415977,0.8723404255319149,1,1,0.5863140289572384,0.7730318975786791,0.6335792697872801,0.00528590798589354,0,80.52019897600469,19.479801023995307,,
208,R”tenspitze Nordwand,46.7769,10.945,15,N,15,3177.85986328125,45ø,,DGM_Tirol_5m_epsg31254_2006_2020,5,ok,42,401.1358974808988,218.822998046875,10.234802763423204,46.36071336837042,56.56851209004719,59.65400314331055,0.9470533640380356,0.9285714285714286,1,1,0.9573927741866428,0.6417803083147321,0.37983297672083705,0.01927919746496685,0,67.99035434288453,32.00964565711547,,
209,Rofelewand Nordwand - Nordwandballett,47.034852,10.823735,15,N,15,2835.1337890625,55ø / M5 / 3,,DGM_Tirol_5m_epsg31254_2006_2020,5,ok,46,439.77469442443675,343.130126953125,12.528807709151522,48.60439084923786,61.315850575764976,67.4534683227539,0.9725423078794614,0.9347826086956522,1,1,0.9694517057604802,0.6675675986469656,0.5284396683376764,0.00881081421191439,0,73.07531736331707,26.92468263668293,,
210,Rolle Eisfall - Zillertal,47.1118,11.8057,15,N,15,990.3883056640624,WI4,,DGM_Tirol_5m_epsg31254_2006_2020,5,ok,29,268.27996603306485,289.408935546875,95.19442890773485,44.6438385042651,61.774654134114584,64.52684020996094,0.10895078991405728,0.7931034482758621,1,1,0.5815113504483815,0.3944389957121049,0.4247718365647483,0.04917656356233289,0.06896551724137931,56.695864277502984,43.304135722497016,,
212,Rumpelstilzchen - Burgschrofen Kraspestal,47.19127272,11.06475592,350,N,350,2004.795166015625,M6,,DGM_Tirol_5m_epsg31254_2006_2020,5,ok,15,135,221.8250732421875,0,53.347137196858725,67.30499420166015,71.30705261230469,0.8888888888888888,0.7333333333333333,1,0.84375,0.8599305555555555,0.30316569010416666,0.4796563052817791,0.02409261999030908,0.26666666666666666,52.485344620259134,47.514655379740866,,
213,Russisches Roulette - Kristallwand Nordostwand,47.09641,12.3989,15,N,15,2781.373779296875,45ø / WI5 / M6,,DGM_Tirol_5m_epsg31254_2006_2020,5,ok,30,276.3196721604844,313.97607421875,29.898901838614563,51.04337189992269,71.96663004557293,76.42340087890625,0.834456646237616,0.8,1,1,0.8737826584950464,0.8233303493923612,0.5414744219813069,0.01868987840910752,0.03333333333333333,79.87959537067346,20.120404629326543,,
214,S„gebach Eisf„lle,46.72005884,12.42527125,15,N,15,1676.052490234375,WI4- / WI5+,,DGM_Tirol_5m_epsg31254_2006_2020,5,ok,3,20,10.376220703125,0,27.2974853515625,27.92526626586914,27.92526626586914,0.8333333333333334,0,1,0.125,0.5458333333333334,0.3550550672743056,0.6464493303007329,8.362664116753471e-4,0,62.12198595662856,37.87801404337144,,
215,Sagf„lle,47.2537,11.6168,256,W,256,1057.217041015625,WI5-,,DGM_Tirol_5m_epsg31254_2006_2020,5,ok,16,143.08527317306732,103.571044921875,259.50852298766836,34.972281754016876,46.3124731699626,56.23542022705078,0.9610164112481294,0.5625,1,0.8942829573316707,0.8425848602324189,0.3565203348795573,0.4804557811017317,0.02888857923486891,0,57.47703801242599,42.52296198757401,,
216,Sagwandspitze - Mittelpfeiler-Couloir,47.0309208,11.6265771,10,N,10,2336.423095703125,85ø / M6,,DGM_Tirol_5m_epsg31254_2006_2020,5,ok,4,28.284271247461906,6.531005859375,45,15.318567752838137,23.60346221923828,23.60346221923828,0.6111111111111112,0,1,0.1767766952966369,0.4621221139741082,0.133819580078125,0.5860915665526076,0.00265347507471839,0,50.621100765836445,49.378899234163555,,
217,Sagzahnverschneidung - Sagwand,47.027997,11.631448,351,N,351,2552.388671875,M6 / WI4,,DGM_Tirol_5m_epsg31254_2006_2020,5,ok,54,521.9653384892462,413.833984375,30.068582821862435,56.14088648336905,73.98895975748698,77.092071533203125,0.5659046353126396,0.925925925925926,1,1,0.8041396319028337,0.846764835310571,0.5120412401191853,0.01793347803852808,0,80.54677903118477,19.45322096881523,,
218,Schall und Rauch - Kraspestal,47.19127272,11.06475592,350,N,350,2004.795166015625,M5+,,DGM_Tirol_5m_epsg31254_2006_2020,5,ok,15,135,221.8250732421875,0,53.347137196858725,67.30499420166015,71.30705261230469,0.8888888888888888,0.7333333333333333,1,0.84375,0.8599305555555555,0.30316569010416666,0.4796563052817791,0.02409261999030908,0.26666666666666666,52.485344620259134,47.514655379740866,,
219,Schattseitfall,47.1246,11.9991,15,N,15,1445.6812744140625,WI5,,DGM_Tirol_5m_epsg31254_2006_2020,5,ok,51,482.408328334348,382.926025390625,40.10090754621223,44.75062882666494,55.71879526774087,73.49858856201172,0.7211010272643086,0.8627450980392157,1,1,0.8472639403174881,0.6346238080193015,0.5667506965177489,0.02227536342380678,0.0196078431372549,72.0852530739636,27.9147469260364,,
220,Scheisskluppenfall,47.1976,11.1273,15,N,15,1601.60791015625,WI5,,DGM_Tirol_5m_epsg31254_2006_2020,5,ok,26,244.0426378701765,238.0379638671875,2.4366482468101367,44.67002054361197,70.28711013793946,79.9621353149414,0.8604072027423348,0.8076923076923077,1,1,0.8864705734046262,0.5643971761067709,0.4923569959465794,0.02742271742019324,0.03846153846153846,66.77372809044992,33.22627190955008,,
221,Schildalm Eisfall,47.10192186,12.50621796,78,O,78,1505.6591796875,WI2-,,DGM_Tirol_5m_epsg31254_2006_2020,5,ok,4,28.284271247461906,8.0303955078125,45,20.93750762939453,33.24808120727539,33.24808120727539,0.6333333333333333,0,1,0.1767766952966369,0.4710110028629971,0.66613006591796875,0.6620524828646648,0,0,76.52716503792522,23.472834962074785,,
222,Schitter Eisfall - Neustift Stubaital,47.10213389,11.30815029,322,NW,322,1186.8162841796875,WI3+,,DGM_Tirol_5m_epsg31254_2006_2020,5,ok,54,523.6964726812633,301.8719482421875,323.011231612856,46.34554237789578,60.86125094095866,68.532379150390625,0.9887640931904886,0.8888888888888888,1,1,0.962172303942862,0.8324059380425347,0.6481910492874334,0.01924489656992164,0,83.27814551270146,16.721854487298543,,
223,Schleicherlaufen,47.11507,11.14059,15,N,15,1844.84619140625,WI5+ / M6,,DGM_Tirol_5m_epsg31254_2006_2020,5,ok,68,622.5975964005702,352.234130859375,324.54452556555816,47.18497976134805,72.1303799947103,80.86335754394531,0.4393836173950907,0.8235294117647058,1,1,0.7228122704874481,0.8173231237074908,0.5581473185877229,0.06028790294430127,0.02941176470588235,79.23334782558531,20.766652174414688,,
224,Schneelehnfall,46.95400485,10.88491917,208,SW,208,1888.4805908203125,WI4+,,DGM_Tirol_5m_epsg31254_2006_2020,5,ok,9,71.88095697076594,98.4879150390625,210.2564371635292,42.0381056467692,71.30320841471354,72.6966552734375,0.9749284759607868,0.3333333333333333,1,0.4492559810672871,0.7348969884910435,0.459453441478588,0.47265135478829273,0.06945979871131756,0.2222222222222222,58.88027053979521,41.11972946020479,,
227,Schrammacher Diagonale,47.02895,11.63195,15,N,15,2478.891845703125,M5-,,DGM_Tirol_5m_epsg31254_2006_2020,5,ok,42,396.0672577861072,316.408935546875,336.5409759185384,58.039314996628534,77.41522572835285,79.80135345458984,0.572677510205982,0.9523809523809524,1,1,0.8147852897966784,0.8764541868179564,0.5621431175292717,0.01797406622282569,0.04761904761904761,82.65834454439283,17.341655455607167,,
228,Schrammacher Nordwand Direttissima,47.03742457,11.64965208,189,S,189,2963.851318359375,WI6 / M7,,DGM_Tirol_5m_epsg31254_2006_2020,5,ok,27,234.80815460764833,129.634033203125,111.50143432404792,37.8242384592692,45.05069020589193,55.68671417236328,0.13890482582275465,0.7037037037037037,1,1,0.566673041440213,0.5744583695023148,0.45496633635934985,0.03142696251103907,0,66.59624578636713,33.403754213632865,,
229,Schrankogel Nordost-Flanke,47.045,11.1021,15,N,15,3280.73779296875,50ø,,DGM_Tirol_5m_epsg31254_2006_2020,5,ok,43,386.0403191544531,238.238037109375,38.33334010909863,46.8146907784218,67.8039779663086,68.91218566894531,0.7407406654544597,0.9069767441860463,1,1,0.8683892894375979,0.4142773058987403,0.35610031828845257,0.0591107162018848,0,56.36277239861693,43.63722760138307,,
230,Schwarze Wand Nordostwand Eisschlucht,47.1057457,12.3712635,68,O,68,3185.40185546875,85ø / M5,,DGM_Tirol_5m_epsg31254_2006_2020,5,ok,31,292.430262715306,270.695068359375,38.15722658736905,48.86816486235587,59.165366617838544,67.269622802734375,0.668413628748545,0.8064516129032258,1,1,0.8093009353703858,0.847319572202621,0.480136123170986,0.01305167905245256,0,79.87175024734356,20.128249752656444,,
231,Schwarze Witwe,47.04742,11.61647,15,N,15,2023.1395263671875,WI6 / M5,,DGM_Tirol_5m_epsg31254_2006_2020,5,ok,16,138.34241597280396,84.656982421875,52.59464336859145,37.8487948179245,44.15910008748373,45.32954025268555,0.582281740348984,0.6875,1,0.8646400998300248,0.725626706122596,0.7037817637125651,0.5293829813610793,0.00141355729041,0,74.87648275528421,25.123517244715785,,
232,Schwerer als ein lockerer Arch - Beilfall Groáen Tr”gler,47.0006227,11.1519643,15,N,15,2210.085205078125,M9-,,DGM_Tirol_5m_epsg31254_2006_2020,5,ok,26,244.39629624693083,234.3870849609375,346.2637316943774,41.90177917480469,57.12229614257812,67.8133544921875,0.6807081299375265,0.7692307692307693,1,1,0.8030524827442415,0.4316562750400641,0.5182617013719268,0.0150050028728751,0,62.08097485364355,37.91902514635645,,
233,Seebenseefall,47.3747,10.9414,15,N,15,1394.6375732421875,WI6,,DGM_Tirol_5m_epsg31254_2006_2020,5,ok,14,128.32310567137696,199.7269287109375,36.384351815835885,49.4322270325252,75.77018763224284,76.655364990234375,0.7623960909351568,0.7142857142857143,1,0.802019410446106,0.7994460917043877,0.49407741001674105,0.5178032080226709,0.0715617839291337,0.21428571428571427,61.6044708298803,38.3955291701197,,
234,Seirl”cherkogel Eisfall - Pitztal,47.0319389,10.8629323,356,N,356,1490.861328125,WI5+,,DGM_Tirol_5m_epsg31254_2006_2020,5,ok,3,20,8.5050048828125,0,24.40481440226237,24.70490074157715,24.70490074157715,0.9555555555555556,0,1,0.125,0.5947222222222222,0.2798631456163194,0.6080363912054587,0,0,57.794751332870845,42.205248667129155,,
235,Seirl”cherkogelfall,47.03880402,10.85972786,15,N,15,1617.8612060546875,WI5,,DGM_Tirol_5m_epsg31254_2006_2020,5,ok,37,349.2447425759297,314.968994140625,50.07960786001456,42.14468301309122,58.5747667948405,74.77483367919922,0.6102265793331716,0.7837837837837838,1,1,0.7792257668684038,0.5663988268053209,0.47914947241752515,0.01497177026226176,0,67.16724861143234,32.83275138856766,,
236,Serfauserfeld Eisfall,47.047,10.6316,15,N,15,1093.38232421875,WI4+,,DGM_Tirol_5m_epsg31254_2006_2020,5,ok,38,333.2879966686364,207.22601318359375,93.94518622903756,54.791905666652475,72.58236948649089,81.27174377441406,0.12283126412180478,0.868421052631579,1,1,0.6096588214381956,0.826214305141516,0.8015555981049726,0.04036732540841688,0.05263157894736842,85.88487138635053,14.115128613649476,,
237,Shameless - Neurur,47.0260029,10.8609432,15,N,15,1636.9427490234375,M7- / WI5+,,DGM_Tirol_5m_epsg31254_2006_2020,5,ok,42,401.30137331687223,361.7310791015625,76.60750224624888,43.17367426554362,59.72697995503743,65.4520034790039,0.3154721972639013,0.8809523809523809,1,1,0.6904745931912748,0.3970770457434275,0.48317444660762127,0.03374376576689501,0.04761904761904761,58.7967624321164,41.2032375678836,,
238,Similaun Nordwand,46.7667241,10.88241935,20,N,20,3245.57763671875,50ø,,DGM_Tirol_5m_epsg31254_2006_2020,5,ok,34,327.09847094644596,312.110107421875,11.12918928961119,42.68523928698371,56.25179723103839,63.465301513671875,0.9014354365512356,0.8823529411764706,1,1,0.9252800569734352,0.39815745634191174,0.48607506685328206,0.01543527923743514,0,59.760256621969376,40.239743378030624,,
239,Sintflut - Niederer Prijakt Nordwand,46.91594,12.70626,343,N,343,2571.99462890625,M6 / WI5,,DGM_Tirol_5m_epsg31254_2006_2020,5,ok,39,360.9491542824144,312.385986328125,352.52844082340766,63.22534898611215,74.6237569173177,82.56957244873047,0.8941284352954704,0.9230769230769232,1,1,0.9345744510412652,0.9111615042401175,0.4712595409226659,0.06163036504871825,0.05128205128205128,81.03832840007706,18.961671599922937,,
240,Sonnenk”nig - Patsch Sd,46.92355,12.250045,313,NW,313,2018.385009765625,WI6,,DGM_Tirol_5m_epsg31254_2006_2020,5,ok,71,686.2224712976512,460.4737548828125,36.08507304285211,47.55382521723358,70.0209986368815,76.28278350830078,0.07683252174608757,0.8732394366197183,1,1,0.5927048396843505,0.6459129942414906,0.5143275856376919,0.03306185184899245,0.02816901408450704,70.98134720398444,29.01865279601556,,
242,Spinnenbein,47.010683,10.69719672,15,N,15,2141.367919921875,WI6-,,DGM_Tirol_5m_epsg31254_2006_2020,5,ok,9,77.76260841257398,147.279052734375,323.13010235415595,49.7342332204183,79.39049835205077,79.6004409790039,0.4236678039350661,0.5555555555555556,1,0.4860163025785874,0.5847354184985518,0.5984248408564815,0.5273550148138585,0.08048201024670291,0.1111111111111111,67.39224189284296,32.60775810715704,,
243,Stalingrad - Grubenkarspitze,47.382133,11.529989,15,N,15,1656.555908203125,M8 / WI7,,DGM_Tirol_5m_epsg31254_2006_2020,5,ok,48,456.7083620330589,386.3389892578125,314.39690880561943,68.80109167098999,85.83590189615886,87.01224517822266,0.32663232006243814,0.9375,1,1,0.7119029280249752,0.8248159620496962,0.5025595077293605,0.01260798941883776,0.0625,78.80354619709358,21.19645380290642,,
245,Steinwandfall,47.08329,12.52526,15,N,15,1396.1031494140625,WI5,,DGM_Tirol_5m_epsg31254_2006_2020,5,ok,50,478.5534702588033,378.223876953125,81.31364541876337,43.47613246917725,55.01692695617676,66.65106964111328,0.26318171756929587,0.9,1,1,0.6752726870277184,0.6150628662109375,0.4900802120746619,0.01868456526698234,0,69.5561429760191,30.443857023980897,,
246,Stirb langsam - Seebenw„nde,47.3745,10.9419,15,N,15,1443.10302734375,M11+ / WI6+,,DGM_Tirol_5m_epsg31254_2006_2020,5,ok,13,115,194.3809814453125,0,43.84295089428242,82.61502838134766,85.68012237548828,0.8333333333333334,0.6923076923076923,1,0.71875,0.8129006410256411,0.4189507900140224,0.6562080830465971,0.06920963813526891,0.07692307692307693,63.10456409485979,36.89543590514021,,
247,Strublb„da - Kraspestal,47.191333,11.066194,350,N,350,2013.784423828125,M5+,,DGM_Tirol_5m_epsg31254_2006_2020,5,ok,43,395.1832231578063,316.8548583984375,331.14433878028353,48.02185094079306,64.49935658772787,73.64520263671875,0.7904926531142615,0.9302325581395348,1,1,0.895266828687565,0.5011892392653827,0.36750373646667056,0.05924740428639243,0.04651162790697674,60.091044813811365,39.908955186188635,,
248,Bachfalle,47.0236,10.8712,15,N,15,1635.618408203125,WI5,,DGM_Tirol_5m_epsg31254_2006_2020,5,ok,34,319.9698223031916,255.1859130859375,304.286876977209,46.19219942653881,59.31035690307616,65.99108123779297,0.21429863308009975,0.8529411764705882,1,1,0.6416018061732164,0.6114780201631433,0.5094438178130005,0.01900291868757146,0,69.87254797891504,30.127452021084963,,
250,Sulzenauer Eisfall,46.99876105,11.18416786,15,N,15,1905.8331298828125,WI3+,,DGM_Tirol_5m_epsg31254_2006_2020,5,ok,19,173.2704855685309,147.593994140625,21.161259816828306,40.58033401087711,52.81301447550456,53.846282958984375,0.9315415575907966,0.6842105263157895,1,1,0.8778797809310556,0.21478753340871712,0.5111720749519805,0.05379637056275418,0,51.368813465936704,48.631186534063296,,
251,Sunblocker 2,47.0453,11.5904,15,N,15,1474.2659912109375,WI4+,,DGM_Tirol_5m_epsg31254_2006_2020,5,ok,30,267.6460878174292,219.3499755859375,332.7004277886672,46.61899541219075,70.33856633504232,71.72911834716797,0.5300047532074131,0.8333333333333334,1,1,0.7620019012829652,0.668695068359375,0.4876819502575707,0.01431314936942524,0.03333333333333333,71.6637305118893,28.336269488110705,,
252,Sunblocker,47.0453,11.5895,172,S,172,1472.3892822265625,WI6- / M4,,DGM_Tirol_5m_epsg31254_2006_2020,5,ok,19,175,226.800048828125,180,46.75252492804276,69.48641662597656,71.54331970214844,0.9111111111111112,0.7894736842105263,1,1,0.9012865497076022,0.6253447950932017,0.49407445832169505,0.02698370399313015,0.05263157894736842,69.42638736790016,30.57361263209984,,
253,Sunday Explorer,46.957971,10.882287,274,W,274,1992.55224609375,WI2,,DGM_Tirol_5m_epsg31254_2006_2020,5,ok,6,45,28.343994140625,270,32.45613320668539,36.89654541015625,36.89654541015625,0.9555555555555556,0.3333333333333333,1,0.28125,0.7103472222222222,0.15209791395399305,0.470684862269396,0.01118250247479106,0,48.38787763516876,51.61212236483124,,
255,Tabernakel - Laserz Nordwand,46.776166,12.81022,15,N,15,1883.644775390625,M5+ / WI5+,,DGM_Tirol_5m_epsg31254_2006_2020,5,ok,18,159.83288553719993,274.135009765625,348.69006752597977,47.36292436387804,73.26675287882487,80.6242446899414,0.7076674169553308,0.6666666666666666,1,0.9989555346074996,0.7829625202428823,0.5470247621889468,0.5119431710564447,0.02981657596925894,0.05555555555555555,66.262806499973,33.737193500027004,,
256,Taschach-Eiswand,46.8965,10.8318,15,N,15,2781.139892578125,55ø / 1,,DGM_Tirol_5m_epsg31254_2006_2020,5,ok,34,326.63906245728725,283.06787109375,7.236922025967999,43.12616342656753,49.32548344930013,63.10609436035156,0.9137435780663112,0.8823529411764706,1,1,0.9302033135794656,0.4126610849417892,0.4094824950125327,0.03248098391272566,0,58.15719151943932,41.84280848056068,,
257,Terra Promessa - Laserz Nordwand,46.776166,12.81022,15,N,15,1883.644775390625,M5+ / WI6,,DGM_Tirol_5m_epsg31254_2006_2020,5,ok,18,159.83288553719993,274.135009765625,348.69006752597977,47.36292436387804,73.26675287882487,80.6242446899414,0.7076674169553308,0.6666666666666666,1,0.9989555346074996,0.7829625202428823,0.5470247621889468,0.5119431710564447,0.02981657596925894,0.05555555555555555,66.262806499973,33.737193500027004,,
258,Teufelskralle,47.009,10.6956,15,N,15,2152.17822265625,M7+ / WI6+,,DGM_Tirol_5m_epsg31254_2006_2020,5,ok,8,70,155.93701171875,0,51.14149785041809,79.64817810058594,80.5212173461914,0.8333333333333334,0.5,1,0.4375,0.7270833333333333,0.7786458333333334,0.5283358605003791,0.07193470001220703,0,76.80876501226534,23.19123498773466,,
259,The Big Corner - Sulzkogel Westschulter,47.182479,11.00152,324,NW,324,2562.183837890625,M6,,DGM_Tirol_5m_epsg31254_2006_2020,5,ok,27,233.6689642731016,162.85205078125,326.8886580396279,43.33812673003585,60.46295064290365,69.904052734375,0.96790379955969,0.7777777777777778,1,1,0.9204948531572094,0.4303716965663581,0.2360350684410941,0.06022821908908678,0,54.063038674731736,45.936961325268264,,
260,The Great Roof,47.11233503,10.8053112,215,SW,215,1211.503662109375,M9,,DGM_Tirol_5m_epsg31254_2006_2020,5,ok,15,137.15224064273093,115.31298828125,212.4711922908484,34.92609513600667,59.45719019571939,69.30311584472656,0.9719021365649824,0.6,1,0.8572015040170683,0.8544810050276999,0.41167263454861114,0.5947710681808457,0.01536726812935537,0,63.087199896621534,36.912800103378466,,
261,The Icefactor - Westlicher Geierkopf Nordwand,47.5189,10.8657,9,N,9,1722.5841064453125,M7 / WI5,,DGM_Tirol_5m_epsg31254_2006_2020,5,ok,51,479.69597694989614,408.822021484375,324.8193006387579,55.01980845133463,76.0708241780599,79.52095031738281,0.5091033404306434,0.9019607843137256,1,1,0.774229571466375,0.8164182176776961,0.5582480525370188,0.02246108718727733,0.0196078431372549,80.0497209338037,19.950279066196305,,
262,The Wind Corner,47.00838964,10.69394588,351,N,351,2158.1484375,WI6,,DGM_Tirol_5m_epsg31254_2006_2020,5,ok,16,147.52889227277788,222.029052734375,323.53076560994816,46.936269640922546,74.47861887613932,74.8181381225586,0.6947862845549796,0.625,1,0.9220555767048616,0.757620071492478,0.5778465270996094,0.5059574338416694,0.03743199952684032,0.0625,67.27838957498736,32.72161042501264,,
263,Thriller - Hohe Warte,47.033896,11.617838,350,N,350,2174.12353515625,WI5+,,DGM_Tirol_5m_epsg31254_2006_2020,5,ok,58,560.426927559939,449.738037109375,351.29777621005314,56.322553963496766,74.04545974731445,77.0636978149414,0.9855802643327428,0.9310344827586208,1,1,0.9735424505606832,0.7312306371228449,0.4684256782459813,0.05287694188581522,0.01724137931034482,73.3860679958578,26.6139320041422,,
264,Tr„nen der Sehnsucht,46.983,10.8795,343,N,343,2068.12255859375,WI6 / M6,,DGM_Tirol_5m_epsg31254_2006_2020,5,ok,58,551.4753670840173,438.2099609375,312.1844433157887,45.50273523659542,61.823783874511726,68.31581115722656,0.6576049257309857,0.8620689655172413,1,1,0.8216626599475666,0.7304776948073815,0.6471651716892526,0.01393501618448859,0.03448275862068965,78.42709764866682,21.572902351333184,,
265,Tristenkopf - Nordrinne,47.3306701,11.9578378,15,N,15,2177.902587890625,M2+ / 60ø / 2+/3-,,DGM_Tirol_5m_epsg31254_2006_2020,5,ok,54,505.3715105775138,164.375,307.14668669802177,48.01184705451683,65.02797978719076,74.8985824584961,0.24607429664468627,0.925925925925926,1,1,0.6762074964356523,0.7690271448206019,0.3330818209078189,0.02419075905632825,0,72.44945185849599,27.55054814150401,,
266,"Urfall direct ""Eierpecker""",47.0049,11.2253,53,NO,53,1813.2435302734375,M8 / WI5-,,DGM_Tirol_5m_epsg31254_2006_2020,5,ok,9,70.71067811865476,113.125,45,43.18314870198568,78.00736389160156,79.59947204589844,0.9111111111111112,0.4444444444444444,1,0.4419417382415922,0.7419719516019371,0.6329503942418981,0.5815279481053172,0.03334960524268724,0,72.3539743386646,27.6460256613354,,
267,Urfall,47.005,11.2257,30,NO,30,1736.8583984375,WI5+,,DGM_Tirol_5m_epsg31254_2006_2020,5,ok,9,77.78174593052023,118.7921142578125,45,41.60890091790093,75.35154724121092,80.03273010253906,0.8333333333333334,0.4444444444444444,1,0.48613591206575146,0.7152802578732419,0.3133171929253472,0.5670537160514766,0.075171684846282,0.1111111111111111,55.66107177489079,44.33892822510921,,
268,Via Margit,47.12452739,11.99958086,12,N,12,1452.040283203125,M8+ / WI6-,,DGM_Tirol_5m_epsg31254_2006_2020,5,ok,47,448.6445514007331,357.9649658203125,32.47119229084848,45.21764601037857,59.31453908284503,79.10639953613281,0.7725423078794613,0.9148936170212766,1,1,0.8834850082581674,0.6334741470661569,0.5016353633511579,0.04285927209342625,0.0425531914893617,69.76450334499387,30.23549665500613,,
269,Victimes des ‚tique(ttes) - Lsens,47.1139,11.1407,288,W,288,1971.5274658203125,M10 / WI3,,DGM_Tirol_5m_epsg31254_2006_2020,5,ok,10,87.76260841257616,192.0731201171875,302.73522627210764,51.70729351043701,81.07587916056315,83.76805877685547,0.8362752636432484,0.6,1,0.548516302578601,0.7693617357151594,0.6634918212890625,0.5306621447858881,0.04162002868639926,0,72.29128500392703,27.70871499607297,,
270,Vordere Reiselehn Eisfall,46.98398579,10.87792397,249,W,249,1991.3533935546875,WI5+,,DGM_Tirol_5m_epsg31254_2006_2020,5,ok,62,596.4780526838053,470.1370849609375,254.43848967467147,48.942308887358635,68.8934371948242,79.89894104003906,0.9395723369480948,0.935483870967742,1,1,0.9564740960695604,0.7905312815020161,0.5899193770632841,0.01737143850499784,0.01612903225806451,79.81317300149222,20.186826998507783,,
271,Vorderer Brunnenkogel Nordwand,47.08481647,11.0951272,15,N,15,2539.345458984375,M4+,,DGM_Tirol_5m_epsg31254_2006_2020,5,ok,3,20,3.619873046875,0,11.393467903137209,14.298134803771973,14.298134803771973,0.8333333333333334,0,1,0.125,0.5458333333333334,0.2578667534722222,0.6790497851908012,0,0,58.58024853602003,41.41975146397997,,
272,Vorderer Brunnenkogel Nordwestpfeiler,47.0843,11.1024,15,N,15,2863.08837890625,M4,,DGM_Tirol_5m_epsg31254_2006_2020,5,ok,18,169.7056274847714,120.031005859375,315,35.34786584642198,36.85328165690104,37.238677978515625,0.33333333333333337,0.7222222222222222,1,1,0.65,0.28059104636863424,0.5019184381741266,0.00326087542378917,0,55.10934053246592,44.89065946753408,,
273,Vorhang Pinnistal,47.0717,11.3288,309,NW,309,1720.4049072265625,WI5-,,DGM_Tirol_5m_epsg31254_2006_2020,5,ok,48,459.85927706821184,396.9580078125,325.5277861199636,55.985311230023704,77.40753173828125,78.94513702392578,0.8163579320004045,0.8958333333333334,1,1,0.8952931728001617,0.7469732496473525,0.5038033380557592,0.02459147784328605,0,75.71705012865911,24.28294987134089,,
274,Walk the Line - Zw”lferkogel Nordwestwand,47.19017909,11.00117683,266,W,266,2497.137939453125,55ø / 5/5+,,DGM_Tirol_5m_epsg31254_2006_2020,5,ok,33,312.4602828110495,283.81298828125,268.1523897340054,45.12046432495117,57.378875732421875,58.401611328125,0.9760845585110512,0.8484848484848485,1,1,0.944979277949875,0.5016084921480429,0.298678098920479,0.03800553328009567,0,59.279223954071995,40.720776045928005,,
275,Warnschuss,47.45677142,10.51410913,280,W,280,1476.0106201171875,M5,,DGM_Tirol_5m_epsg31254_2006_2020,5,ok,29,274.76566906313445,330.52099609375,262.7249950421108,49.77085363453832,72.77395273844401,74.67662048339844,0.8080555004678975,0.8620689655172413,1,1,0.8818428898423313,0.5847431051320043,0.46524591287747075,0.04359668900055447,0.06896551724137931,66.38299860045208,33.61700139954792,,
276,Wasserfall - Nasse Wand,47.454348,11.987379,15,N,15,575.497314453125,WI4-,,DGM_Tirol_5m_epsg31254_2006_2020,5,ok,38,360.758845046936,279.3690185546875,350.70669140060295,45.67763454035709,67.65880330403647,73.376922607421875,0.7300743488955883,0.8421052631578947,1,1,0.8446613185056037,0.7152277628580729,0.586553966660717,0.02358845761045813,0,76.37732934292204,23.62267065707796,,
277,Wechnerwand Nordwand - Plan W,47.1874,10.97087,15,N,15,2476.221435546875,M5+,,DGM_Tirol_5m_epsg31254_2006_2020,5,ok,41,389.86740978871774,332.59912109375,345.34324888423953,52.6398357763523,64.36425018310547,75.745819091796875,0.670480543158217,0.902439024390244,1,1,0.83892392458036,0.7494050312817582,0.42060808759282686,0.04075049789661704,0.02439024390243902,73.17951620054306,26.820483799456937,,
278,Weiábachgraben Eisf„lle,47.57720654,12.62947083,15,N,15,822.98419189453125,WI5,,DGM_Tirol_5m_epsg31254_2006_2020,5,ok,51,481.09282364326936,243.748046875,347.25471052686714,45.07107093287449,68.40649719238282,72.82258605957031,0.6917190058540794,0.8235294117647058,1,1,0.8237464258710435,0.6461927625868056,0.5676859176425866,0.0250104587902528,0.0784313725490196,71.98629935617566,28.013700643824336,,
280,Weiáseespitze Nordwand,46.849971,10.71428776,15,N,15,3218.1494140625,50ø,,DGM_Tirol_5m_epsg31254_2006_2020,5,ok,35,331.2062021683642,283.243896484375,359.1319485502545,40.56232615879604,49.40122578938802,55.190093994140625,0.82368831722505,0.8571428571428571,1,1,0.8866181840328772,0.4426961263020833,0.4901319223832035,0.00606251064510572,0,62.05337353027171,37.94662646972829,,
282,Westl. Marzell Spitze Nordwestwand,46.76998362,10.88925362,15,N,15,3192.146240234375,50ø,,DGM_Tirol_5m_epsg31254_2006_2020,5,ok,36,340.3095006188527,214.284912109375,11.09372301155787,39.67632137404548,47.73546473185221,50.1182746887207,0.956596922350643,0.8333333333333334,1,1,0.9326387689402572,0.5784691704644097,0.413831784055204,0.011025149942186,0,66.15640427343482,33.843595726565184,,
283,Westwandrinne,47.0038,11.8422,281,W,281,3052.8037109375,45ø / M3,,DGM_Tirol_5m_epsg31254_2006_2020,5,ok,42,403.24603939573706,202.971923828125,297.07208023799274,49.078019687107634,63.53221435546874,69.48921966552734,0.8214213306889696,0.9523809523809524,1,1,0.9142828179898737,0.45546032133556547,0.367151873974427,0.03726671334163892,0,58.929177042628346,41.070822957371654,,
286,Wildspitze Nordwand,46.8885,10.8672,25,NO,25,3551.107421875,50ø,,DGM_Tirol_5m_epsg31254_2006_2020,5,ok,3,20,11.912841796875,0,31.330245971679688,33.56318283081055,33.56318283081055,0.7222222222222222,0,1,0.125,0.5013888888888889,0.2534450954861111,0.5304523629011878,0,0,54.6663383694047,45.3336616305953,,
287,Wildspitze Nordwestgrat,46.8914,10.8643,15,N,15,3393.588134765625,40ø,,DGM_Tirol_5m_epsg31254_2006_2020,5,ok,35,332.75748291199693,187.02490234375,348.3106308245608,39.21974312918527,47.10295435587565,50.94248580932617,0.7034514536062311,0.8285714285714286,1,1,0.8299520100139209,0.6748546781994048,0.3774443790350255,0.03275674464447158,0,69.14943510195943,30.850564898040577,,
288,Wildspitze Sdcouloir,46.8797,10.8669,219,SW,219,3224.383544921875,45ø,,DGM_Tirol_5m_epsg31254_2006_2020,5,ok,14,127.27922061357854,82.3740234375,225,34.44593579428537,37.32415301005045,37.626583099365234,0.9333333333333332,0.5,1,0.795495128834866,0.80288284621682,0.4631609235491071,0.5771778733153027,0.00944309133947605,0,65.08282656580288,34.917173434197124,,
289,Wind of Change - Zw”lferkogel Nordwand,47.1925,11.008,331,NW,331,2571.390625,M5,,DGM_Tirol_5m_epsg31254_2006_2020,5,ok,53,503.6599232016422,475.973876953125,343.6861475737394,48.355521004154994,60.33689626057943,69.0419921875,0.859042804736229,0.9245283018867924,1,1,0.9209756124605294,0.49706301899076255,0.4388354369977869,0.038649281176428,0.05660377358490566,61.99969842015136,38.00030157984864,,
290,Winter-Variante am Fuástein,47.0472224,11.6421466,15,N,15,2726.32666015625,M6+,,DGM_Tirol_5m_epsg31254_2006_2020,5,ok,43,412.08968645307976,307.719970703125,332.8503183022168,53.373681534168334,66.6020991007487,74.39466094970703,0.5316702033579646,0.9302325581395348,1,1,0.7917378487850463,0.6694960483284884,0.4114190833274827,0.03773459087508593,0.04651162790697674,69.19299116139757,30.807008838602428,,
291,Wde Henn,47.47192315,12.06401825,15,N,15,847.60821533203125,WI7-,,DGM_Tirol_5m_epsg31254_2006_2020,5,ok,13,116.18239956567224,97.55096435546876,357.5104470780009,40.51035807682918,55.94982782999675,60.84370803833008,0.8056716342000098,0.6923076923076923,1,0.7261399972854515,0.8025749611008566,0.6536286182892628,0.42924083683708136,0.02001327639206861,0,69.74404321610248,30.255956783897517,,
292,Wunschkonzert - Rosshag Eisfall,47.0841,11.7645,15,N,15,1186.4222412109375,WI6-,,DGM_Tirol_5m_epsg31254_2006_2020,5,ok,23,216.357268214174,272.72900390625,314.0608090542644,47.832021215687625,66.380615234375,71.2732162475586,0.3228978783807154,0.8260869565217391,1,1,0.6769852383088079,0.5360381637794384,0.5299034995766311,0.01946824312588011,0.08695652173913043,66.1103747795816,33.889625220418395,,
293,Xice - Niederer Prijakt Westwand,46.91358,12.70585,298,NW,298,2728.54833984375,M6 / WI5,,DGM_Tirol_5m_epsg31254_2006_2020,5,ok,47,441.270064147277,333.809814453125,274.5739212599009,45.75464508381296,61.9891721089681,78.491363525390625,0.739710236221121,0.9148936170212766,1,1,0.8703521795948314,0.30059944315159576,0.3883598254122983,0.0571834783049974,0.10638297872340426,51.02847122379528,48.97152877620472,,
294,Zedlacher Eisfall - Tauerntal,47.02621,12.51287,96,O,96,1348.9278564453125,WI4+ / M4,,DGM_Tirol_5m_epsg31254_2006_2020,5,ok,28,259.04809637937615,149.2353515625,103.17255342332692,42.73529257093157,56.79897753397624,63.004268646240234,0.9203049619630342,0.7857142857142857,1,1,0.9038362704994994,0.9011477515811012,0.6314212622559555,0.00523941609121504,0,86.23239205572413,13.767607944275866,,
295,Zemmschlucht Eisfall,47.1405,11.8232,343,N,343,801.40863037109375,WI3-,,DGM_Tirol_5m_epsg31254_2006_2020,5,ok,27,257.54631674640615,257.84893798828125,323.13010235415595,43.02358602594446,55.52088902791341,60.433319091796875,0.7792233594906217,0.8148148148148148,1,1,0.8561337882406931,0.3766044334129051,0.5348720024469698,0.03038142122512246,0.03703703703703703,59.34100076988216,40.65899923011784,,
296,Zemmschlucht Eisschild,47.1429,11.8299,15,N,15,765.6168212890625,WI4-,,DGM_Tirol_5m_epsg31254_2006_2020,5,ok,58,562.3801257230308,372.76800537109375,348.69006752597977,53.81821352860023,69.95321782430014,79.93482208251953,0.7076674169553308,0.9655172413793104,1,1,0.8727221391959253,0.8827816316451149,0.6235057057579554,0.01931522619889128,0.01724137931034482,84.7540977508978,15.2459022491022,,
297,Zuckerhtl Nordwand,46.9652,11.15352,15,N,15,3403.491943359375,55ø / 1,,DGM_Tirol_5m_epsg31254_2006_2020,5,ok,47,436.3719035083973,171.02001953125,3.731396999160438,44.34010400163366,53.50731862386067,55.74875259399414,0.8747932999906716,0.8297872340425532,1,1,0.8988534902090345,0.42984809604942376,0.27141911717273637,0.02348378134506642,0,55.658966624641145,44.341033375358855,,
298,Zwingenfall,47.10414171,11.13586664,306,NW,306,2032.79931640625,WI4-,,DGM_Tirol_5m_epsg31254_2006_2020,5,ok,28,261.6295090390226,237.7340087890625,315,40.410915987832205,59.40888086954753,65.97785186767578,0.9,0.75,1,1,0.8849999999999999,0.5717184884207589,0.51568983415907,0.01534418072385181,0,68.31269421843386,31.68730578156614,,
299,Nordwandprinzessin - Zw”lferkogel Nordwand,47.19047073,11.00349426,294,NW,294,2644.860107421875,M5+ / WI4,,DGM_Tirol_5m_epsg31254_2006_2020,5,ok,71,676.4874934351257,484.090087890625,287.62801936781966,48.58244041657784,60.37503128051759,63.65235900878906,0.9292002151979962,0.9295774647887324,1,1,0.9505533255158182,0.6249469882445716,0.316781697611882,0.05134532788272143,0.01408450704225352,64.87440528322581,35.12559471677419,,
300,30 Jahre Frieden - Kessel Eisarena,47.7324,13.696,43,NO,43,809.4066162109375,WI5,,DGM_AT_5m_epsg31287,5.000000000000002,ok,24,221.3147874193475,237.47027587890625,22.833654177917538,42.07864232858022,64.94617258707682,68.54631805419922,0.7759294908657504,0.7083333333333334,0.95,1,0.8128717963463002,0.5268215603298612,0.6439305601389557,0.0128742441172815,0.04166666666666666,69.13108266930534,30.868917330694657,,
301,50m Zapfen,47.77311196,13.19682777,4,N,4,700.7706298828125,WI6-,,DGM_AT_5m_epsg31287,5.000000000000002,ok,30,271.4473045032114,107.04693603515624,35.83765295427827,42.88901688257853,61.42205543518067,68.243621826171875,0.6462483005080193,0.8333333333333334,0.95,1,0.7984993202032077,0.4691382514105903,0.6648027110511581,0.01347436084437908,0.1,66.46180187286794,33.53819812713206,,
302,747 Variante - Jumbo Jet - Langental,46.57109,11.81658,15,N,15,,M7 / WI5+,,eudem_dem_3035_europe,25,ok,31,300,321.564208984375,0,42.01432603405368,64.5970230102539,67.03629302978516,0.8333333333333334,0.5483870967741935,0.55,1,0.7078494623655914,0.3411202379452285,0.5196515161021431,0.1202408153844136,0.25806451612903225,53.35623714111028,46.64376285888972,,
303,A-Vitamin - Altenberg,47.703,15.6649,325,NW,325,1355.4427490234375,WI5+ / M5,,DGM_AT_5m_epsg31287,5.000000000000002,ok,11,94.07261890902632,132.55078125,319.3987053549955,41.58412378484552,73.01067860921225,75.26297760009766,0.9377633928332836,0.5454545454545454,0.95,0.5879538681814146,0.7875371075878184,0.4767992424242424,0.4361063574818272,0.04064427620985291,0.09090909090909093,60.63664841284863,39.36335158715137,,
304,Ad Astra - Mittagsspitze,47.308155,10.189742,39,NO,39,1486.7352294921875,M6,,DGM_AT_5m_epsg31287,5.000000000000002,ok,42,407.05158578396106,313.47021484375,32.79953127261922,46.897573062351775,58.27870432535806,70.88824462890625,0.9311059030291025,0.9285714285714286,0.95,1,0.9410137897830696,0.6585657028924851,0.5538789967453907,0.02351375656074933,0.0238095238095238,72.77406117948637,27.225938820513633,,
305,Adrenalin,47.0838,13.0917,15,N,15,1356.3934326171875,WI4+,,DGM_AT_5m_epsg31287,5.000000000000002,ok,16,141.20620216836485,200.6219482421875,357.95459151111277,43.95729947090149,74.67928466796874,75.4888916015625,0.8106065723456974,0.6875,0.95,0.8825387635522803,0.808746505293507,0.5375639597574869,0.5181904015670349,0.0224810357261352,0,66.69551751374007,33.30448248625993,,
306,Affogato - Reintal,46.912223,11.990054,15,N,15,,WI7 / M6,,eudem_dem_3035_europe,25,ok,42,393.604028557072,363.0616455078125,353.6598082540901,46.305539676121306,69.317291259765625,72.022003173828125,0.7628867583787786,0.8095238095238095,0.55,1,0.7580118462086542,0.8399089026072669,0.503198419314007,0.15361437390721033,0,77.30357362203299,22.696426377967015,,
307,Airbus - Langental,46.57109,11.81658,15,N,15,,M8 / WI5+,,eudem_dem_3035_europe,25,ok,31,300,321.564208984375,0,42.01432603405368,64.5970230102539,67.03629302978516,0.8333333333333334,0.5483870967741935,0.55,1,0.7078494623655914,0.3411202379452285,0.5196515161021431,0.1202408153844136,0.25806451612903225,53.35623714111028,46.64376285888972,,
308,Airport - Langental,46.57109,11.81658,15,N,15,,WI5+ / M4,,eudem_dem_3035_europe,25,ok,31,300,321.564208984375,0,42.01432603405368,64.5970230102539,67.03629302978516,0.8333333333333334,0.5483870967741935,0.55,1,0.7078494623655914,0.3411202379452285,0.5196515161021431,0.1202408153844136,0.25806451612903225,53.35623714111028,46.64376285888972,,
309,Akarfall,47.1026,13.2114,76,O,76,1323.8770751953125,WI5-,,DGM_AT_5m_epsg31287,5.000000000000002,ok,9,76.58493233630924,69.459716796875,77.00538320808346,39.79641638861762,59.25144424438476,61.91476821899414,0.9888290754657394,0.5555555555555556,0.95,0.4786558271019327,0.8000638795631556,0.2543662742332176,0.479726227404896,0.03871281914137028,0.1111111111111111,51.55427053167868,48.44572946832132,,
310,Al Dente - Rosengarten,46.445692,11.61579,15,N,15,,WI4 / WI5,,eudem_dem_3035_europe,25,ok,68,661.1431045288931,399.944091796875,322.1250163489018,38.26656930586871,50.12997817993168,53.3160285949707,0.41250018165446434,0.6764705882352942,0.55,1,0.577941249132374,0.6281187768075981,0.4923673651177614,0.09222140207010156,0,68.73010104288392,31.269898957116084,,
311,Aldischlauch,47.6572,13.0368,15,N,15,,WI2+,,eudem_dem_3035_europe,25,ok,47,459.61940777125585,288.404296875,45,31.735674066746487,41.66490173339844,42.14317321777344,0.6666666666666667,0.6170212765957447,0.55,1,0.6617730496453901,0.46879252981632313,0.5058436248051567,0.01429820227179121,0,63.45579041642764,36.54420958357236,,
312,Alice im Wunderland,47.3671,15.4622,15,N,15,898.0531005859375,WI4,,DGM_AT_5m_epsg31287,5.000000000000002,ok,16,141.52096601222223,83.19085693359375,315,37.99114108085632,49.47008005777996,50.992923736572266,0.33333333333333337,0.6875,0.95,0.8845060375763889,0.6180339370909722,0.6204458872477213,0.5846776221039539,0.0082333042131116,0,72.37233939448407,27.627660605515928,,
314,Alles in Buddha - Hinteres Seebachtal,47.01617,13.25555,312,NW,312,1498.0579833984375,WI5,,DGM_AT_5m_epsg31287,5.000000000000002,ok,4,28.284271247461906,3.742431640625,315,7.4312485456466675,9.171419143676758,9.171419143676758,0.9666666666666668,0,0.95,0.1767766952966369,0.5943443361963303,0.19840240478515625,0.653529179931424,4.437764485677083e-4,0,55.25746218464628,44.74253781535372,,
315,Altenberg Nr. 6,47.6964,15.6699,226,SW,226,1284.6651611328125,WI5+,,DGM_AT_5m_epsg31287,5.000000000000002,ok,53,513.3720742782353,236.528076171875,222.51044707800088,47.75356659799252,65.45364634195964,75.93846893310547,0.9612271897555652,0.8867924528301887,0.95,1,0.9405286117512828,0.9039120464204992,0.5700405738412166,0.0234618462474267,0.01886792452830188,84.26914026472132,15.730859735278685,,
316,Aluhol - Maltatal,47.0104,13.4317,15,N,15,958.09014892578125,WI4,,DGM_AT_5m_epsg31287,5.000000000000002,ok,14,116.04396328538354,92.10174560546876,59.53445508054011,39.61349616731916,51.898755900065105,53.46269226074219,0.505172721327332,0.7142857142857143,0.95,0.7252747705336471,0.6788822798700118,0.6010269891648066,0.6695113179525585,0.00195414428820922,0,73.74491457546607,26.25508542453393,,
317,Amersee Eisfall,47.1446,12.5439,15,N,15,2034.26318359375,WI4-,,DGM_AT_5m_epsg31287,5.000000000000002,ok,15,140,174.7275390625,0,47.3365416208903,63.780094401041666,64.19371032714844,0.8333333333333334,0.7333333333333333,0.95,0.875,0.8308333333333334,0.22986653645833333,0.5136719737174628,0.02868401797281371,0.26666666666666666,49.94544645743863,50.05455354256137,,
318,Amertaler Eisfall - Felbertauern,47.1548566,12.5356571,15,N,15,1836.428955078125,WI4+,,DGM_AT_5m_epsg31287,5.000000000000002,ok,24,227.01951239034975,213.7921142578125,30.73548770192008,43.66546336809794,67.88180618286134,71.03904724121094,0.8251612477564436,0.75,0.95,1,0.8450644991025774,0.6803631252712674,0.4575421235457315,0.02638152787888733,0,71.52726316827257,28.47273683172743,,
319,Anderl-Lindner-Gedenkweg - Aggenstein Ostgipfel Nordwand,47.53732544,10.56064478,15,N,15,1792.2208251953125,50° / M7+ / WI6,,DGM_Tirol_5m_epsg31254_2006_2020,5,ok,30,260.99889587445176,119.0750732421875,353.99099404250546,36.06043561299642,52.587259801228846,57.85756301879883,0.7665666004722829,0.36666666666666664,1,1,0.7166266401889131,0.6530975341796875,0.5934534036984189,0.00426916425737241,0,74.14034084539897,25.859659154601033,,
320,Angerer Eisklettergarten - Reintal / Taufers,46.944,12.08182,15,N,15,,WI2 / M7,,eudem_dem_3035_europe,25,ok,23,211.3181806039581,92.9088134765625,33.69006752597977,28.689160471377164,35.8588981628418,35.8588981628418,0.7923325830446692,0.30434782608695654,0.55,1,0.6182373810439546,0.5558157658231431,0.5078840338097137,0.01724945872590162,0,67.36382113276625,32.63617886723375,,
321,Antrisch und Urig - Reintal / Taufers,46.9327816,12.120279,15,N,15,2277.007080078125,WI4+ / M4,,DGM_AT_5m_epsg31287,5.000000000000002,ok,33,315.04001492692845,172.214599609375,90.90938044919916,30.34147158536044,36.10337448120117,36.79198455810547,0.1565624394533428,0.30303030303030304,0.95,1,0.44353406669042805,0.3175955107717803,0.5167861654794891,8.003329123238647e-4,0,57.19544546347086,42.80455453652914,,
322,Aquädukt - Wasserkopf Nordwand,46.896235,12.050235,15,N,15,,M5 / 4,,eudem_dem_3035_europe,25,ok,39,375,341.103759765625,0,39.98776856446877,60.00770950317383,61.14285659790039,0.8333333333333334,0.6410256410256411,0.55,1,0.7356410256410256,0.5614504039797008,0.4937055164896232,0.02102286546912967,0,67.18744878194452,32.812551218055475,,
323,Aramis Eisfall,47.6443,13.1182,77,O,77,565.169189453125,WI5,,DGM_AT_5m_epsg31287,5.000000000000002,ok,20,179.25513208848528,117.43804931640624,79.38034472384487,44.51639528274536,63.2889892578125,66.1632308959961,0.9735517252906124,0.75,0.95,1,0.9044206901162448,0.9064000447591146,0.7979148940149797,0.00646585530291001,0,90.60655725847646,9.393442741523543,,
324,Argos - Reintal,46.921396,12.016372,15,N,15,,M9 / WI6+,,eudem_dem_3035_europe,25,ok,46,448.0988959794253,311.204345703125,334.9831065219,34.528064852175504,44.26016998291016,44.34654998779297,0.5553678502433337,0.717391304347826,0.55,1,0.6473645314016813,0.46887361830559326,0.5364109797004804,0.00122285000912413,0,64.48513031608123,35.514869683918775,,
325,Astner - Troi - Monte Cristallo Nordwand,46.5758149,12.2048031,15,N,15,,55° / WI5 / M6,,eudem_dem_3035_europe,25,ok,79,776.937285278814,411.1474609375,311.63353933657027,46.07334151449083,52.80528844197592,55.7120361328125,0.2959282148507807,0.9240506329113924,0.55,1,0.6055864758137299,0.8706010907008175,0.42887634047432305,0.1367228645438383,0,77.16450030251809,22.835499697481907,,
326,Ataraxia - Altenberg,47.703,15.6649,325,NW,325,1355.4427490234375,M8+ / WI6,,DGM_AT_5m_epsg31287,5.000000000000002,ok,11,94.07261890902632,132.55078125,319.3987053549955,41.58412378484552,73.01067860921225,75.26297760009766,0.9377633928332836,0.5454545454545454,0.95,0.5879538681814146,0.7875371075878184,0.4767992424242424,0.4361063574818272,0.04064427620985291,0.09090909090909093,60.63664841284863,39.36335158715137,,
327,Aug um Aug - Maltatal,46.993236,13.450032,20,N,20,1081.9815673828125,WI4+ / M4,,DGM_AT_5m_epsg31287,5.000000000000002,ok,33,311.4022187193642,289.5062255859375,18.12186024790134,42.16588396014589,58.16407394409178,59.75662612915039,0.979131780532237,0.8181818181818182,0.95,1,0.9271072576674404,0.5678410385594224,0.49510813212012345,0.00513587336789703,0,67.82783257081914,32.17216742918086,,
328,Aug um Aug - Grünseefälle,47.157214,12.616682,15,N,15,1864.0560302734375,WI5+ / M6+,,DGM_AT_5m_epsg31287,5.000000000000002,ok,23,213.7531995199795,247.6041259765625,26.565051177077976,46.0828507464865,64.94392140706381,68.09212493896484,0.8714994313658002,0.782608695652174,0.95,1,0.8733823812419722,0.46142755038496375,0.40691086655730535,0.04296132909687425,0.08695652173913043,59.208219631927214,40.791780368072786,,
329,Aurona - Zehner,46.622794,11.959408,15,N,15,,M9- / WI6,,eudem_dem_3035_europe,25,ok,55,536.4569222110184,431.13232421875,346.7594800848128,43.10515844171697,62.69463348388672,64.13319396972656,0.6862164453868091,0.8545454545454545,0.55,1,0.74085021451836,0.7009710138494318,0.4411463622049896,0.16230051065936232,0.09090909090909093,68.41725355607102,31.582746443928983,,
330,Außerstein Eisfall,46.9705,11.3312,195,S,195,1469.105224609375,WI3,,DGM_AT_5m_epsg31287,5.000000000000002,ok,6,50,32.4276123046875,180,32.00444189707438,40.53521728515625,40.53521728515625,0.8333333333333334,0.3333333333333333,0.95,0.3125,0.6545833333333333,0.4491424560546875,0.5730351276219358,8.218553331163195e-4,0,64.52085160634701,35.47914839365299,,
331,AV - Eisschlauch,47.729,15.7555,15,N,15,1069.0042724609375,WI5 / M5,,DGM_AT_5m_epsg31287,5.000000000000002,ok,46,445.3653774858127,405.4465942382813,335.55604521958344,52.55858151809029,69.29713923136393,72.78643035888672,0.5617338357731494,0.9130434782608696,0.95,1,0.7886065777875205,0.7100903054942256,0.4772342748744539,0.03222221482892696,0.06521739130434782,72.58830240947948,27.41169759052052,,
332,Avatar- Pordoi Nordwestwand,46.505141,11.805432,15,N,15,,M6 / WI5+,,eudem_dem_3035_europe,25,ok,54,526.3433433309901,472.642578125,287.10272896905235,54.801859361154065,67.0826810201009,67.28974151611328,0.02336365521169281,0.8518518518518519,0.55,1,0.4749010176402326,0.5662152325665509,0.46985976900304954,0.0865424721053353,0.12962962962962962,64.19903395216802,35.80096604783198,,
333,B-Vitamin - Altenberg,47.703,15.6649,15,N,15,1355.4427490234375,M6+ / WI3+,,DGM_AT_5m_epsg31287,5.000000000000002,ok,14,126.60287945321797,133.225830078125,350.5376777919744,47.56410503387451,73.08013432820638,74.43389129638672,0.7281964199108264,0.7142857142857143,0.95,0.7912679965826122,0.7746910819083059,0.8743954613095238,0.4392634399688437,0.03037365871880735,0,79.72190858377351,20.278091416226488,,
334,Back to the roots,47.2039,12.2469,71,O,71,1290.899169921875,WI6,,DGM_AT_5m_epsg31287,5.000000000000002,ok,15,130.89671870406954,222.0374755859375,68.62937773065681,48.09667676289876,77.09416046142579,78.8185806274414,0.9736597525628536,0.6666666666666666,0.95,0.8181044919004347,0.8612743502151848,0.6086052788628472,0.46369574356557025,0.05314640824993452,0,67.9167029729687,32.08329702703131,,
335,Backline - Hochgall Nordwand,46.917701,12.147701,15,N,15,2993.730712890625,50° / M5 / 4,,DGM_Tirol_5m_epsg31254_2006_2020,5,ok,42,396.4475701536297,213.0830078125,14.036243467926454,38.74900772458031,58.83214670817057,73.57222747802734,0.9892915940880715,0.47619047619047616,1,1,0.8385737804923715,0.7810533311631944,0.48371002188715273,0.01560493782421367,0,76.92805169303828,23.071948306961716,,
336,Bärenköpfe Ostrinne,47.1448,12.5255,15,N,15,2608.36279296875,WI4+,,DGM_Tirol_5m_epsg31254_2006_2020,5,ok,67,655.2250505141582,232.891845703125,91.31188778250412,32.5960963567098,47.194894409179696,68.99994659423828,0.15209013574995411,0.5,1,1,0.5108360542999817,0.6057362722520212,0.47600679092910586,0.01207549048580624,0.01492537313432835,68.7675384835092,31.2324615164908,,
337,Bärenkopf Nordwand,47.1324,12.729,15,N,15,3239.734375,45° / 1,,DGM_AT_5m_epsg31287,5.000000000000002,ok,45,437.02717878026743,187.54248046875,345.2032377549426,47.42177814907498,53.05130259195964,54.40152740478515,0.6689248639438069,0.9333333333333332,0.95,1,0.8375699455775226,0.5117354781539352,0.4743731565784939,0.00605394033094247,0,64.76634662477058,35.23365337522942,,
339,Bauarbeiterdekolleté - Koflachgraben,46.665186,13.620508,15,N,15,821.82086181640625,WI4-,,DGM_AT_5m_epsg31287,5.000000000000002,ok,14,122.8255752204166,130.5313720703125,342.34987578006985,43.59994792938232,63.64323069254557,64.91524505615234,0.6372208420007761,0.7142857142857143,0.95,0.7676598451276038,0.7359400355987851,0.6203566051664806,0.598499130176959,0.0205204871793588,0.14285714285714285,71.03954431475701,28.96045568524299,,
340,Baubau - Traunik,46.451021,13.648479,15,N,15,,WI6+,,eudem_dem_3035_europe,25,ok,56,538.8290869339993,471.2738037109375,311.63353933657027,54.63378282955715,67.20060729980469,69.10636138916016,0.2959282148507807,0.875,0.55,1,0.5908712859403122,0.7249577840169271,0.5107392595826883,0.15406939125664176,0.14285714285714285,70.88162251662466,29.11837748337534,,
341,Beauty of Aurina - Rauchkofel Nordwand Rücken,46.964235,11.992546,15,N,15,,M4,,eudem_dem_3035_europe,25,ok,25,237.93848112533465,118.5517578125,26.565051177077976,26.823955688476563,36.38888168334961,36.38888168334961,0.8714994313658002,0.2,0.55,1,0.6185997725463201,0.5246085611979167,0.5143747337223302,0.02675520146886507,0,65.9316495675872,34.0683504324128,,
342,Belvedere - Val Travenanzes,46.577664,12.066561,15,N,15,,WI4+,,eudem_dem_3035_europe,25,ok,43,417.60683562531904,333.550537109375,24.44395478041656,47.328995904257134,53.91388320922851,53.97734451293945,0.8950671691064827,0.8372093023255814,0.55,1,0.79,0.4913713322129361,0.4600558725399605,0.04156909467175949,0,62.78172486964594,37.21827513035406,,
343,Berglerrinne - Großglockner,47.0776,12.6972,15,N,15,3193.271240234375,55° / 3,,DGM_Tirol_5m_epsg31254_2006_2020,5,ok,42,395.14031741614986,142.921630859375,24.10223450116115,43.36276231493269,56.07785377502441,66.688995361328125,0.8988640610982095,0.9047619047619048,1,1,0.9309741958678552,0.7427886478484623,0.5259105434425457,0.01415827713693337,0,76.29008719650578,23.70991280349422,,
344,Berserker,46.882,9.58214,15,N,15,,WI7,,eudem_dem_3035_europe,25,ok,46,444.0044983033168,328.847412109375,25.01689347810003,37.55125539199166,42.19196319580078,42.45327377319336,0.8887011835766663,0.717391304347826,0.55,1,0.7806978647350142,0.42392321600430255,0.5102620091732406,0.01794199837182743,0,61.47425498208808,38.52574501791192,,
345,Biancograt - Piz Bernina,46.37365,9.88012,15,N,15,,45° / 3,,eudem_dem_3035_europe,25,ok,47,448.551645691871,387.43359375,53.13010235415595,44.72458358521157,58.49422836303711,61.758060455322266,0.5763321960649339,0.8297872340425532,0.55,1,0.6894690486387395,0.5015059667276153,0.415191178006499,0.1559991923735497,0,59.82756410543417,40.17243589456583,,
346,Black Pearl - Anlauftal,47.0656678,13.1358814,9,N,9,1690.9522705078125,M9 / WI7-,,DGM_AT_5m_epsg31287,5.000000000000002,ok,60,587.3819300857077,344.6407470703125,358.02506598911805,41.760562610626224,54.995340983072914,66.99625396728516,0.8780562887679784,0.9333333333333332,0.95,1,0.9212225155071913,0.8922458224826388,0.5107238944531487,0.00269373902281384,0,82.86528459259118,17.13471540740882,,
347,Blue Steel,47.8658,15.2655,15,N,15,653.47430419921875,WI5,,DGM_AT_5m_epsg31287,5.000000000000002,ok,51,470.438749944452,256.79925537109375,91.9091524329964,55.07713287951899,72.05247701009114,74.27684020996094,0.1454538618555956,0.8823529411764706,0.95,1,0.6128874270951794,0.8290763306461908,0.5624047762803747,0.03954849852358594,0.0196078431372549,80.3815058842437,19.618494115756302,,
348,Bonanza - Thiersee,47.584595,12.1215531,15,N,15,637.9263916015625,M6+,,DGM_Tirol_5m_epsg31254_2006_2020,5,ok,7,55.354409645940066,15.93701171875,345.9637565320736,28.420898028782435,48.15464579264323,48.70074844360352,0.6773750725785956,0.42857142857142855,1,0.3459650602871254,0.6341179636315795,0.4317844935825893,0.5561801322047384,0.00974404882817041,0,63.13992453977156,36.86007546022844,,
349,Bow man - Glemmtal,47.36111,12.76655,15,N,15,1161.2135009765625,WI6 / M6,,DGM_AT_5m_epsg31287,5.000000000000002,ok,59,564.9553671457056,563.5133056640625,1.06091169026422,48.454008555008194,58.29021326700847,63.36854553222656,0.8451212410029358,0.847457627118644,0.95,1,0.8822857845367674,0.5337457171941208,0.3899365903589342,0.02309897238925352,0,63.30499258492372,36.69500741507628,,
350,Braune Spur,47.1638,12.6222,306,NW,306,1658.0059814453125,WI4,,DGM_AT_5m_epsg31287,5.000000000000002,ok,9,74.90627457470643,80.100341796875,315,41.20510334438748,63.972182210286455,64.90306091308594,0.9,0.5555555555555556,0.95,0.4681642160919152,0.7634830882758583,0.6365006058304398,0.5729715178412067,0.02120988953996587,0.1111111111111111,71.43150630648954,28.56849369351046,,
351,Brause,47.5495,13.6155,15,N,15,671.88531494140625,WI4,,DGM_AT_5m_epsg31287,5.000000000000002,ok,19,167.84503003188706,105.07647705078124,317.2906100426385,53.36854964808414,68.23514353434246,68.93021392822266,0.3587845560293166,0.7368421052631579,0.95,1,0.654566453990674,0.8330000492564419,0.7222861917058446,0.01112401799151772,0,85.31967664935564,14.680323350644358,,
352,Breithorn Nordwand (NNW),45.9521,7.75519,49,NO,49,3164.7841796875,60°,,eudem_dem_3035_europe,25,ok,33,318.1980515339464,203.614990234375,45,31.1112266887318,50.94780349731445,50.94780349731445,0.9555555555555556,0.42424242424242425,0.55,1,0.7194949494949494,0.41832078105271464,0.45348286982074143,0.09899175498220655,0,58.18167179324656,41.81832820675344,,
353,Brunegghorn NO-Wand,46.1275,7.74643,14,N,14,3607.913330078125,60°,,eudem_dem_3035_europe,25,ok,40,388.6607539281294,332.818603515625,7.594643368591448,38.557698774337766,53.29698181152344,58.02023696899414,0.9288293707621272,0.65,0.55,1,0.7765317483048508,0.26524454752604165,0.4256559692507178,0.15069039165973663,0,49.563596036745096,50.436403963254904,,
354,Buchwald Eisfall,46.468523,11.21324,15,N,15,,WI4+,,eudem_dem_3035_europe,25,ok,16,141.4213562373095,42.06298828125,45,16.43651819229126,18.732797622680664,18.732797622680664,0.6666666666666667,0,0.55,0.8838834764831844,0.46505501431498514,0.32825469970703125,0.5242949430397332,0.01238361086385945,0,57.63116284553254,42.36883715446746,,
355,Buddhabrot - Hinteres Seebachtal,47.01617,13.25555,312,NW,312,1498.0579833984375,WI5,,DGM_AT_5m_epsg31287,5.000000000000002,ok,4,28.284271247461906,3.742431640625,315,7.4312485456466675,9.171419143676758,9.171419143676758,0.9666666666666668,0,0.95,0.1767766952966369,0.5943443361963303,0.19840240478515625,0.653529179931424,4.437764485677083e-4,0,55.25746218464628,44.74253781535372,,
356,Bumiller Pfeiler,46.3856,9.95499,15,N,15,,55° / 5+,,eudem_dem_3035_europe,25,ok,48,464.4128774002648,329.5537109375,349.3803447238449,40.50890644391378,47.99871063232422,48.19988632202149,0.715337163598277,0.8541666666666666,0.55,1,0.7523848654393108,0.679962158203125,0.5095769272328733,0.00311528317009409,0,73.27541463656058,26.724585363439417,,
357,Bussardwaldfall - Mallnitzer Tauerntal,46.995259,13.124862,22,N,22,1480.822509765625,WI3,,DGM_AT_5m_epsg31287,5.000000000000002,ok,27,255.336409174279,255.552734375,32.38067770656926,44.175567132455335,51.18385314941406,55.76639938354492,0.8846591365936749,0.8148148148148148,0.95,1,0.8883080990819144,0.5196879822530864,0.45914375670561214,0.02155296079078574,0,64.43349390321347,35.566506096786526,,
359,Cascata della Madonnina,46.183,10.4752,15,N,15,,WI6,,eudem_dem_3035_europe,25,ok,38,364.4128774002648,305.22802734375,289.9831065219,39.58764718708239,55.97779083251953,56.13629913330078,0.05536785024333368,0.631578947368421,0.55,1,0.42162082430785974,0.6690995065789473,0.48369003573117286,0.07804149781402789,0,70.64089873305139,29.359101266948613,,
360,Cascata di Irene - Val Travenanzes,46.577664,12.066561,15,N,15,,WI5 / WI5,,eudem_dem_3035_europe,25,ok,43,417.60683562531904,333.550537109375,24.44395478041656,47.328995904257134,53.91388320922851,53.97734451293945,0.8950671691064827,0.8372093023255814,0.55,1,0.79,0.4913713322129361,0.4600558725399605,0.04156909467175949,0,62.78172486964594,37.21827513035406,,
361,Cassiopeo - Val Lasties,46.51566,11.80817,15,N,15,,WI5 / 90°,,eudem_dem_3035_europe,25,ok,44,423.8529450557232,305.0947265625,317.7263109939063,37.76464906605807,59.38656997680664,60.52791213989258,0.3636256777100698,0.6590909090909091,0.55,1,0.5531775438113007,0.3964543198094224,0.47802556686621706,0.15028286928480322,0.04545454545454545,56.33088072283792,43.66911927716208,,
363,Chimichanga,47.7003,12.7978,15,N,15,,M8,,eudem_dem_3035_europe,25,ok,44,424.2640687119285,373.0076293945313,45,38.84078029069033,60.57925796508789,62.45770263671875,0.6666666666666667,0.5681818181818182,0.55,1,0.6471212121212122,0.49794688369288587,0.474493651435163,0.1630799433950222,0.06818181818181818,60.32653400234032,39.67346599765968,,
364,Chohiba,47.0868,13.1006,15,N,15,1257.1849365234375,WI6+,,DGM_AT_5m_epsg31287,5.000000000000002,ok,32,305.5204294341332,299.3675537109375,10.124671655397831,43.39804542064667,56.432014592488606,63.63502502441406,0.945829685059976,0.8125,0.95,1,0.9120818740239904,0.4161020914713542,0.4541895447692258,0.02476459966662029,0.0625,58.95904074210918,41.04095925789082,,
365,Christ - Baum Rauristal - Kolm Saigurn,47.0665,12.9827,15,N,15,1709.69189453125,WI6,,DGM_AT_5m_epsg31287,5.000000000000002,ok,9,76.03005580576233,115.7762451171875,36.86989764584405,38.00478405422635,75.68289388020833,75.976531982421875,0.7570011372683995,0.4444444444444444,0.95,0.47518784878601456,0.6736525731192947,0.4712467900028935,0.46943919374179666,0.03300009805847098,0,62.28208343250571,37.71791656749429,,
366,Christmas Present,47.2064,12.731,15,N,15,1444.0069580078125,WI3+,,DGM_AT_5m_epsg31287,5.000000000000002,ok,47,437.2663959572767,212.9781494140625,326.30993247402023,54.15797947822733,69.73823801676433,73.30855560302734,0.4589992497113359,0.8723404255319149,0.95,1,0.7353018275441089,0.7734898776872784,0.6983731117142152,0.00311933118843387,0.02127659574468085,81.99121970756742,18.008780292432576,,
367,Cima del Cantone Nordwand,46.3125,9.67887,15,N,15,,50°,,eudem_dem_3035_europe,25,ok,29,275,215.29248046875,0,35.142494629169335,53.29098841349284,53.2916374206543,0.8333333333333334,0.5172413793103449,0.55,1,0.6985057471264368,0.5015539410470546,0.5336444031388029,0.05730352525053353,0,64.76496692057687,35.23503307942313,,
368,Cima di Rosso Nordwand,46.3099,9.71803,15,N,15,,55°,,eudem_dem_3035_europe,25,ok,21,200,109.09375,0,29.420087541852677,41.251243591308594,41.251243591308594,0.8333333333333334,0.23809523809523808,0.55,1,0.6147619047619047,0.4048510354662698,0.53137776366451,0.026961688247938,0,60.96350692263612,39.03649307736388,,
370,Cold Heart - Val Lasties,46.51566,11.80817,15,N,15,,M6+,,eudem_dem_3035_europe,25,ok,44,423.8529450557232,305.0947265625,317.7263109939063,37.76464906605807,59.38656997680664,60.52791213989258,0.3636256777100698,0.6590909090909091,0.55,1,0.5531775438113007,0.3964543198094224,0.47802556686621706,0.15028286928480322,0.04545454545454545,56.33088072283792,43.66911927716208,,
371,Columbus - Maltatal,47.0149,13.4251,16,N,16,1026.4884033203125,WI5,,DGM_AT_5m_epsg31287,5.000000000000002,ok,8,63.19177618528104,58.26715087890625,9.462322208025626,34.54397198557854,61.10763422648112,61.619625091552734,0.9273591356447292,0.5,0.95,0.3949486011580065,0.7504385143736924,0.4531472524007161,0.6879472429171969,0.01307423030569528,0,67.32882282484823,32.67117717515177,,
372,Comelle - Val di Gares,46.306749,11.882662,15,N,15,,WI5 / M5,,eudem_dem_3035_europe,25,ok,14,127.59915613829348,5.13623046875,36.86989764584405,2.4979821358408247,3.3077728748321533,3.3077728748321533,0.7570011372683995,0,0.55,0.7974947258643341,0.4925499274937932,0.06583731515066965,0.5974513423040791,0,0,47.898962739382114,52.101037260617886,,
373,Comme des Garçons - Grünseefälle,47.1572,12.6162,20,N,20,1882.8387451171875,WI6 / M5,,DGM_AT_5m_epsg31287,5.000000000000002,ok,28,268.70057685088807,307.6748046875,45,45.885487352098735,65.44095865885417,68.810882568359375,0.7222222222222222,0.8571428571428571,0.95,1,0.836031746031746,0.6279384068080357,0.5579675704287964,0.00717000108921811,0.03571428571428571,71.7058746881543,28.294125311845704,,
374,Couloir Holzknecht - Langkofel,46.51788,11.73699,15,N,15,,WI5+,,eudem_dem_3035_europe,25,ok,73,714.4895850875321,527.990478515625,318.0127875041833,59.40061511732127,67.56128946940105,69.94867706298828,0.3668087500464808,1,0.55,1,0.6567235000185923,0.821357901237871,0.531035447441641,0.09399800815674812,0.0821917808219178,77.53511377039108,22.46488622960892,,
375,Couloir Mistica - Innerkoflerturm,46.511,11.7271,15,N,15,,WI4+ / M4,,eudem_dem_3035_europe,25,ok,61,591.686110014989,439.51806640625,321.842773412631,46.902259513980056,62.28621342976888,62.7489013671875,0.40936414902923335,0.8524590163934426,0.55,1,0.6294833645297261,0.5486430183785861,0.4254458964770117,0.12350630762228548,0.11475409836065574,61.7074161029094,38.2925838970906,,
376,Countless hours - Hintersee,47.191394,12.471352,15,N,15,1315.55078125,M7 / WI6,,DGM_AT_5m_epsg31287,5.000000000000002,ok,54,508.3181583235246,299.0966796875,17.402704131356302,50.154155272024646,72.37643152872721,83.40208435058594,0.9733032874293744,0.925925925925926,0.95,1,0.9570990927495276,0.7569088406032987,0.4876307370057641,0.01825227235935421,0,75.88662080510545,24.11337919489455,,
377,Crazy Diamond - Reintal,46.9354,12.0512,15,N,15,,M8+ / WI5+,,eudem_dem_3035_europe,25,ok,56,550,424.3299560546875,0,40.54681202343532,49.663672510782874,52.82769775390625,0.8333333333333334,0.75,0.55,1,0.7683333333333333,0.7619623456682477,0.5384084864843409,0.02037367228573809,0,77.34104427146491,22.65895572853509,,
378,Creag Dhubh na Caillich Dry Tooling Crag,56.842331,-5.026777,,,351.3982849121094,,M4 / M8,,eudem_dem_3035_europe,25,ok,11,100,47.31121826171875,0,24.735483342950996,26.92034339904785,26.92034339904785,0.9044253879123264,0,0.55,0.625,0.5342701551649306,0.09528477986653644,0.4670741872742428,0.02382228410605228,0,45.488224093729166,54.511775906270834,,
379,Culo sporgente - Kolfuschg,46.538525,11.830087,15,N,15,,WI5+ / M7,,eudem_dem_3035_europe,25,ok,48,458.91724263005153,412.260009765625,79.69515353123398,60.920371890068054,77.7915267944336,77.923431396484375,0.28116496076406683,0.8541666666666666,0.55,1,0.5787159843056267,0.6937349107530382,0.4608712682535272,0.12774148024618626,0.125,68.93502308530118,31.064976914698818,,
380,Damokles - Mölltal Kaltenbrunnerwald,46.881593,12.891214,15,N,15,1114.6712646484375,M7,,DGM_AT_5m_epsg31287,5.000000000000002,ok,45,431.9808058083806,271.8018798828125,344.6044507460049,44.0218002319336,54.29202728271484,59.43687057495117,0.6622716749556099,0.8888888888888888,0.95,1,0.8215753366489106,0.8127169008608217,0.5138397167962159,0.00992414363211503,0,79.21977058600007,20.780229413999933,,
381,Damokles sei Taschenfeitl - Mölltal Kaltenbrunnerwald,46.881593,12.891214,275,W,275,1114.6712646484375,WI6+ / M8,,DGM_AT_5m_epsg31287,5.000000000000002,ok,25,234.52871337487716,195.22381591796875,302.3474434994421,42.53153732299805,58.242502848307296,59.43687057495117,0.6961395166728658,0.84,0.95,1,0.8204558066691462,0.6192677815755209,0.5503982126528781,0.01025638986378908,0,71.42187768994461,28.57812231005539,,
382,Das Schweigen der Lämmer - Hintersee,47.191394,12.471352,72,O,72,1315.55078125,M7+ / WI6+,,DGM_AT_5m_epsg31287,5.000000000000002,ok,21,191.51115561222613,283.207275390625,83.8298249049704,46.4671258472261,68.6739435831706,80.6385498046875,0.8685575010558845,0.8095238095238095,0.95,1,0.8802801432794966,0.363036624968998,0.4806659456328205,0.03872882533404562,0,57.57872025774451,42.42127974225549,,
383,Das Schwert des Damokles - Colfuschg,46.54301,11.85402,15,N,15,,85° / WI4+,,eudem_dem_3035_europe,25,ok,26,250,170.2716064453125,0,33.682844602144684,42.85997606913249,44.81978225708008,0.8333333333333334,0.4615384615384616,0.55,1,0.6817948717948719,0.29647553272736377,0.4702695193109197,0.0445294718329723,0,54.207547518844926,45.792452481155074,,
384,Deep Blue,47.8653,15.2671,335,NW,335,636.1854248046875,WI5,,DGM_AT_5m_epsg31287,5.000000000000002,ok,44,413.508893951842,305.8006591796875,346.86597769360367,55.932560443878174,68.79579111735026,70.3099136352539,0.8681558034044037,0.9318181818181818,0.95,1,0.916807775907216,0.635583241780599,0.4163640911100585,0.05226781100712039,0.11363636363636365,66.82862830137238,33.171371698627624,,
385,Defensive Zone - Vorderes Seebachtal,47.016116,13.202077,15,N,15,1500.8660888671875,WI5+ / M4,,DGM_AT_5m_epsg31287,5.000000000000002,ok,55,528.391320791145,511.12060546875,7.352379359892382,49.84059285250577,63.10996729532877,68.72160339355469,0.9150264373321376,0.9454545454545454,0.95,1,0.9396469385692188,0.73787841796875,0.494461412843572,0.02084407101342962,0.01818181818181818,74.96736452759627,25.03263547240373,,
386,Der blaue Engel - Tourmäuer,47.8654,15.266,37,NO,37,644.6314697265625,WI6-,,DGM_AT_5m_epsg31287,5.000000000000002,ok,32,304.05591591021545,332.47998046875,45,51.12660938501358,62.717414474487285,77.5008773803711,0.9111111111111112,0.8125,0.95,1,0.8981944444444444,0.8243891398111979,0.5560755131168107,0.02545022785974045,0.03125,80.17789456222937,19.82210543777063,,
387,Der gespaltene König - Pflerscher Tribulaun Südwand,46.98350595,11.33628379,15,N,15,2641.81201171875,WI4 / M4,,DGM_Tirol_5m_epsg31254_2006_2020,5,ok,67,642.9901916481464,463.776123046875,75.96375653207355,49.66262780374556,73.92058715820315,84.77986145019531,0.32262492742140503,0.8656716417910447,1,1,0.6887514635058755,0.8776393909359452,0.5696033589369984,0.05508111650935045,0.02985074626865671,82.33372677266892,17.666273227331075,,
388,Der gespaltene König - Pflerscher Tribulaun Südwand,46.9836,11.3361,15,N,15,2648.201171875,85°,,DGM_Tirol_5m_epsg31254_2006_2020,5,ok,66,638.2058848013457,460.05615234375,71.87813975209866,51.089196262937605,77.06699701944987,82.61662292480469,0.368020669421126,0.8787878787878788,1,1,0.7108446314048139,0.9063036369554924,0.5853784572631366,0.02875672511326036,0.01515151515151515,84.69147544079522,15.308524559204784,,
390,Der seltene Heinrich - Wildgall Nordostwand,46.903364,12.138297,,,112.36235809326172,2854,M5,,DGM_AT_5m_epsg31287,5.000000000000002,ok,76,716.3791301039289,225.359130859375,92.2679545359058,25.54115235178094,32.132078425089524,48.60298156738281,0.776728849362712,0.05263157894736842,0.95,1,0.6164810134292954,0.4324828030770285,0.541008209834341,0.00158958361102952,0,62.95513971210421,37.04486028789579,,
391,Der weiße Pinguin - Außergschlöß,47.1252526,12.4609621,355,N,355,1685.143798828125,WI5 / M4,,DGM_Tirol_5m_epsg31254_2006_2020,5,ok,3,20,4.78125,0,19.099063555399574,24.21184539794922,24.21184539794922,0.9444444444444444,0,1,0.125,0.5902777777777777,0.3993360731336806,0.5574930502906242,0.00506337483723958,0,61.80618205153644,38.19381794846356,,
392,Desni Slap - Prisank,46.432066,13.761646,15,N,15,,WI5-,,eudem_dem_3035_europe,25,ok,55,533.3029368478138,380.6728515625,349.99202019855863,47.66029416864568,59.926351928710936,61.80170822143555,0.7221335577617626,0.8727272727272727,0.55,1,0.7606716049228868,0.7268743341619318,0.5394441216836326,0.01119272261857986,0,75.97159362700616,24.02840637299384,,
393,Devils Dance - Grünseefälle,47.1574,12.616,58,NO,58,1884.055419921875,WI4,,DGM_AT_5m_epsg31287,5.000000000000002,ok,17,153.06907146624172,227.9931640625,65.22485943116806,48.20894241333008,72.99855753580732,76.60228729248047,0.9197237840981328,0.7058823529411765,0.95,0.9566816966640108,0.8653223891880072,0.1247229482613358,0.4471786756571286,0.05880760561273086,0.17647058823529413,43.851141568580765,56.148858431419235,,
394,Diamante - Val Travenanzes,46.577664,12.066561,15,N,15,,WI5,,eudem_dem_3035_europe,25,ok,43,417.60683562531904,333.550537109375,24.44395478041656,47.328995904257134,53.91388320922851,53.97734451293945,0.8950671691064827,0.8372093023255814,0.55,1,0.79,0.4913713322129361,0.4600558725399605,0.04156909467175949,0,62.78172486964594,37.21827513035406,,
395,Die 3 Musketiere - Maltal,46.988337,13.373505,15,N,15,1326.3482666015625,WI5+ / WI6-,,DGM_AT_5m_epsg31287,5.000000000000002,ok,24,226.36889374380243,194.3951416015625,2.7927023657132963,40.04551490147909,49.99801432291666,52.881954193115234,0.8643633596190367,0.75,0.95,1,0.8607453438476146,0.4584706624348958,0.5229341961712607,0.00740742383029808,0,63.55638623724587,36.44361376275413,,
396,Die Abenteuer des Augie March,47.10426,12.6481,15,N,15,2703.03076171875,M7 / WI6-,,DGM_Tirol_5m_epsg31254_2006_2020,5,ok,57,542.3150868386829,216.728271484375,14.656751115760414,32.29705991243061,50.949068450927726,53.64080810546875,0.996186123508449,0.24561403508771928,1,1,0.7721586599296953,0.5661110682794225,0.590284380379761,0.00698254000056873,0,70.09245678205666,29.907543217943346,,
397,Die Brücke von Khazad -Dûm,47.6032,15.1138,77,O,77,1716.635498046875,M8+ / WI6-,,DGM_AT_5m_epsg31287,5.000000000000002,ok,29,243.28232173464357,244.959228515625,137.60256220249985,45.57036255145895,73.19787851969402,75.25896453857422,0.3266381977500019,0.6896551724137931,0.95,1,0.6275518308241387,0.7696157871991739,0.6477482872250677,0.01923426874410147,0.06896551724137931,79.7520770572937,20.247922942706296,,
398,Die linke Hand des Teufels - Pirschschneid,47.55104,11.4732,15,N,15,,WI5,,eudem_dem_3035_europe,25,ok,11,100,47.67999267578125,0,27.017060193148527,29.40199851989746,29.40199851989746,0.8333333333333334,0,0.55,0.625,0.5058333333333334,0.3819321141098485,0.5401753012200359,0.00361579363093231,0,60.619011792825425,39.380988207174575,,
399,Diesbachfall,47.4987,12.8041,230,SW,230,715.26043701171875,WI3+,,DGM_AT_5m_epsg31287,5.000000000000002,ok,4,28.284271247461906,12.232177734375,225,22.017639636993408,25.291616439819336,25.291616439819336,0.9444444444444444,0,0.95,0.1767766952966369,0.5854554473074414,0.94256591796875,0.8516750701362334,0,0,93.70734306199958,6.29265693800042,,
400,Direkt Nord - Mittlerer Maurerkeeskopf,47.07629,12.26722,15,N,15,3292.167236328125,M5,,DGM_Tirol_5m_epsg31254_2006_2020,5,ok,17,160,88.339599609375,0,39.62366008758545,50.05870259602866,52.40196990966797,0.8333333333333334,0.7647058823529411,1,1,0.8627450980392156,0.4321061676623774,0.39187441466351514,0.00864574939523841,0,59.0687229234901,40.9312770765099,,
401,Direkte Nordwand - Zugspitze,47.456045,10.994282,15,N,15,1010.7634887695313,A3 / M6 / 5+,,DGM_Tirol_5m_epsg31254_2006_2020,5,ok,4,28.284271247461906,2.3590087890625,45,10.703177213668823,12.698229789733888,12.698229789733888,0.6666666666666667,0,1,0.1767766952966369,0.4843443361963304,0.2687861124674479,0.46770710163070706,0.00165900479381283,0,53.75487250592658,46.24512749407342,,
402,Dogma - Reintal,46.9252982,12.0147726,15,N,15,,M8 / WI6,,eudem_dem_3035_europe,25,ok,56,550,433.0457763671875,0,37.67890807560512,53.85172983805339,59.042633056640625,0.8333333333333334,0.75,0.55,1,0.7683333333333333,0.5361255464099702,0.46990731552415355,0.05696406215429306,0,64.73405123346664,35.265948766533356,,
403,Doubleshot - Rauchkofel Westgipfel Nordwand,46.9606643,11.9939012,15,N,15,,M5,,eudem_dem_3035_europe,25,ok,41,392.1182177880305,297.799560546875,7.594643368591448,36.16512452102289,50.69473648071289,51.32700729370117,0.917718259651016,0.6097560975609756,0.55,1,0.7600141331286991,0.5726283623920223,0.4754982752661647,0.04263473817003452,0,66.80303842589443,33.19696157410557,,
404,Dreikönigsfall,47.0789,13.1382,195,S,195,1260.9183349609375,WI4+,,DGM_AT_5m_epsg31287,5.000000000000002,ok,21,190.1427174407936,189.152099609375,197.9279197620073,43.55865669250488,59.46004689534506,64.4775619506836,0.9674675581999193,0.7619047619047619,0.95,1,0.9055584518513964,0.39117867606026785,0.4595821723404287,0.0279049541254247,0.09523809523809525,57.58211469633332,42.41788530366668,,
405,Drytooling-Bereich Dörnbach,48.2849,14.2117,15,N,15,364.8993225097656,M4+ / M6+,,DGM_AT_5m_epsg31287,5.000000000000002,ok,4,28.284271247461906,9.205657958984377,45,19.609280824661255,26.6864070892334,26.6864070892334,0.6666666666666667,0,0.95,0.1767766952966369,0.4743443361963304,0.1833820343017578,0.5832485075392484,1.5684410269993046e-4,0,52.83026735000631,47.16973264999369,,
406,Drytoolinggebiet Adlitzgräben,47.6578,15.7907,349,N,349,855.64007568359375,M8,,DGM_AT_5m_epsg31287,5.000000000000002,ok,7,55,31.91986083984375,0,28.682030814034597,42.753744252522786,42.78085708618164,0.8777777777777778,0.42857142857142855,0.95,0.34375,0.7040575396825397,0.12615821475074404,0.6974981046247157,0.01246162681352524,0,52.86533974313087,47.13466025686913,,
408,Dünner Schauder - Kolfuschg,46.54339,11.85239,15,N,15,,90° / WI5+ / M4,,eudem_dem_3035_europe,25,ok,26,250,168.98291015625,0,33.72000987713154,39.681248092651366,40.44889450073242,0.8333333333333334,0.4615384615384616,0.55,1,0.6817948717948719,0.1898345947265625,0.4683138478637228,0.04073728283700079,0,49.43565730254837,50.56434269745163,,
409,Ein Bolt kommt selten allein - Burgschrofen Kraspestal,47.19127272,11.06475592,15,N,15,2004.795166015625,M7,,DGM_Tirol_5m_epsg31254_2006_2020,5,ok,15,135,221.8250732421875,0,53.347137196858725,67.30499420166015,71.30705261230469,0.8333333333333334,0.7333333333333333,1,0.84375,0.8377083333333334,0.30316569010416666,0.4796563052817791,0.02409261999030908,0.26666666666666666,52.485344620259134,47.514655379740866,,
410,Ein Tag zum Träumen - Langental,46.583044,11.822226,15,N,15,,WI6 / M7,,eudem_dem_3035_europe,25,ok,16,141.4213562373095,73.9365234375,45,29.18802785873413,34.187435150146484,34.187435150146484,0.6666666666666667,0,0.55,0.8838834764831844,0.46505501431498514,0.5283927917480469,0.5431178799666574,0,0,67.35562262782854,32.64437737217146,,
411,Eisausflug,47.2063,12.7314,6,N,6,1455.6141357421875,WI4,,DGM_AT_5m_epsg31287,5.000000000000002,ok,55,524.2403855277987,289.972900390625,318.144957464698,53.728431112116034,71.04082336425782,74.19893646240234,0.468277305163311,0.8909090909090909,0.95,1,0.7445836493380517,0.6768310546875,0.6532662856044316,0.00846368813548575,0.07272727272727272,75.89250811106585,24.10749188893415,,
412,Eiserne Jungfrau,46.6704,12.1502,15,N,15,,M8+ / WI6,,eudem_dem_3035_europe,25,ok,44,421.4153883599654,309.66357421875,3.576334374997373,45.61011637340892,67.68983459472656,69.80986022949219,0.8730703819444152,0.7727272727272727,0.55,1,0.79,0.8210546320134943,0.47699518805728863,0.1091977576442966,0,76.68838298915352,23.311617010846476,,
413,Eisfall Mur de Pisciadù,46.542387,11.823542,,,352.5655212402344,,WI6 / M6,,eudem_dem_3035_europe,25,ok,48,463.6100223185038,351.576416015625,263.6598082540901,60.096940795580544,73.44449615478516,74.54286193847656,0.01215874459839672,0.8541666666666666,0.55,1,0.47111349783935863,0.62151336669921875,0.4089938177271464,0.3313985096497668,0.14583333333333334,60.106643418314846,39.893356581685154,,
414,Eisfall - Passo del Tonale,46.24456,10.56873,15,N,15,,WI3,,eudem_dem_3035_europe,25,ok,31,300,232.5087890625,0,37.22004232098979,48.55812454223633,49.54608154296875,0.8333333333333334,0.5483870967741935,0.55,1,0.7078494623655914,0.21784005113827284,0.49480590486604703,0.03759624320332722,0,51.42102505880691,48.57897494119309,,
415,Eisfreundschaft - Grünseefälle,47.1571,12.6157,15,N,15,1926.253662109375,WI4+,,DGM_AT_5m_epsg31287,5.000000000000002,ok,27,254.5584412271571,298.24658203125,45,47.0970208203351,67.19718271891276,68.330108642578125,0.6666666666666667,0.8148148148148148,0.95,1,0.801111111111111,0.6995374891493056,0.542940257877492,0.0040146993828167,0,74.97239947099972,25.02760052900028,,
416,Eisiger Eder - Untersberg,47.71193,13.00224,15,N,15,1514.6092529296875,WI6- / M3,,DGM_AT_5m_epsg31287,5.000000000000002,ok,44,405.1848701096429,337.889404296875,337.61986494804046,46.81340963190252,63.91288731892904,81.45830535888672,0.5846651660893385,0.9318181818181818,0.95,1,0.80341152098119,0.45458036480527936,0.3548633970012973,0.03252243878545634,0.04545454545454545,58.222707111015424,41.777292888984576,,
417,Eisiges Klassenzimmer - Felbertauern,47.23690087,12.48925567,15,N,15,1006.5866088867188,WI4,,DGM_AT_5m_epsg31287,5.000000000000002,ok,48,458.2417600819094,350.014404296875,65.67442476087388,41.998058120409645,51.97884241739909,60.124629974365234,0.4369508359902903,0.8541666666666666,0.95,1,0.7210303343961161,0.40493138631184894,0.4293142867441466,0.03095842468448811,0,58.335601058947105,41.664398941052895,,
418,Eiskanal - Grünseefälle,47.1572,12.6165,15,N,15,1874.126953125,WI3,,DGM_AT_5m_epsg31287,5.000000000000002,ok,23,218.47183549676993,246.0390625,24.67686317033707,45.53886446745499,64.37724049886069,65.53673553466797,0.8924792981073659,0.782608695652174,0.95,1,0.8817743279385984,0.3326208142266757,0.4085842331002604,0.04119095950896946,0.17391304347826086,52.61959284274492,47.38040715725508,,
420,Eisklettergarten Villacher Alpen Arena,46.6024,13.8112,22,N,22,590.48028564453125,WI5 / M5+,,DGM_AT_5m_epsg31287,5.000000000000002,ok,7,58.63865618725007,37.0140380859375,37.874983651098205,31.43097523280553,37.71125666300456,37.8478889465332,0.8236112927655754,0.42857142857142855,0.95,0.366491601170313,0.6846651057946901,0.3426731654575893,0.4748996378628283,0.00509131894934745,0,57.19095701317527,42.80904298682473,,
421,Eisklettern Rauris - Eisarena Kolm-Saigurn,47.067,12.9824,15,N,15,1642.4993896484375,WI4+ / M5,,DGM_AT_5m_epsg31287,5.000000000000002,ok,8,69.65362606936746,108.3157958984375,36.0273733851036,42.98718690872192,74.90648651123047,75.00586700439453,0.7663625179432934,0.5,0.95,0.4353351629335466,0.690078523470672,0.5051002502441406,0.4363996964260987,0.02942431445505159,0,63.051017382537765,36.948982617462235,,
423,Eiskögele Nordflanke,47.10001925,12.65960813,15,N,15,3263.318603515625,45°,,DGM_Tirol_5m_epsg31254_2006_2020,5,ok,4,28.284271247461906,11.611572265625,45,22.494579792022705,24.48691177368164,24.48691177368164,0.6666666666666667,0,1,0.1767766952966369,0.4843443361963304,0.1668446858723958,0.5281265204024608,3.9263124926947057e-4,0,50.703321249333946,49.296678750666054,,
424,Eiskögele Nordwand Welzenbach,47.1023,12.6554,15,N,15,2940.17431640625,85° / 3+/4-,,DGM_Tirol_5m_epsg31254_2006_2020,5,ok,48,466.4794649155448,155.694580078125,320.33215888165955,40.37403375903765,47.85582796732585,57.22718048095703,0.39257954312955057,0.8541666666666666,1,1,0.7132818172518202,0.6048007541232638,0.37749540801225806,0.0109419176264459,0,66.4345807833244,33.56541921667559,,
425,Eiskrampus,47.203,12.7149,15,N,15,1758.2030029296875,WI4-,,DGM_AT_5m_epsg31287,5.000000000000002,ok,50,478.0625747034182,341.6387939453125,57.47510971220896,53.10744384765625,64.18060251871745,65.5909194946289,0.5280543365310115,0.92,0.95,1,0.7772217346124046,0.7593489583333334,0.47160930881049307,0.02263536555071672,0.04,75.10822853424798,24.891771465752015,,
427,Eistänzer - Bletterbachschlucht Gorz,46.3575,11.4362,15,N,15,,WI6+ / M6,,eudem_dem_3035_europe,25,ok,55,528.4009903926686,247.134765625,333.434948822922,35.09114796031605,42.39628601074219,43.37969970703125,0.538166098032467,0.6909090909090909,0.55,1,0.6325391664857141,0.6938482111150568,0.5762242878914177,0.02828742121205185,0,75.06302827322196,24.93697172677804,,
428,Eisträumer,47.1313,12.629,81,O,81,2231.64453125,WI4,,DGM_AT_5m_epsg31287,5.000000000000002,ok,9,75,128.743408203125,90,46.86866823832194,71.60116984049479,71.648712158203125,0.9,0.5555555555555556,0.95,0.46875,0.7635416666666668,0.2338844581886574,0.4986100581248421,0.02840646494317937,0.2222222222222222,50.19970055052483,49.80029944947517,,
429,Eiswalzer - Grünseefälle,47.1551,12.6182,67,NO,67,1951.0899658203125,WI5+,,DGM_AT_5m_epsg31287,5.000000000000002,ok,17,150.1401392781072,233.59130859375,62.52556837372288,48.186607136445886,74.87649383544922,75.6451644897461,0.9502840930413652,0.7058823529411765,0.95,0.93837587048817,0.8757159301477162,0.4933340035232843,0.4772072477335617,0.02883793159808013,0.0588235294117647,62.965217425807595,37.034782574192405,,
430,Eiswelt Murau,47.11044363,14.16330814,80,O,80,801.238525390625,WI5-,,DGM_AT_5m_epsg31287,5.000000000000002,ok,3,20,2.0986328125,90,4.067864298820496,9.866778373718262,9.866778373718262,0.8888888888888888,0,0.95,0.125,0.5580555555555555,0.050872802734375,0.7518321961081628,5.753364207016097e-4,0,51.07357429733691,48.92642570266309,,
431,El Aspirante - Felbertauern Nord,47.1641,12.5339,15,N,15,1671.8143310546875,M6+,,DGM_AT_5m_epsg31287,5.000000000000002,ok,28,266.44698385389626,199.0001220703125,40.73210669970922,48.59046861103603,72.28788248697917,75.07149505615234,0.7140877033365642,0.8571428571428571,0.95,1,0.8327779384774828,0.743056887672061,0.49946503747811727,0.02150878167733372,0,75.494010248649,24.505989751350995,,
432,El Nino - Felbertauern Nord,47.1641,12.5339,15,N,15,1671.8143310546875,M7,,DGM_AT_5m_epsg31287,5.000000000000002,ok,28,266.44698385389626,199.0001220703125,40.73210669970922,48.59046861103603,72.28788248697917,75.07149505615234,0.7140877033365642,0.8571428571428571,0.95,1,0.8327779384774828,0.743056887672061,0.49946503747811727,0.02150878167733372,0,75.494010248649,24.505989751350995,,
433,Erlkönig,47.2266,12.5858,35,NO,35,1027.09521484375,WI5-,,DGM_AT_5m_epsg31287,5.000000000000002,ok,48,461.56745115020846,398.7283325195313,17.35402463626133,49.63445750872294,60.31076939900716,64.46785736083984,0.8039336070695703,0.9375,0.95,1,0.892823442827828,0.7108954323662652,0.49109856885227154,0.00795832539289323,0.0625,73.48359216993086,26.51640783006914,,
434,Evolution - Langental,46.57032,11.80343,15,N,15,,M9+ / WI5+,,eudem_dem_3035_europe,25,ok,72,702.5927840875407,581.6375732421875,4.2363947990588144,42.06499054696825,57.24305725097656,60.49297332763672,0.880404386656209,0.7222222222222222,0.55,1,0.7788284213291502,0.6336636013454862,0.4757462206580017,0.10683095700935358,0.02777777777777777,67.99412065903208,32.00587934096792,,
435,Exit,46.6703,12.1503,15,N,15,,M8-,,eudem_dem_3035_europe,25,ok,45,438.7081561754784,301.02880859375,6.709836807756915,50.74188389248318,69.80986022949219,70.36377716064453,0.9078870756417436,0.8444444444444444,0.55,1,0.79,0.8473368326822917,0.4695237360172064,0.10631641960806316,0.02222222222222222,77.51970025674979,22.480299743250217,,
436,Eywa - Pordoi Westwand,46.504045,11.801744,15,N,15,,WI6 / M6 / 5,,eudem_dem_3035_europe,25,ok,77,754.2349815551744,586.288330078125,311.1859251657097,55.467768433806185,66.85608469645183,67.56864929199219,0.29095472406344114,1,0.55,1,0.6263818896253764,0.8675831716298025,0.508783885374605,0.04823877549532688,0.01298701298701298,80.66619421792957,19.333805782070428,,
437,Facilides Direkt - Großglockner,47.0755,12.7514,107,O,107,2369.66015625,75°,,DGM_AT_5m_epsg31287,5.000000000000002,ok,3,20,5.465576171875,90,15.056480725606283,18.34520721435547,18.34520721435547,0.8111111111111111,0,0.95,0.125,0.5269444444444444,0.4908515082465278,0.5506696992671215,0.00112858528478278,0,65.83248864707613,34.16751135292387,,
438,Fahrenheit - Grünseefälle,47.154846,12.618614000000001,10,N,10,1911.844482421875,M8 / WI6-,,DGM_AT_5m_epsg31287,5.000000000000002,ok,25,231.33431702517345,246.4735107421875,21.801409486351815,44.22891014099121,63.53611831665041,68.18743896484375,0.8688732279294242,0.8,0.95,1,0.8775492911717696,0.6516422526041666,0.5211359649332814,0.00704263759156068,0,72.21144773868832,27.78855226131168,,
439,Fallbachwand,47.1257,9.96286,0,N,0,836.02032470703125,WI5- / M4,,DGM_AT_5m_epsg31287,5.000000000000002,ok,41,393.1536709198096,306.05364990234375,331.032339353936,53.785219145984186,64.56768163045247,68.560760498046875,0.678137103932622,0.951219512195122,0.95,1,0.8466206952315855,0.7191061624666539,0.5137541251375463,0.00892383822195451,0.12195121951219512,73.80564147987704,26.19435852012296,,
440,Falleralmfall - Matlatal,47.007878,13.43648,41,NO,41,919.6475219726564,WI3+,,DGM_AT_5m_epsg31287,5.000000000000002,ok,16,148.492424049175,159.51873779296875,45,45.849355578422546,61.603285598754894,65.08985900878906,0.9555555555555556,0.75,0.95,0.9280776503073436,0.8900299872529567,0.4333531061808269,0.5013139617349457,0.0259616069185237,0.0625,60.88950668314037,39.11049331685963,,
441,Farchtenseefall,46.679195,13.474661,15,N,15,1047.9808349609375,WI4+,,DGM_AT_5m_epsg31287,5.000000000000002,ok,17,159.38717287303,126.32177734375,29.98163936884936,38.57908697689281,48.28539326985677,48.60354232788086,0.8335373403461183,0.7647058823529411,0.95,0.9961698304564376,0.8524436838899734,0.3953271005667892,0.5042420846174024,0.0196924646951112,0,60.00192234703835,39.99807765296165,,
442,Federweissfall - Anlauftal,47.0669,13.1285,15,N,15,1583.2801513671875,WI4,,DGM_AT_5m_epsg31287,5.000000000000002,ok,25,238.3903520084348,305.1514892578125,67.47943439710309,48.45841384887695,66.59336649576824,68.78852844238281,0.4168951733655212,0.8,0.95,1,0.6967580693462084,0.44631510416666664,0.5439332721962602,0.02083909764885902,0.16,61.66572953942933,38.33427046057067,,
443,Felber Mixed - Felbertal,47.1639,12.5343,15,N,15,1627.8671875,M6+ / M8-,,DGM_AT_5m_epsg31287,5.000000000000002,ok,12,105,143.5509033203125,90,46.90506601333618,66.02332077026367,66.6186294555664,0.16666666666666663,0.6666666666666666,0.95,0.65625,0.5222916666666666,0.39904361300998265,0.4661359615870609,0.01289630225963062,0.16666666666666666,57.685768913266465,42.314231086733535,,
444,Feng Shui - Mölltal Kaltenbrunnerwald,46.881593,12.891214,15,N,15,1114.6712646484375,WI6+,,DGM_AT_5m_epsg31287,5.000000000000002,ok,45,431.9808058083806,271.8018798828125,344.6044507460049,44.0218002319336,54.29202728271484,59.43687057495117,0.6622716749556099,0.8888888888888888,0.95,1,0.8215753366489106,0.8127169008608217,0.5138397167962159,0.00992414363211503,0,79.21977058600007,20.780229413999933,,
445,Fenstergucker - Anlauftal,47.0666,13.1289,23,NO,23,1579.17138671875,WI5,,DGM_AT_5m_epsg31287,5.000000000000002,ok,20,180.80108391748325,247.8160400390625,40.426078740099115,50.54510946273804,69.00648396809896,71.00871276855469,0.8063769028877876,0.75,0.95,1,0.8375507611551151,0.6415623982747396,0.5482722731209655,0.01534613869929065,0,72.2701919764016,27.729808023598395,,
446,Feuertaufe - Hochflachkofel Westwand,46.8977819,12.1170858,15,N,15,,55° / M5+ / WI3,,eudem_dem_3035_europe,25,ok,50,484.3138799662625,438.24609375,77.47119229084848,40.67500957489014,55.534889729817706,57.045745849609375,0.30587564121279465,0.66,0.55,1,0.5303502564851179,0.434747314453125,0.47845447809576735,0.10714570093899964,0,59.38207708400481,40.61792291599519,,
447,Fletschhorn Nordwand,46.1751,8.00298,26,NO,26,3185.650390625,60°,,eudem_dem_3035_europe,25,ok,56,548.1857479711044,387.185791015625,30.963756532073543,39.51750748498099,54.30085372924805,54.40249252319336,0.9448471496436271,0.7857142857142857,0.55,1,0.79,0.5790576026553199,0.5037221814260575,0.02954402268819865,0,68.05976620137686,31.94023379862314,,
448,Fossil - Bletterbachschlucht Gorz,46.3583627,11.4363215,15,N,15,,M7+ / WI4,,eudem_dem_3035_europe,25,ok,29,275,200.97998046875,90,35.47080770032159,43.3271224975586,43.70911407470703,0.16666666666666663,0.5172413793103449,0.55,1,0.43183908045977015,0.2920612905217313,0.5951749049065354,8.188152749990594e-4,0,58.00575439064131,41.99424560935869,,
449,Fragments of Light - M&N,47.01498,13.31596,291,W,291,3022.25,70° / M6 / WI4 / 5,,DGM_AT_5m_epsg31287,5.000000000000002,ok,43,382.8054436889597,292.863525390625,281.30993247402023,49.0799243838288,60.23672866821289,65.53192901611328,0.8923325830446692,0.9069767441860463,0.95,1,0.9190260564736816,0.5731991316921027,0.30508937914605655,0.05104919857988062,0,62.400211433198415,37.599788566801585,,
450,French Style - Hochstaufen,47.75696,12.85271,15,N,15,,60° / M6- / M5+,,eudem_dem_3035_europe,25,ok,74,722.5385745719187,584.7220458984375,33.69006752597977,43.95014664933488,50.17339502970377,50.95293426513672,0.7923325830446692,0.8918918918918919,0.55,1,0.79,0.6595720170854448,0.5051542095026397,0.02236249437136156,0,71.86234611898378,28.13765388101622,,
451,Friendly Fire - Felbertauern Nord,47.154378,12.544189,263,W,263,1940.794189453125,WI6+ / M6,,DGM_AT_5m_epsg31287,5.000000000000002,ok,16,145,176.2186279296875,270,47.16954064369202,63.526407368977864,63.97981262207031,0.9222222222222224,0.75,0.95,0.90625,0.8745138888888888,0.5488293965657552,0.5148313115996968,0.00312481096140497,0,67.50560941622331,32.49439058377669,,
452,Frohes Alles,47.2586,12.738,15,N,15,805.8399658203125,M7+,,DGM_AT_5m_epsg31287,5.000000000000002,ok,3,20,11.2252197265625,0,27.4631773630778,32.564571380615234,32.564571380615234,0.8333333333333334,0,0.95,0.125,0.5358333333333334,0.4239586724175347,0.7611827141774071,0,0,68.10770811322423,31.89229188677577,,
453,Fronau Eisfall,47.6803,12.8364,15,N,15,,WI4,,eudem_dem_3035_europe,25,ok,52,501.38480709655914,374.943115234375,349.3803447238449,49.49635513012226,62.78242492675781,63.26232147216797,0.715337163598277,0.8461538461538461,0.55,1,0.7499810192854646,0.7372113741361178,0.5119636152492502,0.01098512762632125,0,75.75389966483014,24.246100335169857,,
454,Froschmaul,47.2168,13.1163,323,NW,323,940.1473388671876,WI3,,DGM_AT_5m_epsg31287,5.000000000000002,ok,4,28.284271247461906,4.78973388671875,315,17.45944094657898,22.288427352905273,22.288427352905273,0.9111111111111112,0,0.95,0.1767766952966369,0.5721221139741082,0.1810124715169271,0.3082060550764153,0.02215745713328942,0,45.40756345250632,54.59243654749368,,
455,Fuchsfarm - Napplach,46.876889,13.283901,15,N,15,671.08209228515625,WI3,,DGM_AT_5m_epsg31287,5.000000000000002,ok,7,56.18239956567865,35.182861328125,84.80557109226521,28.67291396004813,39.383697001139325,39.41929244995117,0.22438254341927544,0.42857142857142855,0.95,0.35113999728549156,0.4434384456676879,0.12276858375186012,0.5631131433849942,0.01091155800081434,0,49.384183693442274,50.615816306557726,,
456,Fuck the system - Felbertauern Nord,47.1668,12.5334,105,O,105,1574.5982666015625,M7+ / WI5,,DGM_AT_5m_epsg31287,5.000000000000002,ok,3,20,10.6876220703125,90,28.90066083272298,29.832666397094727,29.832666397094727,0.8333333333333334,0,0.95,0.125,0.5358333333333334,0.2571546766493056,0.5380338640384129,0,0,55.02280705017908,44.97719294982092,,
457,Full contact - Murfreit Turm,46.539831,11.802365,15,N,15,,M9,,eudem_dem_3035_europe,25,ok,58,561.7587252953424,449.6624755859375,293.96248897457815,48.05683895637249,60.06291198730469,62.419246673583984,0.09958321082864607,0.8275862068965517,0.55,1,0.4981091464004239,0.6412267575318786,0.48942210958982857,0.04596358991559894,0.06896551724137931,69.48182985795448,30.51817014204552,,
458,Fuscherkarkopf (FKK) - Nordwand,47.1013,12.7447,6,N,6,3098.038330078125,50° / 2,,DGM_AT_5m_epsg31287,5.000000000000002,ok,46,442.95645974359354,349.775390625,357.79740183823424,41.98334702201512,47.52885144551595,48.96186447143555,0.9088600204248248,0.8913043478260869,0.95,1,0.9209353125177558,0.39360997296761774,0.40524914614487034,0.00873204475046014,0,57.66903654215535,42.33096345784465,,
460,Futura West - Sappada,46.579332,12.639156,15,N,15,,WI3+,,eudem_dem_3035_europe,25,ok,48,459.127339718467,360.3924560546875,32.73522627210758,37.42034183939298,48.67794418334961,48.76311111450195,0.8029419303099158,0.8125,0.55,1,0.7749267721239663,0.45999632941352,0.547867656139051,0.00916879546518127,0,64.21315031778104,35.78684968221896,,
461,Futurewall - Gastein,47.07136,13.06948,15,N,15,1452.033447265625,WI6 / M9,,DGM_AT_5m_epsg31287,5.000000000000002,ok,4,23.191776185281036,14.6038818359375,333.434948822922,27.793699264526367,32.726280212402344,32.726280212402344,0.538166098032467,0,0.95,0.14494860115800648,0.4197612993287874,0.2138239542643229,0.7882535345345159,0.00472909443002815,0,59.23383441665686,40.76616558334314,,
462,Gaisloch - Rax,47.7258,15.7495,38,NO,38,1335.047607421875,WI5 / M7,,DGM_AT_5m_epsg31287,5.000000000000002,ok,64,618.9272257357604,495.0059814453125,33.02386755579664,60.140939742326736,75.28920466105143,78.616851806640625,0.9447096395088516,0.96875,0.95,1,0.9585088558035404,0.8742092450459799,0.5289688881749187,0.03083132014338237,0.03125,81.63451182857442,18.365488171425586,,
463,Gamseckfall - Maltatal,47.0163,13.4062,79,O,79,1421.438232421875,WI4+,,DGM_AT_5m_epsg31287,5.000000000000002,ok,43,410.6690607185746,408.0955810546875,45.53545898556456,42.12199872039085,56.64814376831055,71.37713623046875,0.6281717665062729,0.8837209302325582,0.95,1,0.8063849856722766,0.4460541481195494,0.5217159948303585,0.01173604262091197,0,62.88061568372044,37.11938431627956,,
464,Gläserne Madonna - Grünseefälle,47.1572,12.6162,15,N,15,1882.8387451171875,WI5-,,DGM_AT_5m_epsg31287,5.000000000000002,ok,19,177.15113256712533,224.024169921875,25.01689347810003,46.42816714236611,65.6606435139974,66.2159652709961,0.8887011835766663,0.7368421052631579,0.95,1,0.8665331050096138,0.45684118438185306,0.5206894778144928,0.02058479096740484,0.15789473684210523,61.58444705477657,38.41555294522343,,
465,Glaspalast,47.285,13.0774,15,N,15,798.90277099609375,WI4+,,DGM_AT_5m_epsg31287,5.000000000000002,ok,44,419.1614605512685,318.27020263671875,287.10272896905235,45.972809211774305,56.7272523244222,58.95888900756836,0.02336365521169281,0.9318181818181818,0.95,1,0.5788909166301317,0.6162702387029474,0.6193792772797815,0.00215932575167354,0,73.1734561585937,26.826543841406306,,
466,Glaucom Eisfall - Luttach,46.9742963,11.8875455,15,N,15,,WI4- / WI4,,eudem_dem_3035_europe,25,ok,43,415.3573898249319,290.0457763671875,36.86989764584405,39.6747480436813,54.95816802978517,58.013404846191406,0.7570011372683995,0.6511627906976745,0.55,1,0.7081492921166621,0.6734796568404796,0.4835047849208759,0.06106775317543236,0,71.17284911733483,28.827150882665165,,
467,Glockner NW - Aschenbrenner,47.0776,12.6971,18,N,18,3200.230224609375,70° / 4+,,DGM_Tirol_5m_epsg31254_2006_2020,5,ok,42,397.2143941842722,44.60107421875,21.801409486351815,25.195576576959517,33.135235468546554,39.674224853515625,0.9577621168183132,0.04761904761904761,1,1,0.6973905610130395,0.6217166961185516,0.4990839470396237,0.00321828808500128,0,70.38998423962539,29.61001576037461,,
468,Gnadenlos,46.5176,10.5309,15,N,15,,WI5,,eudem_dem_3035_europe,25,ok,56,542.7309504310126,423.05126953125,0,41.284701347351074,55.41088892618815,56.86734771728515,0.8333333333333334,0.7857142857142857,0.55,1,0.779047619047619,0.6754422869001117,0.5003814717051033,0.07167524463009267,0,71.47093481053075,28.52906518946925,,
469,Godzilla - Langental,46.5796,11.7996,15,N,15,,M9+ / WI5+,,eudem_dem_3035_europe,25,ok,52,498.6375798241763,387.6097412109375,288.434948822922,40.1717947446383,55.09946848551432,58.85255813598633,0.03816609803246695,0.8076923076923077,0.55,1,0.46757413152067906,0.5306844466771835,0.451202346093288,0.09460430726026878,0,63.26877260760008,36.73122739239992,,
470,Göll Ostwand,47.6009,13.0758,56,NO,56,1513.6895751953125,50°,,DGM_AT_5m_epsg31287,5.000000000000002,ok,4,28.284271247461906,12.3837890625,45,23.539570808410645,28.298992156982425,28.298992156982425,0.8777777777777778,0,0.95,0.1767766952966369,0.5587887806407748,0.1705602010091146,0.58589973159959,0,0,52.32270233539991,47.67729766460009,,
471,Gösser Virus - Felbertauern Nord,47.1668,12.5334,105,O,105,1574.5982666015625,M7,,DGM_AT_5m_epsg31287,5.000000000000002,ok,3,20,10.6876220703125,90,28.90066083272298,29.832666397094727,29.832666397094727,0.8333333333333334,0,0.95,0.125,0.5358333333333334,0.2571546766493056,0.5380338640384129,0,0,55.02280705017908,44.97719294982092,,
472,Grabenwaldfall - Mallnitzer Tauerntal,46.995156,13.115241,96,O,96,1646.58544921875,WI3+,,DGM_AT_5m_epsg31287,5.000000000000002,ok,18,157.51833607121387,66.754638671875,69.14554196042167,40.70357259114584,63.51246770222984,72.88582611083984,0.7016171328935741,0.6666666666666666,0.95,0.9844896004450868,0.7690958132019383,0.6974317762586806,0.5976863663884963,0.03212217586459937,0.05555555555555555,75.12859001850549,24.87140998149451,,
473,Gran Paradiso - Nordwestwand,45.5212,7.26441,321,NW,321,3649.04541015625,55° / WI3,,eudem_dem_3035_europe,25,ok,57,551.7799696394253,476.541748046875,316.8476102659946,39.073295191714635,51.81262969970703,51.81550216674805,0.9538623362888288,0.6842105263157895,0.55,1,0.79,0.4522430241456506,0.495349504167012,0.045818652848751223,0,61.81830063375455,38.18169936624545,,
474,Grandes Jorasses - direktes Leichentuch,45.8729,6.98651,3,N,3,3356.791748046875,90°,,eudem_dem_3035_europe,25,ok,79,770.3826771827365,589.647705078125,0,58.754467734807655,62.22919464111328,62.39933395385742,0.9666666666666668,1,0.55,1,0.79,0.6401284777162447,0.46513488861767743,0.02377329016632876,0.08860759493670886,69.0726119599793,30.927388040020706,,
475,Grießbachfall,47.2063,12.7314,15,N,15,1455.6141357421875,WI5,,DGM_AT_5m_epsg31287,5.000000000000002,ok,46,425.1150568575164,213.5604248046875,324.32359177813805,50.91724540876306,68.62815856933594,70.21341705322266,0.4369287975348672,0.8260869565217391,0.95,1,0.7125976059704686,0.8478148087211277,0.7453930765038617,0.00207581271187982,0.08695652173913043,85.87541183341838,14.124588166581615,,
476,Grießferner Nordwand,46.9858,11.7122,316,NW,316,2678.41796875,85°,,DGM_Tirol_5m_epsg31254_2006_2020,5,ok,65,627.1206104945134,282.6201171875,265.47117576306755,42.843984469771385,62.41462478637696,72.85721588134766,0.43856861958963944,0.625,1,1,0.6629274478358558,0.7578366010616987,0.49048736864426234,0.02434522106098787,0.06153846153846154,75.26254222727864,24.737457772721356,,
478,Grosser und Kleiner Prissianer Eisfall,46.505942,11.19084,15,N,15,,WI5+,,eudem_dem_3035_europe,25,ok,47,453.5687247803599,327.713134765625,25.01689347810003,49.491606407977166,68.3927993774414,68.77552032470703,0.8887011835766663,0.8085106382978723,0.55,1,0.79,0.6716492564965647,0.4786002415958728,0.09609488472474594,0.0851063829787234,69.41626105796007,30.58373894203993,,
479,Großlaabfall - Mallnitzer Tauerntal,46.994404,13.111184,312,NW,312,1785.7388916015625,WI5+,,DGM_AT_5m_epsg31287,5.000000000000002,ok,69,665.8443416277523,201.19775390625,335.65891006330753,47.197371496670485,55.988866933186856,62.42496871948242,0.7371232215188053,0.927536231884058,0.95,1,0.8631101581727395,0.7570234658061594,0.5089708253824066,0.02747416219579569,0,76.24084335192143,23.759156648078573,,
480,Grotte Gampenpass,46.5314,11.1382,15,N,15,,M12,,eudem_dem_3035_europe,25,ok,35,337.83164503656985,262.5797119140625,41.987212495816664,35.48828566414969,56.18754959106445,56.18754959106445,0.7001420833798149,0.45714285714285713,0.55,1,0.6271996904947831,0.4287995837983631,0.44338255335476784,0.11473293084473836,0,58.085886487900765,41.914113512099235,,
481,Grundeis - Maltatal,46.99917837,13.44812393,38,NO,38,868.755615234375,WI6+,,DGM_AT_5m_epsg31287,5.000000000000002,ok,4,28.284271247461906,6.4156494140625,45,11.249687880277634,19.70315742492676,19.70315742492676,0.9222222222222224,0,0.95,0.1767766952966369,0.5765665584185526,0.05318196614583333,0.6353199729832608,0,0,48.27618780114402,51.72381219885598,,
482,Guasborscht,46.6704,12.1505,15,N,15,,M6 / WI5,,eudem_dem_3035_europe,25,ok,45,438.66075392805584,320.052490234375,6.709836807756915,47.64450747172038,68.06538543701171,70.36377716064453,0.9078870756417436,0.8,0.55,1,0.79,0.801484962745949,0.4639394687824807,0.11553309639846836,0.02222222222222222,75.13242589293813,24.86757410706187,,
483,Gullyvers Reisen - Val Lasties,46.511067,11.795537,15,N,15,,M6 / WI6,,eudem_dem_3035_europe,25,ok,69,670.443171293071,502.337646484375,351.86989764584405,40.97286710877349,47.13833465576172,47.719364166259766,0.7429988627316005,0.8695652173913043,0.55,1,0.7680691103100314,0.7532215947690217,0.5439849770400528,0,0,77.4945961906073,22.505403809392703,,
484,Gussenbauerrinne,47.01604152,13.3184123,300,NW,300,3098.30029296875,55°,,DGM_AT_5m_epsg31287,5.000000000000002,ok,41,385.7401125063643,294.97021484375,300.7354877019201,49.86446508547155,62.72653579711914,70.75257873535156,0.9918279144231102,0.8536585365853658,0.95,1,0.9428287267448536,0.6205538617886179,0.3180150746234595,0.03541577317396072,0.07317073170731707,64.43527786552191,35.56472213447809,,
485,Gusswerkfall,47.6854,15.163,237,SW,237,747.244384765625,WI4,,DGM_AT_5m_epsg31287,5.000000000000002,ok,25,238.3713056227585,245.3677978515625,247.4794343971031,44.34661575317383,62.48238372802735,64.87183380126953,0.8835618400321879,0.84,0.95,1,0.8954247360128752,0.30346354166666667,0.4422437311012651,0.02116091385483742,0.04,53.88873437543488,46.11126562456512,,
486,Hadrian’s Wall Direct - Ben Newis,56.7988315,-5.0017168,350,N,350,1136.432861328125,50° / M4 / WI4,,eudem_dem_3035_europe,25,ok,60,585.6845681324917,480.778564453125,7.7651660184253615,42.13749415079753,54.53044128417969,57.651798248291016,0.8026092664619404,0.8833333333333333,0.55,1,0.79,0.6486714680989584,0.43799311537155383,0.07238849966476361,0,68.69227395544671,31.30772604455329,,
487,Hakenschreck - Hörndlwand,47.7078755,12.5878108,15,N,15,,M5,,eudem_dem_3035_europe,25,ok,25,233.64922495988304,137.451171875,40.60129464500449,30.476975936889648,37.382347106933594,37.382347106933594,0.7155411706110613,0.28,0.55,1,0.5802164682444245,0.5052620442708333,0.5035774752245994,0.02395195821921031,0,64.84718970841828,35.152810291581716,,
488,"Hakuna Matata, Wasserkopf Nordwand",46.8959,12.0544,15,N,15,,M6,,eudem_dem_3035_europe,25,ok,52,499.3702463960598,474.859130859375,338.19859051364824,53.69395377085759,62.049083328247065,62.30248260498047,0.5910954501516471,0.8461538461538461,0.55,1,0.7002843339068127,0.6468005058092948,0.47494380561552,0.21612961048212573,0,66.65702569216376,33.34297430783624,,
489,Happy New Year - Langental,46.571879,11.800952,15,N,15,,M6+ / M5+,,eudem_dem_3035_europe,25,ok,56,540.4719900913373,434.217041015625,342.64597536373867,45.20317687307085,54.96463394165039,55.2081413269043,0.6405108373748741,0.8392857142857143,0.55,1,0.7179900492356639,0.7954958961123512,0.506363457441882,0.05174133310183173,0,77.42157509906622,22.578424900933783,,
490,Hausfreund - Goldeck,46.781153,13.478096,96,O,96,685.49072265625,WI3,,DGM_AT_5m_epsg31287,5.000000000000002,ok,17,151.20620216836485,107.89190673828124,88.0908475670036,40.706495846019074,52.419601186116545,53.31801986694336,0.9121205285222624,0.7058823529411765,0.95,0.9450387635522804,0.861116793646486,0.8030802408854166,0.5977487833458015,0.00690407005558703,0,80.94424902237705,19.05575097762295,,
491,Heckmair-Route Eiger Nordwand,46.582,7.99445,339,N,339,2294.75146484375,60° / M6 / WI5 / 5,,eudem_dem_3035_europe,25,ok,47,451.7475193679729,378.42626953125,318.8140748342903,53.84836943606113,62.630071512858066,62.74754333496094,0.7757119426032255,0.851063829787234,0.55,1,0.7756039259774603,0.7439609825188387,0.5084380215938628,0.06699757246260948,0.02127659574468085,74.63647734649531,25.36352265350469,,
492,Hello woman of my dreams + Diva's line,46.1597,10.5108,15,N,15,,M8,,eudem_dem_3035_europe,25,ok,11,100,20.010986328125,0,14.04983826117082,28.178478240966797,28.178478240966797,0.8333333333333334,0,0.55,0.625,0.5058333333333334,0.3340472597064394,0.6011013160221274,0.05135969727328329,0,59.032465641877295,40.967534358122705,,
493,Helmlos-Hirnlos - Koflachgraben,46.665186,13.620508,320,NW,320,821.82086181640625,WI4-,,DGM_AT_5m_epsg31287,5.000000000000002,ok,16,145.68714855304324,126.57769775390624,316.39718102729637,40.93461498618126,59.91582667032878,60.04376220703125,0.9599686780810708,0.75,0.95,0.9105446784565204,0.8900419390780804,0.8827330271402994,0.6475864687950161,7.96057574916631e-4,0,85.89672678969055,14.103273210309451,,
494,Herzbeben - Rauchkofel Nordwand,46.960613,11.9975812,15,N,15,,M6,,eudem_dem_3035_europe,25,ok,40,381.8706641987386,291.21630859375,3.814074834290352,36.48012428283691,50.3647346496582,52.12199783325195,0.8757119426032262,0.625,0.55,1,0.7477847770412904,0.4421025594075521,0.4800488561637492,0.04944594303766886,0,60.9069177166802,39.0930822833198,,
495,Hexentango - Hochflachkofel Westwand,46.89632145,12.11582399,15,N,15,,55° / WI4+ / M4+,,eudem_dem_3035_europe,25,ok,54,523.4272856997485,458.920166015625,67.61986494804046,41.30533861230921,54.835513814290366,55.97492599487305,0.4153348339106616,0.6851851851851852,0.55,1,0.5816894891198202,0.7852918836805556,0.5387530486863634,0.05253682161370913,0,77.7562245505099,22.2437754494901,,
496,Himmel und Hölle Zugspitze Nordwand,47.434,10.9864,15,N,15,1644.71728515625,M5+,,DGM_Tirol_5m_epsg31254_2006_2020,5,ok,6,40.43300860220084,19.1749267578125,336.80140948635176,22.08351643880208,35.80042266845703,35.80042266845703,0.5755712165150195,0.16666666666666666,1,0.25270630376375525,0.5054991169823834,0.4182484944661458,0.5192913096609025,0.00330037240766816,0,61.737457544345766,38.262542455654234,,
499,Hintersee Eisfall,47.19444061,12.46700406,15,N,15,1505.470947265625,WI4+,,DGM_AT_5m_epsg31287,5.000000000000002,ok,15,138.59387102943953,197.9171142578125,92.12109639666149,49.108490498860675,68.1214589436849,69.51972198486328,0.14309892892598364,0.7333333333333333,0.95,0.866211693933997,0.5538607409637931,0.6855794270833333,0.5051255816980799,0.01348417293694284,0,73.20953030246315,26.79046969753685,,
500,Eisschild - Felbertal - Felbertauern Nord,47.194097,12.4699102,87,O,87,1389.2603759765625,WI4+,,DGM_AT_5m_epsg31287,5.000000000000002,ok,18,162.52344597366948,111.298095703125,68.62937773065681,43.4852885140313,64.5662333170573,67.3614273071289,0.7958819747850757,0.7777777777777778,0.95,1,0.8416861232473637,0.4861619737413194,0.4126835547253643,0.06958866640235539,0.16666666666666666,59.1359376917797,40.8640623082203,,
501,Hochalmfall,47.0248,13.4011,15,N,15,1185.1580810546875,WI3+,,DGM_AT_5m_epsg31287,5.000000000000002,ok,3,20,0.6436767578125,0,3.854729235172272,8.40352725982666,8.40352725982666,0.8333333333333334,0,0.95,0.125,0.5358333333333334,0.09988742404513888,0.7149355572403336,0,0,52.368323013039586,47.631676986960414,,
502,Hochferner Nordwand,46.9833,11.7078,307,NW,307,2647.50341796875,55°,,DGM_AT_5m_epsg31287,5.000000000000002,ok,4,28.284271247461906,17.775390625,315,32.030978202819824,33.275413513183594,33.275413513183594,0.9111111111111112,0,0.95,0.1767766952966369,0.5721221139741082,0.14018758138020834,0.4510311016766556,0.00812841362009445,0,47.421650431623874,52.578349568376126,,
503,Hochgall Nordwand,46.9177,12.1451,15,N,15,2979.843994140625,50°,,DGM_Tirol_5m_epsg31254_2006_2020,5,ok,77,750.6746901916454,309.888671875,92.29061004263856,42.28110110295283,56.10797805786133,61.9915657043457,0.14121544397068275,0.7402597402597403,1,1,0.5785640996661952,0.7577789438751353,0.4623967841403056,0.01453206274084932,0,75.36933082307175,24.63066917692825,,
504,Hochgolling - Nordwand,47.2661673,13.751855,297,NW,297,2349.410888671875,85° / 4+,,DGM_AT_5m_epsg31287,5.000000000000002,ok,45,434.98291048013175,346.52734375,278.53076560994805,40.733918846978085,48.57217025756836,51.8588981628418,0.7947862845549784,0.8888888888888888,0.95,1,0.874581180488658,0.6627916124131944,0.5335345544659028,0.00758837785019918,0,73.01221886323734,26.987781136762663,,
505,Hochschober Nordflanke,46.945,12.6981,15,N,15,3012.72412109375,45°,,DGM_Tirol_5m_epsg31254_2006_2020,5,ok,7,60,45.615478515625,0,36.827396392822266,44.785176595052086,44.984588623046875,0.8333333333333334,0.42857142857142855,1,0.375,0.699404761904762,0.18276832217261904,0.5025452182389256,0.00456722187144415,0,50.696860516312114,49.303139483687886,,
506,Hochtstubofen Nordwand,47.2689,14.1136,15,N,15,2230.056640625,WI3 / M3,,DGM_AT_5m_epsg31287,5.000000000000002,ok,25,233.112747087736,201.03564453125,41.18592516570965,43.76331855773926,54.26088383992514,67.75801849365234,0.7090452759365595,0.84,0.95,1,0.8256181103746237,0.42785807291666667,0.37592333887825025,0.03427209888895353,0,57.96625477542718,42.03374522457282,,
507,Hochzeitsmarsch - Maltatal,46.996944,13.446389,68,O,68,989.056640625,WI5,,DGM_AT_5m_epsg31287,5.000000000000002,ok,24,223.92425323644636,245.30560302734375,73.30075576600638,45.09837214152018,65.12290420532227,66.540618896484375,0.9411027137110404,0.8333333333333334,0.95,1,0.9164410854844162,0.4749431610107422,0.473981313032159,0.01121880678692832,0,62.9975989355488,37.0024010644512,,
508,Höhkarfall - Anlauftal,47.0666,13.1323,15,N,15,1524.0611572265625,WI3,,DGM_AT_5m_epsg31287,5.000000000000002,ok,6,45,30.3331298828125,0,32.20608361562093,38.22468185424805,38.22468185424805,0.8333333333333334,0.3333333333333333,0.95,0.28125,0.6514583333333333,0.05829196506076389,0.4608289107910032,0.00906838300741381,0,43.96249353736118,56.03750646263882,,
509,Höllkogel Direkte Südwand / Gerade Südschlucht,47.7941,13.664,291,W,291,935.00994873046875,M3,,DGM_AT_5m_epsg31287,5.000000000000002,ok,15,131.4409743651372,189.4346923828125,308.6598082540901,48.09768880208333,68.30000203450521,70.46464538574219,0.803779908287888,0.6666666666666666,0.95,0.8215060897821076,0.793662572293366,0.6154971652560763,0.5722611521200132,0.0155690128604571,0.13333333333333333,70.35918764898129,29.64081235101871,,
510,Hohe Kammer - Nordwand Couloir,47.20743,12.70022,3,N,3,2153.552001953125,60° / M5,,DGM_AT_5m_epsg31287,5.000000000000002,ok,42,399.5827669731925,323.0126953125,333.92464441605125,55.78531746637253,66.5686632792155,71.90528106689453,0.6769404935116805,0.9523809523809524,0.95,1,0.8464904831189578,0.7619653126550099,0.5062052074824617,0.0191710740919151,0.0238095238095238,76.32205253660345,23.67794746339655,,
511,Hoher Tenn Nordwand,47.188,12.7577,15,N,15,2814.331298828125,45°,,DGM_AT_5m_epsg31287,5.000000000000002,ok,3,20,12.1708984375,0,31.627587636311848,32.850276947021484,32.850276947021484,0.8333333333333334,0,0.95,0.125,0.5358333333333334,0.1792873806423611,0.5701288855193328,0,0,52.32115426688957,47.67884573311043,,
512,Holzknechtfall,47.59445073,14.19266224,15,N,15,892.49578857421875,WI5+,,DGM_AT_5m_epsg31287,5.000000000000002,ok,3,20,13.4375,0,33.98140970865885,34.44428253173828,34.44428253173828,0.8333333333333334,0,0.95,0.125,0.5358333333333334,0.3131781684027778,0.5109931766489765,0,0,56.867846994349414,43.132153005650586,,
513,Hot Dogs,47.2827,13.0775,15,N,15,794.20953369140625,WI6+,,DGM_AT_5m_epsg31287,5.000000000000002,ok,39,368.8438633342301,308.31365966796875,291.6147789427862,48.30124542040703,64.83451182047526,67.919708251953125,0.07349754380873541,0.9487179487179488,0.95,1,0.6040144021388788,0.5279105422843215,0.4639486925829436,0.01869799061996751,0.07692307692307693,64.21150113573793,35.78849886426207,,
514,Hruschka - Val Mesdi Colfuschg,46.5367178,11.832939,15,N,15,,M4 / WI5- / 5-,,eudem_dem_3035_europe,25,ok,62,601.6688305740838,518.838134765625,59.03624346792651,45.214539958584695,65.60137939453125,69.84027099609375,0.5107084059119277,0.7258064516129032,0.55,1,0.632025297848642,0.5097844933950773,0.4004450907808919,0.2321623639874561,0.06451612903225806,57.66302090222908,42.33697909777092,,
515,Hundsschupfengraben - Seetal,47.5879204,15.2962323,15,N,15,908.765869140625,WI3+,,DGM_AT_5m_epsg31287,5.000000000000002,ok,19,171.0967502584058,146.5533447265625,69.86369657175186,38.88467065911544,53.58529154459635,56.30782699584961,0.3904033714249794,0.7368421052631579,0.95,1,0.6672139801489391,0.39813232421875,0.4914214341891635,0.01023518221387476,0,59.99678680029534,40.00321319970466,,
516,"Hydrocephalos, Wasserkopf Nordwand",46.8962,12.0535,15,N,15,,M5,,eudem_dem_3035_europe,25,ok,64,625.0360524514155,509.056884765625,338.7494944928667,49.34510356187821,61.28724670410156,62.92496109008789,0.5972166054762965,0.84375,0.55,1,0.7020116421905186,0.5899302164713541,0.48125745288042976,0.0866809809813276,0.125,65.59467644359513,34.405323556404866,,
517,Icebreaker - Hinteres Seebachtal,47.01617,13.25555,312,NW,312,1498.0579833984375,WI6+ / M7,,DGM_AT_5m_epsg31287,5.000000000000002,ok,4,28.284271247461906,3.742431640625,315,7.4312485456466675,9.171419143676758,9.171419143676758,0.9666666666666668,0,0.95,0.1767766952966369,0.5943443361963303,0.19840240478515625,0.653529179931424,4.437764485677083e-4,0,55.25746218464628,44.74253781535372,,
518,Icelands on the Rocks (Hochalm),47.4452,11.0618,15,N,15,,M7 / M10,,eudem_dem_3035_europe,25,ok,16,141.4213562373095,50.4251708984375,45,23.15731680393219,26.10420608520508,26.10420608520508,0.6666666666666667,0,0.55,0.8838834764831844,0.46505501431498514,0.5371074676513672,0.515714434565157,0.00669219763949513,0,66.92885295565056,33.071147044349445,,
519,Illuminati,46.577,11.7894,15,N,15,,M11+,,eudem_dem_3035_europe,25,ok,55,536.8404173287647,466.6649169921875,312.7093899573615,42.88137293728915,57.508934020996094,59.203956604003906,0.30788211063735005,0.8727272727272727,0.55,1,0.5949710260731218,0.5314721309777463,0.47832866031810184,0.08438190490458951,0,64.18682430385934,35.81317569614066,,
521,Iron Man - Murfreit Turm,46.539831,11.802365,15,N,15,,M7+ / WI5+ / 5+,,eudem_dem_3035_europe,25,ok,58,561.7587252953424,449.6624755859375,293.96248897457815,48.05683895637249,60.06291198730469,62.419246673583984,0.09958321082864607,0.8275862068965517,0.55,1,0.4981091464004239,0.6412267575318786,0.48942210958982857,0.04596358991559894,0.06896551724137931,69.48182985795448,30.51817014204552,,
522,Jabbawocky,47.9181,15.145,7,N,7,705.7398681640625,WI6+ / M6,,DGM_AT_5m_epsg31287,5.000000000000002,ok,34,330,321.4920654296875,0,45.11549338172464,58.36563428243001,59.600738525390625,0.9222222222222224,0.8823529411764706,0.95,1,0.92359477124183,0.6629813699161305,0.5378183115550996,0.00385950125215173,0,73.20242941006033,26.797570589939667,,
523,Jackenschreck - Hörndlwand,47.7078755,12.5878108,15,N,15,,M5+,,eudem_dem_3035_europe,25,ok,25,233.64922495988304,137.451171875,40.60129464500449,30.476975936889648,37.382347106933594,37.382347106933594,0.7155411706110613,0.28,0.55,1,0.5802164682444245,0.5052620442708333,0.5035774752245994,0.02395195821921031,0,64.84718970841828,35.152810291581716,,
524,Johannisberg NO-Wand,47.1121,12.6731,22,N,22,3243.8359375,45°,,DGM_AT_5m_epsg31287,5.000000000000002,ok,7,52.40726935324754,33.824462890625,23.962488974578207,32.6786733354841,36.19194005330404,36.23902893066406,0.978194566949131,0.2857142857142857,0.95,0.32754543345779713,0.6997466558397178,0.445402599516369,0.5418559435355296,6.275883421213145e-4,0,63.576963799782426,36.423036200217574,,
526,Jolly Joker - Gindlhorn,47.542265,14.055848,294,NW,294,993.8729248046876,M7-,,DGM_AT_5m_epsg31287,5.000000000000002,ok,25,238.41366961499872,229.0145263671875,271.3322198538697,44.351905517578125,57.963146972656254,58.59546661376953,0.7481357761541074,0.84,0.95,1,0.8412543104616429,0.6882796223958333,0.5275327989028096,0.01543175064027309,0,73.85226796757728,26.147732032422724,,
527,"Jung stirbt, wen die Götter lieben - Aggenstein",47.5649,10.5753,164,S,164,840.501220703125,M9+,,DGM_AT_5m_epsg31287,5.000000000000002,ok,3,20,0.21826171875,180,0.651262899239858,0.672722578048706,0.672722578048706,0.8222222222222222,0,0.95,0.125,0.5313888888888889,0.00635952419704861,0.6087945413191812,0,0,45.50604212184671,54.49395787815329,,
528,Kaffee Coretto - Reintal,46.912719,11.989143,15,N,15,,M8+ / WI5+,,eudem_dem_3035_europe,25,ok,48,458.7750161979862,333.7099609375,298.6104596659652,53.51327935854594,69.65711720784506,72.5606460571289,0.1512273296218356,0.8541666666666666,0.55,1,0.5267409318487342,0.7095614539252387,0.5096051951159273,0.2032530261203647,0.10416666666666669,69.56366811545998,30.436331884540024,,
529,Kaisersäule - Loser,47.67128,13.7872,15,N,15,1682.1455078125,90° / M6+,,DGM_AT_5m_epsg31287,5.000000000000002,ok,19,169.2939811967726,105.956298828125,33.69006752597977,44.36100924642462,59.8572380065918,68.47393035888672,0.7923325830446692,0.6842105263157895,0.95,1,0.8121961911126044,0.6163742333127741,0.492129507506358,0.0386463413015008,0.05263157894736842,68.7408355712301,31.259164428769907,,
530,Kalipe - Peitlerkofel Nordwand,46.66199,11.81621,15,N,15,,M6,,eudem_dem_3035_europe,25,ok,44,428.913527203383,331.97314453125,18.434948822922024,54.175373250787906,66.59881591796875,69.1197738647461,0.961833901967533,0.8409090909090909,0.55,1,0.79,0.6935401685310133,0.4868669327338402,0.05932044812322023,0.04545454545454545,71.74002648523174,28.259973514768262,,
531,Kami n Kaze - Mur del Pisciadu,46.54075,11.820653,15,N,15,,M7 / WI6,,eudem_dem_3035_europe,25,ok,46,443.71492368563105,318.355224609375,329.7435628364708,50.387618707573935,65.397369384765625,68.31494903564453,0.49715069818300894,0.8478260869565217,0.55,1,0.6632081053601601,0.7575577445652174,0.4878941815560683,0.08455848353037584,0,74.59628337372898,25.40371662627102,,
532,"Kammerlander-Beikircher, Wasserkopf Nordwand",46.8963,12.0552,15,N,15,,M5,,eudem_dem_3035_europe,25,ok,49,471.9843675332429,379.79052734375,334.9831065219,50.99034889376893,66.60316365559896,67.3265380859375,0.5553678502433337,0.8571428571428571,0.55,1,0.6892899972401906,0.7399549419377126,0.49873122352580934,0.05129736743005765,0.02040816326530612,74.5362239940881,25.463776005911896,,
533,Kammerwandgrotte - Reichenau,47.71055,15.85388,15,N,15,808.69891357421875,WI3 / WI4,,DGM_AT_5m_epsg31287,5.000000000000002,ok,20,187.06959378341995,125.62451171875,92.20259816176582,38.035501861572264,49.03944180806478,55.20270919799805,0.14219335375815756,0.75,0.95,1,0.571877341503263,0.7519671122233073,0.670236512458313,0.00117402255224684,0,80.5709524104617,19.4290475895383,,
534,Karwendeleisfall - Karwendelbahn Mittenwald,47.4304,11.2951,15,N,15,2207.93359375,WI5 / M5,,DGM_Tirol_5m_epsg31254_2006_2020,5,ok,43,414.9099765575859,101.225830078125,349.1769887737929,33.610520362854004,52.3759358723959,76.0552978515625,0.7130776530421434,0.20930232558139536,1,1,0.6480217588912759,0.6964489840721899,0.4410804710204667,0.03702735078797221,0.02325581395348837,71.39411090346589,28.605889096534113,,
535,Kasmarie,47.6976,12.7986,15,N,15,,WI4+,,eudem_dem_3035_europe,25,ok,58,561.9878131104791,324.67413330078125,34.508522987668414,44.439989057080496,60.59357833862305,61.216609954833984,0.7832386334703509,0.7068965517241379,0.55,1,0.7353644189053817,0.6440769940957256,0.5013312286618569,0.03903178767911319,0.06896551724137931,70.04645452485802,29.95354547514198,,
536,Kerschhacklfall - Maltatal,47.002901,13.443284,52,NO,52,903.3642578125,WI5+,,DGM_AT_5m_epsg31287,5.000000000000002,ok,4,28.284271247461906,14.59051513671875,45,27.43405246734619,30.481399536132813,30.481399536132813,0.9222222222222224,0,0.95,0.1767766952966369,0.5765665584185526,0.181549072265625,0.4966815167078855,0,0,50.58674616965027,49.41325383034973,,
537,Kessel-Eisarena,47.7326,13.6962,15,N,15,797.271240234375,WI5+ / M7,,DGM_AT_5m_epsg31287,5.000000000000002,ok,6,44.641902183696615,15.3209228515625,20.55604521958344,31.51079495747884,42.89139175415039,42.89139175415039,0.9382661642268508,0.3333333333333333,0.95,0.27901188864810383,0.6932076545555508,1,0.8722965049536612,0,0,96.80741262384151,3.192587376158471,,
538,Kessel über Lindenbrunner Wasserfall,47.9942,15.6009,15,N,15,603.09564208984375,WI3,,DGM_AT_5m_epsg31287,5.000000000000002,ok,29,272.5251496306452,188.8531494140625,55.56101069119637,42.29470798887056,58.720516204833984,65.852752685546875,0.5493221034311514,0.7586206896551724,0.95,1,0.7373150482690122,0.7107985924030172,0.5403869631314521,0.01844403711843422,0,75.12672999405339,24.87327000594661,,
540,Kesselwände,46.731236,13.010049,307,NW,307,681.874267578125,WI4-,,DGM_AT_5m_epsg31287,5.000000000000002,ok,4,28.284271247461906,7.072265625,315,15.99951159954071,26.843706130981445,26.843706130981445,0.9111111111111112,0,0.95,0.1767766952966369,0.5721221139741082,0.15101242065429688,0.7961510569579209,0,0,56.69933535339139,43.30066464660861,,
541,Kill the Duck - Langental,46.57032,11.80343,15,N,15,,M8 / WI5,,eudem_dem_3035_europe,25,ok,72,702.5927840875407,581.6375732421875,4.2363947990588144,42.06499054696825,57.24305725097656,60.49297332763672,0.880404386656209,0.7222222222222222,0.55,1,0.7788284213291502,0.6336636013454862,0.4757462206580017,0.10683095700935358,0.02777777777777777,67.99412065903208,32.00587934096792,,
542,Kitzeck Eisfall,47.15247191,13.29066753,285,W,285,1192.4364013671875,WI4+,,DGM_AT_5m_epsg31287,5.000000000000002,ok,28,265.2560585066216,221.47509765625,270,43.187587533678325,56.213373819986984,57.01039123535156,0.8333333333333334,0.7142857142857143,0.95,1,0.8376190476190476,0.816420418875558,0.6050842426172812,0.01077831637424727,0,81.6504585873472,18.3495414126528,,
543,Klagenfurter Spitze Nordwand Verschneidungsreihe,46.4399,14.1808,15,N,15,1748.302978515625,90° / 4+,,DGM_AT_5m_epsg31287,5.000000000000002,ok,45,438.5946837474784,369.686279296875,27.198127948509125,60.92743343777127,71.951394144694,73.56156158447266,0.8644652450165653,0.9555555555555556,0.95,1,0.9224527646732928,0.7930198386863426,0.43874331806631905,0.03293408372749885,0.06666666666666667,75.32912735132676,24.67087264867324,,
545,Kloppbachfälle,50.18552726,7.47233391,237,SW,237,213.02671813964844,WI2,,eudem_dem_3035_europe,25,ok,16,141.4213562373095,56.65098571777344,225,20.72434782981873,29.833431243896484,29.833431243896484,0.8666666666666667,0,0.55,0.8838834764831844,0.5450550143149852,0.378827969233195,0.4825677850328795,0.05454682807127635,0,58.02051667989024,41.97948332010976,,
546,Knecht Ruprecht - Reintal / Taufers,46.927915,12.044741,15,N,15,,M7- / WI4+,,eudem_dem_3035_europe,25,ok,76,741.0214927773707,585.6068115234375,318.36646066342973,45.72403370706659,54.28900960286464,59.956329345703125,0.37073845181588594,1,0.55,1,0.6582953807263543,0.5701977913839775,0.45439388621595667,0.11497113757292952,0,64.71932501621932,35.280674983780685,,
547,Kobold - Maltatal,46.997574,13.445777,15,N,15,1005.123046875,WI5 / M3,,DGM_AT_5m_epsg31287,5.000000000000002,ok,55,533.4639398487877,365.7491455078125,27.672078222758785,41.96649683172053,48.67907129923502,64.07036590576172,0.8591991308582357,0.9636363636363636,0.95,1,0.9227705614342032,0.7496405399206912,0.5149653411113129,0.00138001618906855,0.01818181818181818,76.39853931861438,23.601460681385618,,
548,Königspitze Ostwand (Ostrinne),46.48,10.5821,15,N,15,,45°,,eudem_dem_3035_europe,25,ok,39,375,326.472412109375,90,39.09249178568522,51.3903923034668,51.91033935546875,0.16666666666666663,0.6410256410256411,0.55,1,0.4689743589743589,0.05059240618322649,0.45298907816273754,0.079762819867867693,0,42.00612883495628,57.99387116504372,,
549,Höllendonner - Höllental Rax,47.729,15.7555,284,W,284,1069.0042724609375,WI4 / M4,,DGM_AT_5m_epsg31287,5.000000000000002,ok,32,299.0916136735291,405.1701049804687,294.7024302277713,50.49629104137421,69.83056767781576,72.77355194091797,0.881084108580319,0.8125,0.95,1,0.8861836434321276,0.5924965540568033,0.47221105957208614,0.02989592842156222,0.0625,67.24470285342706,32.75529714657294,,
550,Hybrid - Mur de Pisciadù,46.5423,11.8238,15,N,15,,M8+ / WI6,,eudem_dem_3035_europe,25,ok,57,551.2431439090994,394.21826171875,85.60129464500449,58.41662872046755,73.12565612792969,74.54286193847656,0.2155411706110613,0.8771929824561403,0.55,1,0.5593743629812666,0.7724555835389254,0.43372964224955274,0.2326641901891831,0.12280701754385964,69.72238833626821,30.27761166373179,,
551,Via l cajin - Pordoi Westwand,46.504045,11.801744,15,N,15,,WI6 / 7 / 7,,eudem_dem_3035_europe,25,ok,77,754.2349815551744,586.288330078125,311.1859251657097,55.467768433806185,66.85608469645183,67.56864929199219,0.29095472406344114,1,0.55,1,0.6263818896253764,0.8675831716298025,0.508783885374605,0.04823877549532688,0.01298701298701298,80.66619421792957,19.333805782070428,,
552,Ursprung Eisfall - Reintal / Taufers,46.9310826,12.1159974,69,O,69,2165.19970703125,WI3 / WI4,,DGM_AT_5m_epsg31287,5.000000000000002,ok,19,172.63639717030753,67.9287109375,79.99202019855863,24.13005085995323,31.088097508748373,31.853822708129883,0.8778664422382374,0,0.95,1,0.641146576895295,0.3787252861156798,0.3734240056261582,8.138764456625243e-4,0,56.361960486946295,43.638039513053705,,
553,Ursprung Couloir - Reintal / Taufers,46.9297176,12.1140834,15,N,15,,WI4+,,eudem_dem_3035_europe,25,ok,36,350,198.373779296875,0,34.45235432518853,37.82171910603841,38.567420959472656,0.8333333333333334,0.4722222222222222,0.55,1,0.685,0.8989978366427951,0.5672949276033465,0,0,84.63727583900943,15.362724160990568,,
554,Birthday Crack - Langental,46.5778687,11.7998067,15,N,15,,M5+ / WI5,,eudem_dem_3035_europe,25,ok,75,736.913153919655,280.8338623046875,45,42.28040817260742,56.375701904296875,60.96431350708008,0.6666666666666667,1,0.55,1,0.7766666666666666,0.8332237413194444,0.4566869192059523,0.06739412877294752,0.01333333333333333,77.43102543073152,22.568974569268477,,
556,Kreiselfall,47.5868,12.9801,15,N,15,,WI5+,,eudem_dem_3035_europe,25,ok,48,467.2278030066799,344.26190185546875,6.3401917459099195,36.7473770181338,49.01064618428549,49.924076080322266,0.903779908287888,0.6666666666666666,0.55,1,0.7715119633151551,0.6156458324856229,0.45588068444938407,0.0595066980458796,0,67.91094561217004,32.08905438782996,,
557,Kreiskogel Ostwand,47.087615,14.555715,15,N,15,2102.981201171875,45° / WI3+ / 2,,DGM_AT_5m_epsg31287,5.000000000000002,ok,37,349.25181534723237,276.3349609375,48.2892426784918,41.771371686780775,52.39675216674805,58.62907409667969,0.6301195257945356,0.8648648648648649,0.95,1,0.8015072697772737,0.6136840270446228,0.4977083693293877,0.00546957327153634,0,69.949098984812,30.050901015188003,,
558,Kreuzbandfall - Zefretgraben,47.21558226,12.72145987,15,N,15,1192.6092529296875,WI7-,,DGM_AT_5m_epsg31287,5.000000000000002,ok,14,127.4078838637568,185.160888671875,85.42607874009911,48.878275871276855,73.37396138509115,73.41998291015625,0.21748801399889872,0.7142857142857143,0.95,0.79629927414848,0.5709108473001218,0.26291692824590773,0.42949983936573344,0.03640133501695735,0.14285714285714285,50.41215962629862,49.58784037370138,,
559,Kruch Zapfen,47.5019,12.7902,210,SW,210,722.89794921875,WI5+,,DGM_AT_5m_epsg31287,5.000000000000002,ok,11,98.99494936611666,162.28997802734375,225,48.50547461076216,73.46380259195963,73.527679443359375,0.8333333333333334,0.6363636363636364,0.95,0.6187184335382291,0.7761142675962472,0.4585437196673769,0.49432369861354514,0.01871963793581182,0.09090909090909093,61.70907618256345,38.29092381743655,,
560,Kuckucksnest - Nesthorn Nordwestpfeiler,46.4202153,7.9208307,13,N,13,2921.905029296875,60° / M6,,eudem_dem_3035_europe,25,ok,44,427.529229777137,325.31005859375,338.96248897457826,46.43469060551036,56.42832565307617,57.49649810791016,0.6218054330508695,0.8409090909090909,0.55,1,0.7109949004930751,0.49797104344223486,0.4873679136460465,0.00778225874246069,0,64.43724962120253,35.562750378797475,,
561,Kulmhammer Eisfälle,47.14399,14.11588,15,N,15,1085.3243408203125,WI3 / WI5,,DGM_AT_5m_epsg31287,5.000000000000002,ok,14,129.42795796831965,115.18182373046876,41.82016988013578,41.23853724343436,51.77354672749838,52.194358825683594,0.7019981124429358,0.7142857142857143,0.95,0.8089247373019978,0.7659774329930883,0.52321624755859375,0.47905239659936977,0.0081589107978202,0,65.35786283916455,34.642137160835446,,
562,La Bionda - Langental,46.57032,11.80343,15,N,15,,WI6+,,eudem_dem_3035_europe,25,ok,72,702.5927840875407,581.6375732421875,4.2363947990588144,42.06499054696825,57.24305725097656,60.49297332763672,0.880404386656209,0.7222222222222222,0.55,1,0.7788284213291502,0.6336636013454862,0.4757462206580017,0.10683095700935358,0.02777777777777777,67.99412065903208,32.00587934096792,,
563,La Candela Sospesa - Val Travenanzes,46.577664,12.066561,15,N,15,,WI5+ / WI6,,eudem_dem_3035_europe,25,ok,43,417.60683562531904,333.550537109375,24.44395478041656,47.328995904257134,53.91388320922851,53.97734451293945,0.8950671691064827,0.8372093023255814,0.55,1,0.79,0.4913713322129361,0.4600558725399605,0.04156909467175949,0,62.78172486964594,37.21827513035406,,
564,La Piera - Langental,46.582477,11.796314,15,N,15,,WI5,,eudem_dem_3035_europe,25,ok,62,608.5786596701262,486.602294921875,285.25511870305775,38.71386986394082,49.362098693847656,52.72447204589844,0.00283465225619716,0.7419354838709677,0.55,1,0.4337145060637691,0.4580737698462702,0.4800740647790456,0.05353588026057007,0,61.5444536573469,38.4555463426531,,
565,La Piovra - Langental,46.57032,11.80343,15,N,15,,WI5,,eudem_dem_3035_europe,25,ok,72,702.5927840875407,581.6375732421875,4.2363947990588144,42.06499054696825,57.24305725097656,60.49297332763672,0.880404386656209,0.7222222222222222,0.55,1,0.7788284213291502,0.6336636013454862,0.4757462206580017,0.10683095700935358,0.02777777777777777,67.99412065903208,32.00587934096792,,
566,La sor blanche - Langental,46.577,11.7894,15,N,15,,M9 / WI6- / 6+/7-,,eudem_dem_3035_europe,25,ok,55,536.8404173287647,466.6649169921875,312.7093899573615,42.88137293728915,57.508934020996094,59.203956604003906,0.30788211063735005,0.8727272727272727,0.55,1,0.5949710260731218,0.5314721309777463,0.47832866031810184,0.08438190490458951,0,64.18682430385934,35.81317569614066,,
567,Le Tre Grazie - Sappada,46.57545795,12.64664769,15,N,15,,70° / WI3,,eudem_dem_3035_europe,25,ok,11,100,48.204345703125,0,26.103009310635652,29.959104537963867,29.959104537963867,0.8333333333333334,0,0.55,0.625,0.5058333333333334,0.4688295306581439,0.6042334992043245,0.00446090960141384,0,66.11394816769631,33.88605183230369,,
568,Lee - Großer Rauchkofel,46.895685,12.040558,15,N,15,,M5,,eudem_dem_3035_europe,25,ok,52,499.1408013313702,439.556396484375,6.009005957494537,45.54425140527579,53.27293612162272,53.91543197631836,0.9001000661943838,0.8461538461538461,0.55,1,0.79,0.7975655580178286,0.5151194063878143,0.04480885268929295,0,77.87225821671178,22.127741783288215,,
570,Lenzspitze NO-Wand,46.1077,7.8702,52,NO,52,3853.86474609375,55° / 3,,eudem_dem_3035_europe,25,ok,52,501.0788399181751,391.86181640625,66.80140948635182,45.235346464010384,55.55093765258789,56.352787017822266,0.8355398945960909,0.8076923076923077,0.55,1,0.7865236501461287,0.6676937005458734,0.525699179259196,0.0518091425108604,0,72.152513155827,27.847486844173005,,
571,Let it go - Bletterbachschlucht - Butterloch,46.3625,11.4166,15,N,15,,WI7,,eudem_dem_3035_europe,25,ok,16,141.4213562373095,89.2220458984375,45,31.183884978294373,35.526729583740234,35.526729583740234,0.6666666666666667,0.25,0.55,0.8838834764831844,0.5400550143149853,0.4649422963460286,0.549456735667315,0.01059639904027183,0,64.44689374644874,35.55310625355126,,
572,Lifeline - Madrisa Nordwand,46.9475,9.887222,15,N,15,2209.021728515625,M6+ / WI5,,DGM_AT_5m_epsg31287,5.000000000000002,ok,15,128.81785284034277,117.86865234375,344.4758890032458,45.03156089782715,66.2781010945638,73.16224670410156,0.6608432111471757,0.6666666666666666,0.95,0.8051115802521422,0.7348484424840844,0.6212497287326388,0.4493639391084044,0.03830313998947127,0.06666666666666667,67.75760680422277,32.242393195777225,,
573,Lindenbrunner Wasserfall,47.9942,15.6009,15,N,15,603.09564208984375,WI5,,DGM_AT_5m_epsg31287,5.000000000000002,ok,29,272.5251496306452,188.8531494140625,55.56101069119637,42.29470798887056,58.720516204833984,65.852752685546875,0.5493221034311514,0.7586206896551724,0.95,1,0.7373150482690122,0.7107985924030172,0.5403869631314521,0.01844403711843422,0,75.12672999405339,24.87327000594661,,
574,Linker Breiteneben Fall,47.26582742,13.20827007,15,N,15,932.03564453125,WI4+,,DGM_AT_5m_epsg31287,5.000000000000002,ok,17,145.60509372451818,70.07928466796875,287.5255683737229,41.698748869054455,48.94372889200846,49.63932037353515,0.02806187081914302,0.7647058823529411,0.95,0.9100318357782388,0.5216396966113634,0.7175999061734069,0.6254905159356745,0.01213112805842184,0,77.68663611502674,22.313363884973256,,
575,Linker Doppellutscher,47.0775,13.0941,15,N,15,1377.1588134765625,WI3,,DGM_AT_5m_epsg31287,5.000000000000002,ok,26,245,198.0809326171875,0,43.86161694159875,55.886269887288414,56.852725982666016,0.8333333333333334,0.8461538461538461,0.95,1,0.8771794871794872,0.7687350542117388,0.515717035049863,0.01030416021314569,0,77.27992011151191,22.720079888488087,,
576,Linker Gamseckfall,47.7049,15.6688,24,NO,24,1337.8853759765625,WI5,,DGM_AT_5m_epsg31287,5.000000000000002,ok,41,396.2169681895781,221.00244140625,355.072890052351,50.60726956623356,67.97187652587891,70.88786315917969,0.6785876672483444,0.8536585365853658,0.95,1,0.8175326278749474,0.8008204514418191,0.5169434854391454,0.04936999487274182,0.02439024390243902,77.72920511438126,22.27079488561874,,
577,Linker Kraftwerksfall,47.76181595,13.18573952,15,N,15,591.42901611328125,WI5-,,DGM_AT_5m_epsg31287,5.000000000000002,ok,18,165,108.64666748046876,0,35.77109093136258,39.748239517211914,40.87049865722656,0.8333333333333334,0.7777777777777778,0.95,1,0.8566666666666666,0.5685201574254919,0.5265773734310505,0.00572340387023157,0,68.63337334251877,31.36662665748123,,
578,Linker Nordportalfall,47.1642,12.5341,15,N,15,1613.1302490234375,WI6-,,DGM_AT_5m_epsg31287,5.000000000000002,ok,26,245.04844333604993,179.18798828125,31.607502246248885,50.12498177014864,73.19443257649739,74.97068786621094,0.8154721972639013,0.7692307692307693,0.95,1,0.8469581096747912,0.725187252729367,0.4924786638140997,0.03235147497019707,0.07692307692307693,73.5291326995393,26.470867300460696,,
579,Linker Schanigbachfall - Mallnitzer Tauerntal,46.995688,13.108487,15,N,15,1778.3780517578125,WI3+,,DGM_AT_5m_epsg31287,5.000000000000002,ok,51,469.1844807675419,243.8055419921875,34.91940201245768,45.37792142232259,55.802053070068354,60.083831787109375,0.7786733109726924,0.8823529411764706,0.95,1,0.8661752067420182,0.845077614379085,0.6121192310696761,0.00378817167617015,0,83.25570999027732,16.744290009722675,,
581,Linker und Rechter Hochgolling Fall,47.272393,13.767406,15,N,15,2016.2049560546875,M6 / WI6,,DGM_AT_5m_epsg31287,5.000000000000002,ok,16,145,222.5535888671875,0,51.19977867603302,69.51987075805664,69.81889343261719,0.8333333333333334,0.75,0.95,0.90625,0.8389583333333333,0.3054981231689453,0.5017532221379833,0.02355852812858453,0.3125,52.69507553348043,47.30492446651957,,
583,Links Aussen,47.1639,12.5343,84,O,84,1627.8671875,WI5+,,DGM_AT_5m_epsg31287,5.000000000000002,ok,12,105,143.5509033203125,90,46.90506601333618,66.02332077026367,66.6186294555664,0.9333333333333332,0.6666666666666666,0.95,0.65625,0.8289583333333335,0.39904361300998265,0.4661359615870609,0.01289630225963062,0.16666666666666666,57.685768913266465,42.314231086733535,,
584,Little Hulk,47.59507,15.13477,15,N,15,1434.7838134765625,WI6- / M5-,,DGM_AT_5m_epsg31287,5.000000000000002,ok,19,169.61940841860297,152.964599609375,333.434948822922,47.09256884926244,72.76614430745443,75.33336639404297,0.538166098032467,0.631578947368421,0.95,1,0.694740123423513,0.5753564667283443,0.400843985437111,0.08390221483351891,0.10526315789473684,63.18146476308553,36.81853523691447,,
585,Lo Specchio di Biancaneve - Sappada,46.552921,12.693455,15,N,15,,WI3+,,eudem_dem_3035_europe,25,ok,48,461.7342939835196,355.640625,10.007979801441364,43.080537716547646,51.54058074951172,51.750057220458984,0.944533108904904,0.8541666666666666,0.55,1,0.79,0.7873026529947916,0.4513957387854651,0.09179919502801366,0,74.87752895384197,25.122471046158022,,
586,Löxalmfall,47.08621793,13.56418848,233,SW,233,1199.56591796875,WI5+,,DGM_AT_5m_epsg31287,5.000000000000002,ok,54,526.8548739394687,420.6019287109375,227.5261169116195,42.513516143516256,53.500649770100914,58.58970642089844,0.9391790767957724,0.925925925925926,0.95,1,0.9434494084960868,0.5595686170789931,0.47526277713882786,0.01437682751135003,0,66.77462064679838,33.22537935320162,,
587,L’onda di Hokusai – Hokusai’s Wave,46.4888,11.649,15,N,15,,WI5+ / M3,,eudem_dem_3035_europe,25,ok,54,522.2274776569922,387.88232421875,77.9052429229879,49.158748662030256,57.5101432800293,57.597991943359375,0.3010528564112456,0.8148148148148148,0.55,1,0.5748655870089426,0.6815242060908565,0.5076977829918462,0.01154486453275621,0,73.13013655822958,26.86986344177042,,
588,Looking for footholds - Bletterbachschlucht - Butterloch,46.3625,11.4166,15,N,15,,WI7-,,eudem_dem_3035_europe,25,ok,16,141.4213562373095,89.2220458984375,45,31.183884978294373,35.526729583740234,35.526729583740234,0.6666666666666667,0.25,0.55,0.8838834764831844,0.5400550143149853,0.4649422963460286,0.549456735667315,0.01059639904027183,0,64.44689374644874,35.55310625355126,,
590,Lost Nomic - Rauchkofel Nordwand,46.960613,11.9975812,15,N,15,,M6,,eudem_dem_3035_europe,25,ok,40,381.8706641987386,291.21630859375,3.814074834290352,36.48012428283691,50.3647346496582,52.12199783325195,0.8757119426032262,0.625,0.55,1,0.7477847770412904,0.4421025594075521,0.4800488561637492,0.04944594303766886,0,60.9069177166802,39.0930822833198,,
591,Lúa - Langental,46.577,11.7894,15,N,15,,M10 / WI6+ / 6+/7-,,eudem_dem_3035_europe,25,ok,55,536.8404173287647,466.6649169921875,312.7093899573615,42.88137293728915,57.508934020996094,59.203956604003906,0.30788211063735005,0.8727272727272727,0.55,1,0.5949710260731218,0.5314721309777463,0.47832866031810184,0.08438190490458951,0,64.18682430385934,35.81317569614066,,
592,Lucky Strike - Val Travenanzes,46.577664,12.066561,15,N,15,,M8 / WI5,,eudem_dem_3035_europe,25,ok,43,417.60683562531904,333.550537109375,24.44395478041656,47.328995904257134,53.91388320922851,53.97734451293945,0.8950671691064827,0.8372093023255814,0.55,1,0.79,0.4913713322129361,0.4600558725399605,0.04156909467175949,0,62.78172486964594,37.21827513035406,,
593,Lujanta - Sella,46.54546,11.8276,15,N,15,,WI4,,eudem_dem_3035_europe,25,ok,37,353.5533905932738,254.1268310546875,45,33.74999407175425,47.185791015625,48.26447296142578,0.6666666666666667,0.4864864864864865,0.55,1,0.6226126126126127,0.43349972286739863,0.4680554408256547,0.08049121794399915,0,59.59904919079433,40.40095080920567,,
594,Lumberjack,47.1649,12.5343,61,NO,61,1599.1446533203125,M7,,DGM_AT_5m_epsg31287,5.000000000000002,ok,20,185.1863809883634,199.7652587890625,62.700427788667184,42.46614654064179,65.18919512430828,67.87168884277344,0.981106357903698,0.7,0.95,1,0.8924425431614792,0.16760711669921874,0.4127324476068589,0.0656909380418559,0.05,46.0468126807992,53.9531873192008,,
595,Lumina - Wildgall Nordostpfeiler,46.9045,12.1369,15,N,15,2922.561279296875,60° / M8- / A0,,DGM_AT_5m_epsg31287,5.000000000000002,ok,70,685.1299337145298,453.259521484375,90.8363753254224,35.97340837206159,60.32889518737794,75.28880310058594,0.1573736074953066,0.4,0.95,1,0.4729494429981227,0.5360226585751489,0.5057841066333882,0.01400283352995757,0,66.48556563111725,33.514434368882746,,
596,Lung Eisfall,47.2078786,12.5138998,249,W,249,1285.7432861328125,WI4,,DGM_AT_5m_epsg31287,5.000000000000002,ok,45,431.8273123984967,332.4876708984375,273.0127875041833,46.89504631890191,55.095705413818365,63.055294036865234,0.7331912499535191,0.9111111111111112,0.95,1,0.8566098333147408,0.8256894712094908,0.5391215047308882,0.00437989724041135,0,80.54646587789107,19.453534122108938,,
597,Lyskamm Nordwand,45.927533,7.838099,27,NO,27,3824.748291015625,M4 / 55° / 4/4+,,eudem_dem_3035_europe,25,ok,55,534.5141843533571,421.921142578125,28.072486935852965,44.50063421075994,54.97309494018555,55.33498001098633,0.9880834784905226,0.8181818181818182,0.55,1,0.79,0.6036391749526515,0.4868861720848384,0.01407454765655777,0,69.05442622185912,30.945573778140883,,
598,Malaga,47.59641121,15.1381731,340,N,340,1479.6702880859375,WI5,,DGM_AT_5m_epsg31287,5.000000000000002,ok,27,251.6792176043403,213.5645751953125,319.0856167799749,47.52951551366736,66.27835693359376,70.79473114013672,0.7676179642219432,0.8148148148148148,0.95,1,0.8414916301332217,0.6532140661168981,0.4469546085046724,0.01945400895711816,0.07407407407407407,69.43867726799412,30.561322732005877,,
599,Mario - Dösner Tal,46.981804,13.223505,15,N,15,1573.338623046875,WI6 / M3+,,DGM_AT_5m_epsg31287,5.000000000000002,ok,45,430.63532927696343,346.593994140625,7.549421768263301,49.811767154269745,66.7430201212565,70.72600555419922,0.9172157974251478,0.8888888888888888,0.95,1,0.9235529856367258,0.9318831832320602,0.47833222965649375,0.00594754639098903,0.02222222222222222,83.55187583681305,16.448124163186947,,
600,Marmolada NW-Wand,46.43910666,11.84208155,15,N,15,,45°,,eudem_dem_3035_europe,25,ok,58,565.5813997167127,362.390869140625,340.70995378081125,38.556433052852235,45.880338033040374,46.50764083862305,0.6189994864534583,0.8793103448275862,0.55,1,0.7213928980296591,0.5684239179238506,0.466830824654358,0.07502166828376124,0,65.749413557257,34.250586442743,,
601,Matrix,47.59507,15.13477,317,NW,317,1434.7838134765625,WI6-,,DGM_AT_5m_epsg31287,5.000000000000002,ok,19,174.78329702764324,192.6514892578125,310.2363583092738,45.84831699572111,70.11122233072916,75.33336639404297,0.9248484256585976,0.6842105263157895,0.95,1,0.8652025281581758,0.4569536175644189,0.36387218820343314,0.04372912370844891,0.10526315789473684,57.73250344236833,42.26749655763167,,
602,Matterhorn Nordwand - Schmid Route,45.98331,7.668894,32,NO,32,3195.407470703125,80° / WI4+ / M4 / 5-/5,,eudem_dem_3035_europe,25,ok,45,429.78597403816366,370.897705078125,33.69006752597977,43.833636644151476,62.12345759073894,62.377777099609375,0.981221471933558,0.7111111111111111,0.55,1,0.79,0.4753386320891203,0.4816731482892334,0.02899247868055546,0.13333333333333333,61.518884244296814,38.481115755703186,,
603,Mauerblümchen - Sektor Bahnwärter - Hochstegtunnel Gesäuse,47.591667,14.696667,15,N,15,588.116943359375,WI4,,DGM_AT_5m_epsg31287,5.000000000000002,ok,41,394.0207849387472,305.03515625,34.01934998982648,53.07474745773688,61.86262232462565,67.85990142822266,0.788673889001928,0.951219512195122,0.95,1,0.8908354092593077,0.8361186205856199,0.5074995989781903,0.00371523604612812,0,80.23852317988509,19.761476820114908,,
604,Mayerlrampe - Großglockner,47.0784,12.6927,48,NO,48,3248.470947265625,70° / 3,,DGM_Tirol_5m_epsg31254_2006_2020,5,ok,44,419.206969548664,319.430419921875,11.888658039627956,57.22248129411177,67.53642552693685,72.63359069824219,0.5987628671069773,1,1,1,0.8395051468427909,0.8548297304095644,0.44555138252823256,0.04254468276066649,0.02272727272727272,78.52795604915016,21.472043950849837,,
605,Mein Schatz - Hinteres Seebachtal,47.015751,13.257131,15,N,15,1518.5775146484375,WI5,,DGM_AT_5m_epsg31287,5.000000000000002,ok,4,28.284271247461906,11.7200927734375,45,22.75595474243164,30.04888153076172,30.04888153076172,0.6666666666666667,0,0.95,0.1767766952966369,0.4743443361963304,0.19176483154296875,0.5929121935149078,0,0,53.45222225730629,46.54777774269371,,
606,MfG Rastentalfall - Reintal,46.9354,12.0512,15,N,15,,M9 / WI6,,eudem_dem_3035_europe,25,ok,56,550,424.3299560546875,0,40.54681202343532,49.663672510782874,52.82769775390625,0.8333333333333334,0.75,0.55,1,0.7683333333333333,0.7619623456682477,0.5384084864843409,0.02037367228573809,0,77.34104427146491,22.65895572853509,,
607,Michltal - Geünter - Eisfall,47.033808,12.305818,34,NO,34,1819.0670166015625,WI4+,,DGM_Tirol_5m_epsg31254_2006_2020,5,ok,43,411.88806740336406,324.475830078125,27.255328374943076,45.38066118816997,58.43423589070638,80.45774841308594,0.9250592041660342,0.9069767441860463,1,1,0.9421167049222277,0.8215455047843992,0.4761974390398595,0.01861327798141874,0.02325581395348837,78.2696599921312,21.730340007868804,,
608,Milchtrinker Eisfall - Reintal / Taufers,46.9362766,12.0430541,15,N,15,,WI4-,,eudem_dem_3035_europe,25,ok,64,623.5168036170284,325.8367919921875,293.62937773065687,39.81777673959732,48.58512115478515,48.77911376953125,0.09588197478507632,0.828125,0.55,1,0.4967902899140305,0.5943171183268229,0.5025234874270631,0.03232834565763672,0,68.66079059723089,31.33920940276911,,
609,Mission Impossible - Langental,46.57563,11.78717,15,N,15,,90° / WI6 / WI5,,eudem_dem_3035_europe,25,ok,51,497.9049716599951,379.902099609375,349.3803447238449,47.80991221409218,57.50821304321289,60.16985321044922,0.715337163598277,0.8627450980392157,0.55,1,0.7549583948510755,0.6229718775531046,0.4829843801927551,0.0725164026070654,0,68.65801594256727,31.341984057432725,,
610,Mittlerer Maralmfall - Maltatal,47.03156,13.39284,15,N,15,1349.804931640625,WI4+,,DGM_AT_5m_epsg31287,5.000000000000002,ok,50,474.39569897288544,223.8077392578125,75.32360686254998,44.82699445724487,56.33215459187825,59.722904205322266,0.3297377015272225,0.88,0.95,1,0.685895080610889,0.7603605143229166,0.5007829523422158,0.00550760913329819,0,76.62564477042068,23.37435522957932,,
611,Mittlerer Nordportalfall,47.1643,12.5341,77,O,77,1605.575439453125,WI5,,DGM_AT_5m_epsg31287,5.000000000000002,ok,11,100,149.7659912109375,90,49.4999380978671,68.55118103027344,69.75627136230469,0.8555555555555556,0.6363636363636364,0.95,0.625,0.7856313131313131,0.7141427704782197,0.5093390309463092,0.00990800180994538,0,74.6717404089787,25.328259591021293,,
612,Mixedland Adlitzgräben,47.6574,15.7925,15,N,15,873.53582763671875,M6- / M10,,DGM_AT_5m_epsg31287,5.000000000000002,ok,3,20,11.942138671875,0,29.58098157246907,32.28652572631836,32.28652572631836,0.8333333333333334,0,0.95,0.125,0.5358333333333334,0.03960503472222222,0.5347485468789487,0.02279917357696427,0,44.69495676293443,55.30504323706557,,
613,Monozack,47.47069,12.84473,15,N,15,743.7325439453125,WI5,,DGM_AT_5m_epsg31287,5.000000000000002,ok,16,138.1655843748191,169.07830810546875,2.3859440303888277,45.04444319009781,66.58571421305338,67.79833984375,0.8598438225598759,0.75,0.95,0.8635349023426194,0.8452910192582124,0.5791734059651693,0.5522410551239313,0.01227039319928735,0.0625,68.99842178254517,31.001578217454835,,
615,Monte Rosa Ostwand,45.9422,7.88745,91,O,91,3115.470703125,55° / 3-,,eudem_dem_3035_europe,25,ok,65,639.4128773999827,500.644775390625,87.70938995736145,38.70865639906663,42.46923828125,43.5955696105957,0.963437666192905,0.8461538461538461,0.55,1,0.79,0.31072685046073717,0.4904843938130962,0.0127574344476064,0,55.98966942710846,44.01033057289154,,
616,Morbus Brexit - Aggenstein Nordostwand,47.53762,10.55979,59,NO,59,1768.0960693359375,M7 / WI4+,,DGM_Tirol_5m_epsg31254_2006_2020,5,ok,45,418.1046415360436,121.093994140625,16.504361381755018,32.715237968846374,37.810099919637054,61.08583450317383,0.5278262375750558,0.13157894736842105,1,1,0.5506041792405486,0.4841399016203703,0.7964130489258862,0.00390032002081473,0,71.61861539564752,28.381384604352476,,
617,Mordor - Anlauftal,47.0677,13.1259,15,N,15,1823.462890625,WI5,,DGM_AT_5m_epsg31287,5.000000000000002,ok,31,296.3258686722592,389.7117919921875,82.01067323360314,48.525610462311775,68.71685180664063,72.82415008544922,0.2554369640710762,0.8709677419354839,0.95,1,0.6534651082090756,0.6944796654485887,0.5963729192179154,0.00408024033431404,0,76.07930311894809,23.92069688105191,,
619,Namenlos - Bletterbachschlucht - Butterloch,46.359213,11.433034,15,N,15,,WI5+,,eudem_dem_3035_europe,25,ok,49,470.00265835367367,263.8348388671875,45,30.44714468352649,39.24121856689453,39.26572799682617,0.6666666666666667,0.6122448979591837,0.55,1,0.6603401360544218,0.5125867363546981,0.5191672667955762,0.03455349557152411,0,65.35451489442033,34.64548510557967,,
620,Nesthäkchen - Nesthorn,46.41993901,7.91962095,13,N,13,2963.129638671875,60° / M5+ / WI4,,eudem_dem_3035_europe,25,ok,52,502.54662836562034,368.1513671875,8.972626614896399,42.19358183787419,51.4434284210205,53.18288803100586,0.9552514068321822,0.8653846153846154,0.55,1,0.79,0.5102789463141025,0.4653440948696575,0.04831058174992601,0,63.62994332087754,36.37005667912246,,
621,New look new hook,46.6703,12.1503,15,N,15,,M9 / WI5+,,eudem_dem_3035_europe,25,ok,45,438.7081561754784,301.02880859375,6.709836807756915,50.74188389248318,69.80986022949219,70.36377716064453,0.9078870756417436,0.8444444444444444,0.55,1,0.79,0.8473368326822917,0.4695237360172064,0.10631641960806316,0.02222222222222222,77.51970025674979,22.480299743250217,,
622,No country for old men - Reintal,46.92039,12.00341,15,N,15,,M8 / WI6,,eudem_dem_3035_europe,25,ok,34,325,282.8035888671875,0,38.39147960438448,54.89210942586262,55.69085311889648,0.8333333333333334,0.5882352941176471,0.55,1,0.7198039215686275,0.4830283370672488,0.4904793815275485,0.0607959856005276,0,62.78233999420435,37.21766000579565,,
623,Nördlichste Rinne,47.0183676,13.31757545,228,SW,228,3073.636474609375,55°,,DGM_AT_5m_epsg31287,5.000000000000002,ok,26,240.41630560342617,274.604248046875,225,47.83796875293438,67.54087295532227,72.6925277709961,0.9666666666666668,0.7307692307692307,0.95,1,0.895897435897436,0.4549161470853365,0.37954614088545174,0.03100929391355468,0.07692307692307693,58.57046349347458,41.42953650652542,,
624,Nollen - Route (Nordwestbollwerk),46.5617,7.97908,300,NW,300,3021.58203125,70°,,eudem_dem_3035_europe,25,ok,44,428.3769277047808,320.996826171875,306.86989764584405,39.604694626548074,51.61831283569336,52.85677337646485,0.923667803935066,0.6590909090909091,0.55,1,0.7771943943012991,0.5024090391216856,0.3822328592959324,0.19372836816491504,0,58.289660879575855,41.710339120424145,,
626,Nosferatu - Mixedvariante,46.5044,11.1948,15,N,15,,M9 / WI6+,,eudem_dem_3035_europe,25,ok,70,675.9462759713242,366.7796630859375,340.5599651718238,62.1797772373472,81.01966094970703,81.47362518310547,0.6173329463535979,0.9,0.55,1,0.7269331785414391,0.809994361514137,0.49619576866589926,0.15772065358857312,0.08571428571428572,74.84308455586932,25.156915444130675,,
627,Now or Never - Göll Ostwand,47.597051,13.0805,96,O,96,1472.9111328125,70° / M5,,DGM_AT_5m_epsg31287,5.000000000000002,ok,34,313.39443672479615,353.0675048828125,86.98721249581666,54.7191587896908,74.53010533650716,77.201263427734375,0.8998579166201851,0.8529411764705882,0.95,1,0.9058255195892504,0.6248210832184437,0.38475796235396154,0.06249904884573291,0.1176470588235294,65.30944623852906,34.69055376147094,,
628,Nur für Wenige - Sella,46.54315,11.85376,15,N,15,,80° / WI4+,,eudem_dem_3035_europe,25,ok,24,225,153.6710205078125,0,34.32219123840332,43.43833541870117,43.43833541870117,0.8333333333333334,0.4166666666666667,0.55,1,0.6683333333333333,0.3345375061035156,0.47204084467907753,0.02574582149585088,0,56.34029246171812,43.65970753828188,,
629,Nutze den Tag - Felbertauern Nord,47.154378,12.544189,263,W,263,1940.794189453125,M5,,DGM_AT_5m_epsg31287,5.000000000000002,ok,16,145,176.2186279296875,270,47.16954064369202,63.526407368977864,63.97981262207031,0.9222222222222224,0.75,0.95,0.90625,0.8745138888888888,0.5488293965657552,0.5148313115996968,0.00312481096140497,0,67.50560941622331,32.49439058377669,,
630,Oberer Teil / Thun-Klamm,47.25708298,12.7368021,15,N,15,837.32672119140625,WI4 / M10,,DGM_AT_5m_epsg31287,5.000000000000002,ok,9,79.64277703938706,56.4859619140625,101.30993247402024,32.31579780578613,39.46988118489583,39.59895324707031,0.04100075028866412,0.5555555555555556,0.95,0.4977673564961691,0.4228437024317493,0.2160785816333912,0.6018587492098425,0.01091553636447147,0,54.55169417645923,45.44830582354077,,
631,Ötscher Nordwand Mixed,47.8654,15.2096,16,N,16,1549.298095703125,WI3 / M4,,DGM_AT_5m_epsg31287,5.000000000000002,ok,26,244.77634530844117,345.207275390625,7.27500495788928,50.79674632732685,71.9611218770345,73.620208740234375,0.9030556106432144,0.8076923076923077,0.95,1,0.8935299365649779,0.5835258288261218,0.4654848590761677,0.04754816879255649,0,66.94482039822854,33.05517960177146,,
632,Omikron - Tischbühel Nordwestwand,47.236677,13.431559,15,N,15,1553.8187255859375,WI5+ / M5+,,DGM_AT_5m_epsg31287,5.000000000000002,ok,21,191.8090035972321,152.1966552734375,313.8766972859246,38.07294763837542,46.736271921793616,48.59334564208984,0.3208521920658288,0.7142857142857143,0.95,1,0.6326265911120458,0.4428628588479663,0.5454624558192459,0.00825204455944162,0,63.400349152450794,36.599650847549206,,
633,Once in a lifetime - Langental,46.5729,11.8192,15,N,15,,M8 / WI6+,,eudem_dem_3035_europe,25,ok,55,519.4561799643915,358.039794921875,57.994616791916485,57.73456181612882,72.71671295166016,73.279754638671875,0.5222820356453723,0.9090909090909092,0.55,1,0.6916400869854217,0.6888834635416666,0.515334983623397,0.27416643301645915,0.12727272727272726,67.12707451690348,32.87292548309652,,
634,Ortler Nordostwand - Im Wandel der Zeit,46.50901,10.55737,15,N,15,,M4 / WI4 / 4+,,eudem_dem_3035_europe,25,ok,70,679.2481787152597,595.437255859375,15.255118703057803,53.65078348432269,68.56734644571941,69.58164978027344,0.9971653477438022,1,0.55,1,0.79,0.6345049176897322,0.4678297542968285,0.16660719641617366,0.14285714285714285,65.48774979656375,34.51225020343625,,
635,Ortler Nordwand,46.5213,10.5489,15,N,15,,55° / 1-,,eudem_dem_3035_europe,25,ok,34,324.1327606807669,162.939697265625,28.61045966596521,32.56813262490665,37.41787923177083,37.6877555847168,0.8487726703781644,0.4411764705882353,0.55,1,0.6818620093277363,0.6411354214537377,0.5099326337926112,0.00742278584534777,0,71.45095409332653,28.54904590667347,,
637,Pandora - Pordoi Westwand,46.504045,11.801744,15,N,15,,WI6 / M6 / 5,,eudem_dem_3035_europe,25,ok,77,754.2349815551744,586.288330078125,311.1859251657097,55.467768433806185,66.85608469645183,67.56864929199219,0.29095472406344114,1,0.55,1,0.6263818896253764,0.8675831716298025,0.508783885374605,0.04823877549532688,0.01298701298701298,80.66619421792957,19.333805782070428,,
638,"Para arriba, nach unten e bevilo - Val Mesdi",46.519531,11.826182,15,N,15,,90° / M8 / WI5,,eudem_dem_3035_europe,25,ok,44,421.53992969305943,340.72314453125,52.43140797117252,38.777080665935166,55.339542643229166,56.66279602050781,0.584095466986972,0.6136363636363636,0.55,1,0.6277290958856979,0.5451424338600852,0.5231086918083306,0.0734061747789383,0,66.14100332333334,33.85899667666666,,
639,Phoenix - Hochbrunnerschneide Nordwand,46.63211,12.39096,15,N,15,,WI5+ / M6,,eudem_dem_3035_europe,25,ok,64,627.748519050375,507.555419921875,13.240519915187178,49.414713740348816,59.7918815612793,59.98919677734375,0.9804502212798576,0.890625,0.55,1,0.79,0.6099058787027994,0.5277038037186256,0,0,70.63835963459161,29.36164036540839,,
640,Pilone Centrale - Val Travenanzes,46.577664,12.066561,15,N,15,,WI5+ / M7,,eudem_dem_3035_europe,25,ok,43,417.60683562531904,333.550537109375,24.44395478041656,47.328995904257134,53.91388320922851,53.97734451293945,0.8950671691064827,0.8372093023255814,0.55,1,0.79,0.4913713322129361,0.4600558725399605,0.04156909467175949,0,62.78172486964594,37.21827513035406,,
641,Pisciadu Eisfall - Sella,46.54303,11.83195,15,N,15,,WI4,,eudem_dem_3035_europe,25,ok,37,353.5533905932738,232.17431640625,45,31.692021518140223,42.5208625793457,43.72056198120117,0.6666666666666667,0.4864864864864865,0.55,1,0.6226126126126127,0.4796692444397523,0.5494905992405298,0.00135245722475218,0,65.29533183630706,34.70466816369294,,
642,Piz-Bernina-Westwand,46.3826,9.90392,15,N,15,,55°,,eudem_dem_3035_europe,25,ok,64,623.3285830375439,510.179931640625,95.19442890773485,40.35226874798536,54.82559585571289,57.72134780883789,0.10895078991405728,0.78125,0.55,1,0.4879553159656229,0.4855022430419922,0.5071799458182829,0.05370602333762993,0,63.45297911559412,36.54702088440588,,
644,Pleishornwasserfall,46.5173,10.5282,15,N,15,,WI6 / M7+,,eudem_dem_3035_europe,25,ok,54,525,417.684814453125,0,44.59972967924895,60.40951042175293,60.92068862915039,0.8333333333333334,0.7407407407407407,0.55,1,0.7655555555555555,0.8526200659481096,0.5287528428678748,0.0381230436909346,0,80.82426316554312,19.175736834456885,,
645,Point Five Gully - Ben Newis,56.7985054,-5.0022211,350,N,350,1170.169677734375,50° / M4 / WI4+,,eudem_dem_3035_europe,25,ok,59,573.961988056891,471.1184692382813,7.7651660184253615,41.51557857707395,52.293243408203125,52.8448486328125,0.8026092664619404,0.8813559322033898,0.55,1,0.79,0.6197639939475195,0.43805749556923373,0.06677916700725502,0,67.50523377672411,32.49476622327589,,
646,Poolboy - Koflachgraben,46.664095,13.616696,15,N,15,855.56365966796875,WI5-,,DGM_AT_5m_epsg31287,5.000000000000002,ok,20,179.93048328526132,154.2623291015625,17.35402463626133,38.81271619796753,46.908318837483726,46.98422622680664,0.9738441707082076,0.75,0.95,1,0.904537668283283,0.4743626912434896,0.619737909637647,0.00304401183081305,0,66.77888861028194,33.22111138971806,,
647,Powerplay - Vorderes Seebachtal,47.016116,13.202077,347,N,347,1500.8660888671875,WI5+,,DGM_AT_5m_epsg31287,5.000000000000002,ok,57,552.7488505643933,499.0531005859375,357.56335175318986,46.79906804938065,52.67973963419597,68.72160339355469,0.8826294249645571,0.9649122807017544,0.95,1,0.9325254541963492,0.406034056903326,0.4524830724368492,0.02523174881935119,0.0175438596491228,58.90353579869265,41.09646420130735,,
648,Präludium Göll Ostwand,47.60055,13.06918,15,N,15,1661.39599609375,85° / WI3+ / M4+,,DGM_AT_5m_epsg31287,5.000000000000002,ok,43,407.0892469090598,318.633056640625,11.481991354748118,60.04381570150686,76.61415100097656,81.69963836669922,0.9609110150527568,0.9302325581395348,0.95,1,0.9534341734629632,0.7411229333212209,0.4833010095299621,0.09780009482200291,0.02325581395348837,73.24449720172905,26.755502798270953,,
649,Premio Darwin - Langental,46.57032,11.80343,15,N,15,,WI5+ / M7-,,eudem_dem_3035_europe,25,ok,72,702.5927840875407,581.6375732421875,4.2363947990588144,42.06499054696825,57.24305725097656,60.49297332763672,0.880404386656209,0.7222222222222222,0.55,1,0.7788284213291502,0.6336636013454862,0.4757462206580017,0.10683095700935358,0.02777777777777777,67.99412065903208,32.00587934096792,,
650,Psycho Eisfall,47.6446,13.1183,123,SO,123,535.05126953125,WI7,,DGM_AT_5m_epsg31287,5.000000000000002,ok,42,389.83252616725673,127.443115234375,110.17065341185037,40.084828967139835,48.78594207763672,71.17473602294922,0.8574517045761152,0.7857142857142857,0.95,1,0.8686949675447319,0.7690948001922123,0.5988790568560934,0.0082773961318982,0,79.41569450741393,20.58430549258607,,
651,Pumpolaris,47.47069,12.84473,175,S,175,743.7325439453125,WI5,,DGM_AT_5m_epsg31287,5.000000000000002,ok,15,134.05463680757217,173.8514404296875,184.3987053549955,43.43052455584208,66.10466613769532,67.4080581665039,0.8955699405000499,0.7333333333333333,0.95,0.8378414800473261,0.8520121242047525,0.6318915473090277,0.5228247383067989,0.00709681100108557,0,71.3638018665545,28.636198133445504,,
653,Queen,47.1669,12.5324,15,N,15,1616.5306396484375,M6,,DGM_AT_5m_epsg31287,5.000000000000002,ok,29,277.19561312376595,276.4075927734375,44.06080905426444,44.43004759426775,57.489007822672534,61.432823181152344,0.6771021216192841,0.8620689655172413,0.95,1,0.8194615383028859,0.5774806230917744,0.43574697172356425,0.00781201290223619,0,66.72406207417423,33.27593792582577,,
654,Räuber Hotzenplotz - Reintal,46.92055,12.00406,15,N,15,,M9 / WI5+,,eudem_dem_3035_europe,25,ok,34,325,289.4432373046875,0,38.69089339761173,57.50190277099608,58.715091705322266,0.8333333333333334,0.5882352941176471,0.55,1,0.7198039215686275,0.40511486577052697,0.48940065050749393,0.0886585353051915,0,58.69201451625723,41.30798548374277,,
655,Rapunzel - Heiligkreuzkofel,46.623725,11.94862,15,N,15,,WI6+ / M8,,eudem_dem_3035_europe,25,ok,11,100,23.265869140625,0,13.060781565579502,13.640766143798828,13.640766143798828,0.8333333333333334,0,0.55,0.625,0.5058333333333334,0.13156590317234848,0.5325721791406703,0,0,49.23477012127244,50.76522987872756,,
656,Rauschenburgfall,50.18390598,7.48027325,183,S,183,198.8945770263672,WI2,,eudem_dem_3035_europe,25,ok,11,100,17.767349243164063,180,12.608768593181264,28.45522689819336,28.45522689819336,0.9666666666666668,0,0.55,0.625,0.5591666666666667,0.11669193614612926,0.7367197959029024,0,0,53.66913202414838,46.33086797585162,,
657,Rechte Gipfelrinne - Bosruck,47.62617,14.34746,19,N,19,1586.6502685546875,55°,,DGM_AT_5m_epsg31287,5.000000000000002,ok,47,450.1885957038491,393.9368896484375,25.46334506187162,48.164820569626826,59.53210728963216,75.4209976196289,0.9281850548680932,0.8936170212765957,0.95,1,0.92935912833021606,0.5932030643977172,0.4806783403209207,0.03967231395819508,0,67.91765012675639,32.082349873243615,,
658,Rechte Nordwandrinne - Scheißhäuslrinne,47.0563,12.9554,15,N,15,2707.096923828125,50° / 3,,DGM_AT_5m_epsg31287,5.000000000000002,ok,27,248.9623756685532,318.083984375,47.642545294064746,53.94599900422273,63.70887400309245,65.38020324707031,0.6373050522881695,0.8148148148148148,0.95,1,0.7893664653597122,0.5646068431712963,0.4485784490656188,0.02247263792396327,0.18518518518518515,64.3204645590177,35.679535440982306,,
659,Rechter Doppellutscher,47.0772,13.0947,15,N,15,1428.8853759765625,WI4+,,DGM_AT_5m_epsg31287,5.000000000000002,ok,24,225,173.032958984375,0,42.609016021092735,49.82082748413086,54.02032470703125,0.8333333333333334,0.8333333333333334,0.95,1,0.8733333333333334,0.7350493537055122,0.529725802375537,0.00648642776165312,0,76.1906374209034,23.8093625790966,,
660,Rechter Dreifaltigkeitsfall,47.0097,13.4307,43,NO,43,1037.6697998046875,WI3,,DGM_AT_5m_epsg31287,5.000000000000002,ok,4,28.284271247461906,18.5299072265625,45,33.35451602935791,34.44886779785156,34.44886779785156,0.9777777777777776,0,0.95,0.1767766952966369,0.5987887806407748,0.1333134969075521,0.49611376609160274,0,0,48.40195151312992,51.59804848687008,,
661,Rechter Gamseckfall (Nr.1),47.7043,15.6682,294,NW,294,1325.711181640625,WI3+,,DGM_AT_5m_epsg31287,5.000000000000002,ok,21,189.5781036220959,176.0531005859375,322.1250163489018,43.0978821345738,63.06417897542318,68.26576232910156,0.6874998183455356,0.8095238095238095,0.95,1,0.807857070195357,0.760284423828125,0.614345695905099,0.00956763769130385,0,79.38008871606702,20.61991128393298,,
662,Rechter Nordportalfall,47.1648,12.5345,78,O,78,1583.111083984375,WI5,,DGM_AT_5m_epsg31287,5.000000000000002,ok,21,195.69629807106045,199.5062255859375,76.75948008481282,47.73921298980713,63.67761306762696,67.6180191040039,0.9862164453868092,0.8095238095238095,0.95,1,0.9273437210118666,0.27067493257068453,0.42270366612685834,0.06546189300420266,0.09523809523809525,50.486344806387265,49.513655193612735,,
663,Rechter Ödalmfall,47.1552,12.5357,47,NO,47,1766.619873046875,WI3,,DGM_AT_5m_epsg31287,5.000000000000002,ok,11,91.92388155425115,144.712158203125,45,48.05206940390847,71.27987569173177,71.9244155883789,0.9777777777777776,0.5454545454545454,0.95,0.5745242597140698,0.8021999007188817,0.35619007457386365,0.4753165291475065,0.03700544013444221,0.2727272727272727,54.44408505454996,45.55591494545004,,
664,Rechts von Stella Cadente Sella Campolongopass,46.52862,11.84259,15,N,15,,WI5,,eudem_dem_3035_europe,25,ok,48,464.71517642197153,142.357421875,30.963756532073543,36.237363974253334,43.73062896728515,46.77961349487305,0.822624927421405,0.5,0.55,1,0.689049970968562,0.71692657470703125,0.41929934240992867,0.17537408844671315,0,69.23669765313036,30.763302346869636,,
665,Redmixed - Hörndlwand,47.707502,12.586285,15,N,15,,M7,,eudem_dem_3035_europe,25,ok,33,318.1980515339464,174.806884765625,45,27.79442515517726,38.80932108561198,38.846824645996094,0.6666666666666667,0.30303030303030304,0.55,1,0.5675757575757576,0.4239276924518623,0.5053606360913946,0.05533734355309996,0,60.60401519155667,39.39598480844333,,
666,Reiteralm Eisfall,47.22368154,12.48559713,75,O,75,1054.3935546875,WI3+,,DGM_AT_5m_epsg31287,5.000000000000002,ok,12,105.82277689331076,119.12255859375,87.27368900609372,41.70712947845459,60.31226183573405,60.82392501831055,0.8636256777100698,0.6666666666666666,0.95,0.6613923555831922,0.8015895066423471,0.7087834676106771,0.5477634571645186,0.00950334112470348,0,75.39927564909937,24.60072435090063,,
667,Remember to R.M,47.2189,13.1193,15,N,15,931.98468017578125,WI3+,,DGM_AT_5m_epsg31287,5.000000000000002,ok,41,355.0666375705628,89.5423583984375,53.13010235415595,40.38669974629472,53.559418233235675,58.86244201660156,0.5763321960649339,0.8292682926829268,0.95,1,0.7693133662308517,0.5932907476657774,0.7210974578400878,0.01340594375884629,0,74.45740121578524,25.54259878421476,,
668,Riffl Nordwand,47.1245,12.6658,15,N,15,3114.23974609375,60° / 1,,DGM_AT_5m_epsg31287,5.000000000000002,ok,26,239.4065421975298,232.177734375,354.2894068625003,43.897294117854194,53.18523025512695,56.9364128112793,0.7698822984722256,0.8076923076923077,0.95,1,0.8402606116965826,0.3914583646334135,0.39605181781535054,0.02061561283727105,0,57.10460959714195,42.89539040285805,,
669,Ringo - Val di Gares,46.306749,11.882662,15,N,15,,WI5+ / M8,,eudem_dem_3035_europe,25,ok,14,127.59915613829348,5.13623046875,36.86989764584405,2.4979821358408247,3.3077728748321533,3.3077728748321533,0.7570011372683995,0,0.55,0.7974947258643341,0.4925499274937932,0.06583731515066965,0.5974513423040791,0,0,47.898962739382114,52.101037260617886,,
670,Romariswandkopf Nordwand,47.0922,12.6697,15,N,15,3365.22802734375,55° / 2,,DGM_Tirol_5m_epsg31254_2006_2020,5,ok,27,232.53985481599813,43.83154296875,35.31121343963321,19.359745484811288,34.72962086995443,36.281349182128906,0.7743198506707422,0.07407407407407407,1,1,0.631950162490519,0.3813521773726852,0.4541883893998373,0.00107889475565357,0,58.493979821653696,41.506020178346304,,
671,Rosengartenspitze Ostwand - Dim-Ice,46.452268,11.623963,15,N,15,,50° / WI5+ / 4,,eudem_dem_3035_europe,25,ok,72,706.5293065235959,344.929443359375,57.994616791916485,50.9419715139601,58.638153076171875,63.43181228637695,0.5222820356453723,1,0.55,1,0.7189128142581489,0.8284276326497396,0.47992807888690703,0.05168980704965414,0,78.24364930041789,21.75635069958211,,
673,Rotpalfen Schlucht,47.57859648,12.86545383,15,N,15,,45° / M6- / WI4+,,eudem_dem_3035_europe,25,ok,63,617.2248474853632,426.6024169921875,18.434948822922024,47.82672415839301,56.62572479248047,58.52269744873047,0.961833901967533,0.8571428571428571,0.55,1,0.79,0.7322968982514881,0.4942709688611328,0.02031418895003972,0,74.9038508638445,25.096149136155503,,
674,Roundabout - Geierwand-Stubachtal,47.22890208,12.58059025,15,N,15,994.257080078125,WI6,,DGM_AT_5m_epsg31287,5.000000000000002,ok,44,423.306263249346,330.14825439453125,357.3974377975002,51.96640699559992,63.25655632019043,66.451751708984375,0.8044159755277798,0.9318181818181818,0.95,1,0.8913118447565663,0.8290417989095052,0.5301050502087739,0.012286860425251,0,80.31376999764205,19.686230002357945,,
675,Rubi Love - Rubihorn Nordwand,47.4277,10.3138,15,N,15,,M7,,eudem_dem_3035_europe,25,ok,64,621.5581500614973,560.5791015625,355.2363583092738,43.42611184716225,57.21341323852539,60.43685150146485,0.7804039812141531,0.8125,0.55,1,0.7659115924856612,0.4191408157348633,0.4630023096693526,0.06683674520657708,0,59.09965954567112,40.90034045432888,,
676,Rubihorn Nordwand,47.4276,10.313,15,N,15,,45° / 4,,eudem_dem_3035_europe,25,ok,70,687.8424312030713,554.064208984375,8.74616226255523,42.33641886029925,54.67355066935226,58.841304779052734,0.9305129140283914,0.8,0.55,1,0.79,0.4486608596075149,0.44962463118061896,0.08205996517624174,0,59.78915515832881,40.21084484167119,,
677,Ruinenorgel,47.2789,13.0719,128,SO,128,957.0264892578124,WI5+,,DGM_AT_5m_epsg31287,5.000000000000002,ok,58,554.08946243163075,418.6170043945313,117.92897870868092,43.14021370328706,52.21603647867839,73.52068328857422,0.8880997634297879,0.896551724137931,0.95,1,0.9142054226132944,0.8209276747429508,0.49325796268362687,0.00863237118404679,0.03448275862068965,78.75571942063563,21.24428057936437,,
678,Ruppertsklamm,50.3169,7.62703,170,S,170,95.98057556152344,WI2,,eudem_dem_3035_europe,25,ok,11,100,36.783233642578125,180,20.03224008733576,29.106529235839844,29.106529235839844,0.8888888888888888,0,0.55,0.625,0.5280555555555556,0.1343402862548828,0.5632877819596352,0,0,50.12750743046061,49.87249256953939,,
680,Säule Karlgraben,47.5799,15.1524,242,SW,242,983.99609375,WI4,,DGM_AT_5m_epsg31287,5.000000000000002,ok,46,406.206999990913,162.28936767578125,262.0565281894096,43.87741105452828,58.06342379252116,65.37469482421875,0.7771496867843376,0.7608695652173914,0.95,1,0.8291207442789524,0.6949021712593411,0.6346483216184936,0.01516099839700736,0.0217391304347826,76.61619447484472,23.38380552515528,,
681,Sau hladno! - Cima Tosa,46.1549,10.86504,15,N,15,,M5 / WI6,,eudem_dem_3035_europe,25,ok,79,777.6554921696189,385.5234375,338.62937773065687,44.25087984302376,55.65411427815755,56.65378189086914,0.5958819747850763,1,0.55,1,0.7483527899140305,0.7674506465090981,0.5057816693103921,0.0393685019547552,0,76.39245078657412,23.607549213425884,,
682,Saukenrinne,47.494,12.8107,228,SW,228,709.57891845703125,WI4,,DGM_AT_5m_epsg31287,5.000000000000002,ok,42,394.4517290430771,313.19964599609375,241.82140989004083,56.07096899123419,67.00790939331054,68.92774200439453,0.846428778999546,0.9285714285714286,0.95,1,0.9071429401712472,0.8070853097098214,0.43831987035770986,0.02099018165146902,0.04761904761904761,76.38084158666486,23.619158413335143,,
683,Sausender Graben Eisfall,47.5398031,11.33780479,15,N,15,,WI3+,,eudem_dem_3035_europe,25,ok,11,100,53.832763671875,0,28.11361347545277,31.16594123840332,31.16594123840332,0.8333333333333334,0,0.55,0.625,0.5058333333333334,0.2657197894472064,0.5115562403697997,0,0,54.746296534369286,45.253703465630714,,
684,Saxophon - Langental,46.570069,11.802967,15,N,15,,WI5 / M7,,eudem_dem_3035_europe,25,ok,79,778.1431224589298,537.3470458984375,3.9451862290375743,47.33727375465104,56.31193161010742,58.76007461547851,0.8771687358781952,0.9367088607594936,0.55,1,0.79,0.7845370135729826,0.4805245362342798,0.114134592188813,0,75.03458717286495,24.965412827135054,,
685,Schach Matt - Königspitze Nordwand,46.4855,10.5791,15,N,15,,M10+ / WI5,,eudem_dem_3035_europe,25,ok,57,553.3681475160931,416.49072265625,28.072486935852965,41.91129205937971,51.95562744140625,52.470943450927734,0.8547501451571893,0.8245614035087719,0.55,1,0.79,0.5727217824835527,0.4957368762278021,0.00540629586978265,0,68.05777620005927,31.942223799940734,,
686,Schareck - Grace Line - Rechte Eisrinne,47.048,13.0136,15,N,15,2472.928466796875,45° / M5 / WI4+,,DGM_AT_5m_epsg31287,5.000000000000002,ok,22,205,206.240966796875,0,44.16067400845614,60.879142379760744,62.64115524291992,0.8333333333333334,0.8181818181818182,0.95,1,0.8687878787878788,0.5749715169270834,0.5057895099593356,0.00255894257376591,0.04545454545454545,68.01273170468137,31.98726829531863,,
687,Schareck - Mittlere Eisrinne,47.0491,13.0153,317,NW,317,2433.03759765625,45° / 1+,,DGM_AT_5m_epsg31287,5.000000000000002,ok,46,441.7303635274318,342.38525390625,318.42387124493075,43.47277948130732,51.55345344543457,56.351932525634766,0.9841792083896584,0.9565217391304348,0.95,1,0.9706282050949938,0.7583295296931613,0.5797206898015433,0.00723125313938446,0,78.47322101844316,21.526778981556845,,
688,Schareck - Rechte Eisrinne,47.048,13.0136,348,N,348,2472.928466796875,45° / WI3 / 1+,,DGM_AT_5m_epsg31287,5.000000000000002,ok,22,205,206.240966796875,0,44.16067400845614,60.879142379760744,62.64115524291992,0.8666666666666667,0.8181818181818182,0.95,1,0.8821212121212122,0.5749715169270834,0.5057895099593356,0.00255894257376591,0.04545454545454545,68.01273170468137,31.98726829531863,,
689,Schattenspiel - Königspitze Nordostwand,46.4827,10.5831,15,N,15,,M6 / WI5,,eudem_dem_3035_europe,25,ok,67,651.6386829805589,462.601806640625,26.565051177077976,43.38863882377966,57.93534164428711,62.3358154296875,0.8714994313658002,0.7164179104477612,0.55,1,0.7735251456806485,0.6887920626360385,0.4751714475690456,0.07211007185243255,0.02985074626865671,71.13422010811266,28.865779891887343,,
690,Schattseitköpfl Nordwand,47.1257,12.6893,15,N,15,3002.6416015625,60° / 2,,DGM_AT_5m_epsg31287,5.000000000000002,ok,19,180,200.283447265625,0,46.40295811703331,58.26260579427084,58.76545333862305,0.8333333333333334,0.7894736842105263,0.95,1,0.8601754385964911,0.4762562534265351,0.47256693667451416,0.01073121184711916,0,63.03108058411455,36.96891941588545,,
691,Schatzwand Nord à la Bardeck/Aigner,47.814989,13.320262,33,NO,33,992.72833251953125,60° / M3,,DGM_AT_5m_epsg31287,5.000000000000002,ok,53,511.67158104332526,405.1656494140625,16.355817101017237,47.33847776448952,60.18239212036133,68.14627838134766,0.8150646344557471,0.9056603773584906,0.95,1,0.8877239669898459,0.4087101198592276,0.44553028616129936,0.02415650639296421,0.05660377358490566,58.48104468398939,41.51895531601061,,
692,Schauu..,47.25749404,12.73719907,15,N,15,839.99432373046875,WI5,,DGM_AT_5m_epsg31287,5.000000000000002,ok,29,269.25280242161267,91.02740478515624,335.32313682966287,43.55180753510574,53.378969573974615,54.16776657104492,0.5591459647740319,0.8620689655172413,0.95,1,0.7722790755647851,0.8154349491514009,0.5785158633241175,0.00186887280125674,0,81.12009183889086,18.879908161109142,,
693,Scheibenauerbrücke - Hieflau Gesäuse,47.599039,14.725674,108,O,108,516.17144775390625,WI4- / M7+,,DGM_AT_5m_epsg31287,5.000000000000002,ok,4,25.49297052578309,6.60235595703125,126.86989764584403,17.56221604347229,20.98724365234375,20.98724365234375,0.7903344706017328,0,0.95,0.15933106578614428,0.5220668948193076,0.1827328999837239,0.43791534976876345,0.00632660463452339,0,49.0443321507962,50.9556678492038,,
694,Schleier Wasserfall - Hallstatt,47.5511,13.6236,15,N,15,668.17047119140625,WI5,,DGM_AT_5m_epsg31287,5.000000000000002,ok,24,227.00741920826425,270.2999267578125,34.87532834460217,46.06663723786672,68.42712758382162,70.82726287841797,0.7791630183933093,0.8333333333333334,0.95,1,0.8516652073573238,0.4467283884684245,0.42522114951775336,0.03797031672567957,0,59.97389988450935,40.02610011549065,,
695,Schleierfall,47.8422,15.2207,15,N,15,759.7977294921875,WI3,,DGM_AT_5m_epsg31287,5.000000000000002,ok,42,379.881724632345,130.702880859375,19.53665493812838,44.665996120089574,61.78006795247395,69.394500732421875,0.9495927229096848,0.7857142857142857,0.95,1,0.9055513748781596,0.8375163002619668,0.74626658146195,0.01110872651805125,0,86.12272351797623,13.877276482023774,,
696,Schlems Doba - Madrisa Nordwand,46.945,9.88555,17,N,17,2494.30810546875,WI5 / WI5,,DGM_AT_5m_epsg31287,5.000000000000002,ok,22,210,249.401123046875,0,45.5172176361084,68.93257217407226,71.35636901855469,0.8111111111111111,0.8181818181818182,0.95,1,0.8598989898989898,0.4181740500710227,0.4491350196429802,0.01723223385598623,0,59.7015630671508,40.2984369328492,,
697,Schlund Mixedbereich,47.8155,15.5063,357,N,357,893.5029296875,M8 / M9+,,DGM_AT_5m_epsg31287,5.000000000000002,ok,37,356.4835072028369,279.64654541015625,356.7295120768165,46.73934555053711,61.60195643107096,72.3664779663086,0.9969945786312944,0.8648648648648649,0.95,1,0.9482572909119772,0.6608202135240709,0.4004660305336683,0.04169214759357609,0.05405405405405406,68.37417687951285,31.625823120487155,,
698,Schnapp Dir die ....,47.2588,12.7379,101,O,101,803.1161499023436,M8,,DGM_AT_5m_epsg31287,5.000000000000002,ok,3,20,12.64239501953125,90,31.576250076293945,33.770565032958984,33.770565032958984,0.8777777777777778,0,0.95,0.125,0.553611111111111,0.3833584255642361,0.7632044478140004,0,0,66.33124034574064,33.66875965425936,,
699,Schneewinkelkopf Nordwand,47.0991,12.6621,15,N,15,3222.422607421875,70° / 1-,,DGM_Tirol_5m_epsg31254_2006_2020,5,ok,39,374.25695987763226,100.563232421875,353.8844964337146,24.89495038986206,42.531889088948574,49.63402557373047,0.7653832937079401,0.1153846153846154,1,1,0.6407687020985607,0.5412190755208334,0.6786069152194254,0.00626359732976804,0,71.19475933232778,28.805240667672223,,
700,Schneiderrinne Light - Großglockner,47.0773,12.699,15,N,15,3190.33154296875,75°,,DGM_Tirol_5m_epsg31254_2006_2020,5,ok,60,579.767509254833,285.73046875,70.93080646265184,56.9014772268442,68.53214823404949,73.4647216796875,0.378546594859424,1,1,1,0.7514186379437696,0.9651031494140624,0.5237099119832609,0.03078160073858237,0.01666666666666666,85.74009084177602,14.259909158223977,,
702,Schöntalfall - Feistringgraben,47.5687,15.2609,95,O,95,816.85015869140625,WI3,,DGM_AT_5m_epsg31287,5.000000000000002,ok,3,20,3.8780517578125,90,12.29815673828125,17.07172966003418,17.07172966003418,0.9444444444444444,0,0.95,0.125,0.5802777777777777,0.06824747721354167,0.8741470811220622,9.02411424451404e-4,0,54.90676527417191,45.09323472582809,,
703,Schöttlkarspitze Westwand,47.4934335,11.3274893,15,N,15,,M5-,,eudem_dem_3035_europe,25,ok,45,434.3708918174923,284.660888671875,320.7105931374997,37.97204110887316,48.696414947509766,49.9271240234375,0.3967843681944411,0.6888888888888889,0.55,1,0.5753804139444431,0.7121127658420139,0.5014171632037706,0.05145985666248533,0,73.55130640973519,26.44869359026481,,
704,Schoßrinn Eisfall,47.7424,12.2978,15,N,15,,WI6+,,eudem_dem_3035_europe,25,ok,54,525.7763590607536,354.58917236328125,293.96248897457815,34.96256008854619,44.28516883850098,46.562625885009766,0.09958321082864607,0.6851851851851852,0.55,1,0.45538883988701406,0.6431572996539834,0.5139243925781853,0.0249969549017188,0,71.29024920084952,28.709750799150484,,
705,Schottenfeldgasse - Grünseefälle,47.1569,12.6166,34,NO,34,1932.4024658203125,WI5+,,DGM_AT_5m_epsg31287,5.000000000000002,ok,22,203.82717455609728,255.3216552734375,34.508522987668414,47.66612313010476,65.79871190388998,68.09212493896484,0.994349744581462,0.7727272727272727,0.95,1,0.9195580796507666,0.4170865145596591,0.4141475785680483,0.04338166197042235,0.13636363636363635,56.89131301634105,43.10868698365895,,
706,Score in Unterzahl - Vorderes Seebachtal,47.016116,13.202077,347,N,347,1500.8660888671875,WI5 / M7-,,DGM_AT_5m_epsg31287,5.000000000000002,ok,57,552.7488505643933,499.0531005859375,357.56335175318986,46.79906804938065,52.67973963419597,68.72160339355469,0.8826294249645571,0.9649122807017544,0.95,1,0.9325254541963492,0.406034056903326,0.4524830724368492,0.02523174881935119,0.0175438596491228,58.90353579869265,41.09646420130735,,
708,Seeblick Eisfall - Sparber bei Strobl,47.70093931,13.46224308,15,N,15,763.47088623046875,WI4+,,DGM_AT_5m_epsg31287,5.000000000000002,ok,3,20,7.49371337890625,0,22.375176111857098,25.781999588012695,25.781999588012695,0.8333333333333334,0,0.95,0.125,0.5358333333333334,0.2718370225694444,0.5382865807429872,0,0,55.68983053419968,44.31016946580032,,
709,Seezapfen - Hintersee,47.19427469,12.4691391,15,N,15,1445.0323486328125,WI5,,DGM_AT_5m_epsg31287,5.000000000000002,ok,25,224.05520083142767,138.2752685546875,39.55966796899452,43.6512540435791,72.08660074869792,78.290802001953125,0.7271148003445054,0.72,0.95,1,0.7968459201378021,0.5579911295572917,0.44810534212807734,0.05437916070222855,0,65.22465116923549,34.775348830764514,,
710,Sektor Abstellgleis- Hochstegtunnel Gesäuse,47.591667,14.696667,15,N,15,588.116943359375,WI5,,DGM_AT_5m_epsg31287,5.000000000000002,ok,41,394.0207849387472,305.03515625,34.01934998982648,53.07474745773688,61.86262232462565,67.85990142822266,0.788673889001928,0.951219512195122,0.95,1,0.8908354092593077,0.8361186205856199,0.5074995989781903,0.00371523604612812,0,80.23852317988509,19.761476820114908,,
711,Seltene Erden - Wildgall Nordostwand,46.9045,12.1369,93,O,93,2922.561279296875,M5,,DGM_AT_5m_epsg31287,5.000000000000002,ok,71,695.2009025966888,452.474853515625,91.23640760285616,36.293391832163636,60.25943984985353,75.28880310058594,0.980404528920624,0.4084507042253521,0.95,1,0.8046970228358553,0.5428653054394073,0.5123153938343452,0.01295690496024203,0,66.97768549142712,33.022314508572876,,
712,Selvaggia Sorte Variante Papert/Lindič - Cima Tosa,46.1549,10.86504,15,N,15,,M6 / WI6+,,eudem_dem_3035_europe,25,ok,79,777.6554921696189,385.5234375,338.62937773065687,44.25087984302376,55.65411427815755,56.65378189086914,0.5958819747850763,1,0.55,1,0.7483527899140305,0.7674506465090981,0.5057816693103921,0.0393685019547552,0,76.39245078657412,23.607549213425884,,
713,Senza piombo - Langental,46.577,11.7894,15,N,15,,M10 / WI5,,eudem_dem_3035_europe,25,ok,55,536.8404173287647,466.6649169921875,312.7093899573615,42.88137293728915,57.508934020996094,59.203956604003906,0.30788211063735005,0.8727272727272727,0.55,1,0.5949710260731218,0.5314721309777463,0.47832866031810184,0.08438190490458951,0,64.18682430385934,35.81317569614066,,
714,Silmarill,47.8598,15.2766,15,N,15,667.577392578125,WI5,,DGM_AT_5m_epsg31287,5.000000000000002,ok,21,192.9883288766516,209.02069091796875,87.87890360333853,49.08377983456566,69.66050516764324,70.89033508300781,0.19023440440734973,0.7619047619047619,0.95,1,0.5946651903343685,0.4202696785094246,0.3793148859187363,0.05411077437124082,0.14285714285714285,55.88422076489628,44.11577923510372,,
715,Simplbach,47.60925195,13.62804651,15,N,15,536.37353515625,WI4,,DGM_AT_5m_epsg31287,5.000000000000002,ok,4,20.764133310393156,3.558837890625,14.036243467926454,16.411152124404907,20.28504753112793,20.28504753112793,0.9892915940880715,0,0.95,0.12977583318995722,0.5986942209542244,0.5303064982096354,0.7291936477177497,0,0,72.09363361237735,27.906366387622658,,
716,Singing in the Rain,47.2064,12.7316,15,N,15,1449.3463134765625,WI7-,,DGM_AT_5m_epsg31287,5.000000000000002,ok,77,735.2781797708291,411.9832763671875,324.3954660195668,50.83350724059266,67.14831797281902,70.21341705322266,0.43772740021740897,0.922077922077922,0.95,1,0.7417143367103401,0.8188887426863501,0.6654409634363146,0.00204028872062401,0.01298701298701298,83.31534160251101,16.684658397488988,,
717,Sisi`s Alptraum - Loser,47.67136,13.78724,64,NO,64,1681.0001220703125,90° / M7 / WI6,,DGM_AT_5m_epsg31287,5.000000000000002,ok,4,28.284271247461906,8.4161376953125,45,21.405101537704468,34.223846435546875,34.223846435546875,0.7888888888888889,0,0.95,0.1767766952966369,0.5232332250852192,0.347259521484375,0.5527527635748184,0.00255030176291863,0,59.39449152090896,40.60550847909104,,
718,Sloppy Nomic - Rauchkofel Nordwand,46.960613,11.9975812,15,N,15,,M6,,eudem_dem_3035_europe,25,ok,40,381.8706641987386,291.21630859375,3.814074834290352,36.48012428283691,50.3647346496582,52.12199783325195,0.8757119426032262,0.625,0.55,1,0.7477847770412904,0.4421025594075521,0.4800488561637492,0.04944594303766886,0,60.9069177166802,39.0930822833198,,
719,Sogno Canadese - Val Travenanzes,46.577664,12.066561,15,N,15,,WI5+ / WI6,,eudem_dem_3035_europe,25,ok,43,417.60683562531904,333.550537109375,24.44395478041656,47.328995904257134,53.91388320922851,53.97734451293945,0.8950671691064827,0.8372093023255814,0.55,1,0.79,0.4913713322129361,0.4600558725399605,0.04156909467175949,0,62.78172486964594,37.21827513035406,,
720,Solo für zwei,47.04471608,13.0444622,85,O,85,1959.138671875,WI4-,,DGM_AT_5m_epsg31287,5.000000000000002,ok,31,290.83324593336505,244.184814453125,50.52754015165618,41.3202217471215,56.85173568725587,61.52268600463867,0.6169726683517354,0.8387096774193549,0.95,1,0.7884019705665005,0.4553534394951277,0.4695072106233507,0.03177342049637308,0.06451612903225806,60.94795534261448,39.05204465738552,,
721,solo per un altro hashtag inkl. extension - Val Lasties,46.514304,11.803376,15,N,15,,M5+ / WI6,,eudem_dem_3035_europe,25,ok,46,446.46696992409136,329.755615234375,324.4623222080256,36.06448235719101,44.0074462890625,45.50553894042969,0.43847024675584023,0.6304347826086957,0.55,1,0.5745185334849447,0.5270646689594656,0.4774304255207767,0.03972983883990758,0,64.85907396439721,35.14092603560279,,
722,Solospiel - Loser,47.6711111,13.78694444,15,N,15,1707.8447265625,90° / M7 / M6-,,DGM_AT_5m_epsg31287,5.000000000000002,ok,18,162.22291338490712,103.3919677734375,33.111341960372044,45.44709857304891,60.35744667053224,68.47393035888672,0.7987628671069773,0.7222222222222222,0.95,1,0.8261718135094577,0.6239669234664352,0.4888152893165995,0.04112683231424954,0.05555555555555555,68.92080158706403,31.07919841293597,,
723,Sonnentanz - Lagental,46.57697,11.78936,15,N,15,,M7+ / WI5+,,eudem_dem_3035_europe,25,ok,56,541.827638812049,458.240234375,317.2906100426385,43.3256060055324,54.836177825927734,60.11251449584961,0.3587845560293166,0.875,0.55,1,0.6160138224117266,0.5001011803036645,0.4805515586340121,0.06753481303652127,0.03571428571428571,62.81050296164192,37.18949703835808,,
724,Sonnentempler,47.25812026,12.7372098,15,N,15,828.61077880859375,WI5-,,DGM_AT_5m_epsg31287,5.000000000000002,ok,4,21.206202168364847,7.2662353515625,14.036243467926454,21.139891147613525,24.700027465820313,24.700027465820313,0.9892915940880715,0,0.95,0.13253876355228028,0.5989705139904568,0.7401860555013021,0.804657687475716,0,0,83.4248146844515,16.575185315548495,,
725,Sorejina - Sennesspitze,46.662658,12.012503,15,N,15,,50° / WI5+ / M6,,eudem_dem_3035_europe,25,ok,59,567.078236822818,496.875244140625,50.9061411137705,43.78101575172553,48.006797790527344,48.50109100341797,0.6010428765136611,0.847457627118644,0.55,1,0.7046544387410576,0.5413861463298906,0.5301276406032436,0.0087408267677167,0,67.44075106457184,32.55924893542816,,
726,sot saslonch - Langkofel NO- Wand,46.523688,11.742833,15,N,15,,WI4,,eudem_dem_3035_europe,25,ok,51,496.702208239099,403.49169921875,77.00538320808346,51.951344508750765,65.20823262532552,65.92097473144531,0.3110512976879616,0.8235294117647058,0.55,1,0.5814793426045963,0.6476344688265931,0.4863160064433294,0.0013732078905199,0.0784313725490196,70.48967337497933,29.510326625020667,,
727,Space Shuttle - Kleine Rodelheilspitze,46.542376,11.8109652,15,N,15,,M9- / WI5,,eudem_dem_3035_europe,25,ok,56,540.6296958832735,367.12158203125,307.5685920288274,40.49172050612314,52.10887730916341,58.39000701904297,0.2507621336536381,0.75,0.55,1,0.5353048534614552,0.5141496204194569,0.4848179553844322,0.17213692533827962,0,61.814443296720775,38.185556703279225,,
728,Spaß Sport..,47.2571,12.737,15,N,15,833.4385375976564,WI5+,,DGM_AT_5m_epsg31287,5.000000000000002,ok,23,208.1102419959647,115.607177734375,316.4688007143859,36.78827451623005,47.80457178751628,48.76939392089844,0.3496533412709545,0.7391304347826086,0.95,1,0.6516004669431644,0.461341747339221,0.3809494314431668,0.0259959544831266,0,59.76419532668158,40.23580467331842,,
729,Speikarena Eisfälle,47.695184,12.912658,15,N,15,,WI3+ / WI6,,eudem_dem_3035_europe,25,ok,70,680.1349541875428,436.9415893554687,346.5042667192042,38.44584759303502,45.30685958862305,48.340728759765625,0.6833807413244914,0.9,0.55,1,0.7533522965297965,0.7362628755115327,0.5218177668399953,0.03647771131779466,0,75.44771934266295,24.55228065733705,,
730,Spiegel der Steinernen Jungfrau,47.55753,14.78416,93,O,93,631.65625,M9 / WI5+,,DGM_AT_5m_epsg31287,5.000000000000002,ok,42,404.0169477172881,259.954345703125,95.33215888165957,44.55013179779053,51.739644877115886,56.09682083129883,0.974087123537116,0.9523809523809524,0.95,1,0.9653491351291322,0.6828581794859871,0.45085698340752584,0.01791765999662438,0,71.64168946212509,28.35831053787491,,
731,Spiegelkabinett,47.2827,13.0775,271,W,271,794.20953369140625,WI3+,,DGM_AT_5m_epsg31287,5.000000000000002,ok,42,408.2511649638565,308.57379150390625,277.2142620392067,49.53499053773426,64.15085881551106,67.919708251953125,0.9309526440088146,0.9523809523809524,0.95,1,0.9480953433178116,0.7631823827349951,0.4863208480105886,0.00964563192858819,0.04761904761904761,75.83212530857726,24.16787469142274,,
732,Spieglein an der Wand,47.05880164,13.02817583,5,N,5,1865.9588623046875,WI3+,,DGM_AT_5m_epsg31287,5.000000000000002,ok,40,390,366.1756591796875,0,50.96270666122437,68.66587829589844,70.975677490234375,0.9444444444444444,0.875,0.95,1,0.9302777777777776,0.7681284586588542,0.5034306292645944,0.00673831653936455,0,77.01678004047601,22.983219959523993,,
733,Spindrift - Murfreit Turm,46.538709,11.801063,15,N,15,,WI5 / M4 / 5,,eudem_dem_3035_europe,25,ok,62,600.3048154872283,507.201904296875,353.99099404250546,49.48006533038232,60.366722106933594,63.73107147216797,0.7665666004722829,0.8709677419354839,0.55,1,0.7779169627695584,0.740703623781922,0.4967762849298043,0.09127299062987808,0.06451612903225806,73.28044909051145,26.719550909488547,,
734,Spitzborscht,46.6703,12.1503,15,N,15,,M8 / WI5,,eudem_dem_3035_europe,25,ok,45,438.7081561754784,301.02880859375,6.709836807756915,50.74188389248318,69.80986022949219,70.36377716064453,0.9078870756417436,0.8444444444444444,0.55,1,0.79,0.8473368326822917,0.4695237360172064,0.10631641960806316,0.02222222222222222,77.51970025674979,22.480299743250217,,
735,Spitzmauer Ostwand,47.694052,14.068894,115,SO,115,1697.8050537109375,70° / WI3 / 3/3+,,DGM_AT_5m_epsg31287,5.000000000000002,ok,4,28.284271247461906,17.168701171875,135,33.4585599899292,34.45502471923828,34.45502471923828,0.7777777777777778,0,0.95,0.1767766952966369,0.5187887806407747,0.5981165568033854,0.602384902376064,5.455370216319958e-4,0,71.9639568751213,28.036043124878702,,
736,Springer - Köngispitze Nordwand,46.4855,10.5791,15,N,15,,M7 / WI6+,,eudem_dem_3035_europe,25,ok,57,553.3681475160931,416.49072265625,28.072486935852965,41.91129205937971,51.95562744140625,52.470943450927734,0.8547501451571893,0.8245614035087719,0.55,1,0.79,0.5727217824835527,0.4957368762278021,0.00540629586978265,0,68.05777620005927,31.942223799940734,,
737,Srednji Slap - Prisank,46.432066,13.761646,15,N,15,,WI4+,,eudem_dem_3035_europe,25,ok,55,533.3029368478138,380.6728515625,349.99202019855863,47.66029416864568,59.926351928710936,61.80170822143555,0.7221335577617626,0.8727272727272727,0.55,1,0.7606716049228868,0.7268743341619318,0.5394441216836326,0.01119272261857986,0,75.97159362700616,24.02840637299384,,
738,Stangenwand Ostschlucht,47.60655,15.121951,15,N,15,1897.612060546875,50° / WI3 / 3+,,DGM_AT_5m_epsg31287,5.000000000000002,ok,25,235.95951953514543,349.6019287109375,302.5740571345725,47.12381076812744,76.42395375569662,78.30720520019531,0.19526730149525015,0.84,0.95,1,0.6201069205981001,0.3554789225260417,0.505690100931374,0.04166231494241704,0.12,56.60555773810788,43.39444226189212,,
740,Starkstrom - Enzingerboden,47.16637336,12.62691417,327,NW,327,1604.30322265625,M8- / WI6+,,DGM_AT_5m_epsg31287,5.000000000000002,ok,32,306.9087186705111,309.628173828125,318.36646066342973,44.31331843137741,52.69602597554525,53.21233749389648,0.9040717851492192,0.875,0.95,1,0.9141287140596878,0.5691165924072266,0.4838458444324024,0.00365514665221174,0,67.63328983609101,32.36671016390899,,
741,Staudentschick - Hintersee,47.191394,12.471352,15,N,15,1315.55078125,M5 / WI5+,,DGM_AT_5m_epsg31287,5.000000000000002,ok,54,508.3181583235246,299.0966796875,17.402704131356302,50.154155272024646,72.37643152872721,83.40208435058594,0.9733032874293744,0.925925925925926,0.95,1,0.9570990927495276,0.7569088406032987,0.4876307370057641,0.01825227235935421,0,75.88662080510545,24.11337919489455,,
743,Steinerne Rinne - Mauthner Klamm,46.643235,12.972965,15,N,15,904.2235107421876,WI3,,DGM_AT_5m_epsg31287,5.000000000000002,ok,9,74.39686917561369,47.7945556640625,350.5376777919744,33.07902272542318,50.75395050048827,52.22396087646485,0.7281964199108264,0.5555555555555556,0.95,0.4649804323475856,0.6944432778657559,0.5753247296368634,0.6347812925808419,0.01267868804710882,0,71.50557138723772,28.494428612762277,,
744,Steinkar Galerie - Felbertauern Nord,47.15030936,12.54388265,262,W,262,1837.931396484375,WI5-,,DGM_AT_5m_epsg31287,5.000000000000002,ok,20,185,253.49755859375,270,48.91084077358246,69.97090581258138,71.4742660522461,0.9111111111111112,0.8,0.95,1,0.8944444444444445,0.5150146484375,0.44920394238059136,0.0250096070424964,0.25,61.405565598352354,38.594434401647646,,
745,Stella Cadente - Sternschnuppe - Sella Campolongopass,46.52862,11.84259,15,N,15,,M8 / WI5,,eudem_dem_3035_europe,25,ok,48,464.71517642197153,142.357421875,30.963756532073543,36.237363974253334,43.73062896728515,46.77961349487305,0.822624927421405,0.5,0.55,1,0.689049970968562,0.71692657470703125,0.41929934240992867,0.17537408844671315,0,69.23669765313036,30.763302346869636,,
746,Stierkopf - Eibergfall,47.540445,12.179335,15,N,15,573.5726318359375,M9 / M9,,DGM_Tirol_5m_epsg31254_2006_2020,5,ok,14,115.36110686091388,39.7230224609375,329.0362434679264,44.87760476555143,70.55065053304037,70.62053680419922,0.4892915940880711,0.6428571428571429,1,0.7210069178807118,0.6606744722804426,0.8118990943545387,0.7830156513243357,0.01048782370274975,0,85.90109405500763,14.098905944992367,,
747,Streifschuss,46.682835,13.627355,52,NO,52,787.582275390625,WI2+,,DGM_AT_5m_epsg31287,5.000000000000002,ok,4,28.284271247461906,8.56964111328125,45,17.776389360427856,20.79787254333496,20.79787254333496,0.9222222222222224,0,0.95,0.1767766952966369,0.5765665584185526,0.0188751220703125,0.4659968160930053,0.00728112682312106,0,42.35367835902677,57.64632164097323,,
748,Südwandwächter - Großglockner,47.074606,12.69545325,15,N,15,3658.52880859375,M5 / WI4+,,DGM_Tirol_5m_epsg31254_2006_2020,5,ok,66,627.950870670547,215.9033203125,36.86989764584405,46.09846889611447,56.2953005472819,60.744171142578125,0.7570011372683995,0.8333333333333334,1,1,0.8528004549073597,0.749972565005524,0.4221404038432026,0.01889250447004657,0,73.92442543192772,26.075574568072284,,
749,Sunblocker - Gindlhorn,47.542787,14.055676,223,SW,223,958.5311279296876,M7 / WI5-,,DGM_AT_5m_epsg31287,5.000000000000002,ok,10,84.8528137423857,122.848388671875,225,43.644832611083984,75.34249369303386,75.53202056884766,0.9777777777777776,0.5,0.95,0.5303300858899107,0.7841441197001021,0.8109654744466146,0.6011504618931599,0.00297057540349972,0,81.46279638935667,18.53720361064333,,
750,Superdirekte Nordwand - Zugspitze,47.430111,10.986628,15,N,15,1850.3486328125,M6 / A3 / 5+,,DGM_Tirol_5m_epsg31254_2006_2020,5,ok,22,201.2238485935665,164.160888671875,35.909723079177695,44.211917877197266,65.3587823232015,72.32444763183594,0.7676697435646923,0.8181818181818182,1,1,0.8525224428804224,0.797882080078125,0.6528966035695697,0.00765532661568034,0,82.07400216044127,17.925997839558732,,
751,Superfeucht - Maltatal,47.0193,13.4057,15,N,15,1284.6834716796875,WI4+,,DGM_AT_5m_epsg31287,5.000000000000002,ok,19,171.58617344737738,185.0321044921875,66.03751102542185,45.85561340733578,72.00590515136719,74.3498764038086,0.43291654416197944,0.6842105263157895,0.95,1,0.6684297755595286,0.787134003220943,0.6025950247307539,0.0054763659279336,0,80.3763784446526,19.6236215553474,,
752,Superjutta - Rauchkofel Nordwand,46.960613,11.9975812,15,N,15,,M6+,,eudem_dem_3035_europe,25,ok,40,381.8706641987386,291.21630859375,3.814074834290352,36.48012428283691,50.3647346496582,52.12199783325195,0.8757119426032262,0.625,0.55,1,0.7477847770412904,0.4421025594075521,0.4800488561637492,0.04944594303766886,0,60.9069177166802,39.0930822833198,,
753,Supermax - Maltatal,47.002901,13.443284,15,N,15,903.3642578125,WI5-,,DGM_AT_5m_epsg31287,5.000000000000002,ok,4,28.284271247461906,14.59051513671875,45,27.43405246734619,30.481399536132813,30.481399536132813,0.6666666666666667,0,0.95,0.1767766952966369,0.4743443361963304,0.181549072265625,0.4966815167078855,0,0,50.58674616965027,49.41325383034973,,
754,Symphony - Langental,46.57032,11.80343,15,N,15,,M7 / WI5+,,eudem_dem_3035_europe,25,ok,72,702.5927840875407,581.6375732421875,4.2363947990588144,42.06499054696825,57.24305725097656,60.49297332763672,0.880404386656209,0.7222222222222222,0.55,1,0.7788284213291502,0.6336636013454862,0.4757462206580017,0.10683095700935358,0.02777777777777777,67.99412065903208,32.00587934096792,,
755,Tee mit Rum - Schriesheim,49.46892744,8.67829613,250,W,250,364.5827026367187,WI4,,eudem_dem_3035_europe,25,ok,11,100,21.937713623046875,270,13.072033101862129,16.027097702026367,16.027097702026367,0.7777777777777778,0,0.55,0.625,0.4836111111111111,0.20206543893525095,0.6090580716865797,0,0,54.319396544250786,45.680603455749214,,
756,Teufelsgeige - Langental,46.57032,11.80343,15,N,15,,WI5+ / M6,,eudem_dem_3035_europe,25,ok,72,702.5927840875407,581.6375732421875,4.2363947990588144,42.06499054696825,57.24305725097656,60.49297332763672,0.880404386656209,0.7222222222222222,0.55,1,0.7788284213291502,0.6336636013454862,0.4757462206580017,0.10683095700935358,0.02777777777777777,67.99412065903208,32.00587934096792,,
757,Teufelskamp Nordwand,47.0878,12.6797,15,N,15,3417.438232421875,50°,,DGM_Tirol_5m_epsg31254_2006_2020,5,ok,14,121.18239956566585,27.402587890625,2.3859440303888277,24.102312632969447,35.54879086812337,37.84823226928711,0.8598438225598759,0.07142857142857142,1,0.7573899972854115,0.6411051001810629,0.5926441010974702,0.5840169730526151,0,0,71.26940887570153,28.73059112429847,,
758,The End - Val di Gares,46.306749,11.882662,15,N,15,,WI4,,eudem_dem_3035_europe,25,ok,14,127.59915613829348,5.13623046875,36.86989764584405,2.4979821358408247,3.3077728748321533,3.3077728748321533,0.7570011372683995,0,0.55,0.7974947258643341,0.4925499274937932,0.06583731515066965,0.5974513423040791,0,0,47.898962739382114,52.101037260617886,,
759,The Nameless Route - Rubihorn Nordwand,47.4277,10.3138,15,N,15,,M6+,,eudem_dem_3035_europe,25,ok,64,621.5581500614973,560.5791015625,355.2363583092738,43.42611184716225,57.21341323852539,60.43685150146485,0.7804039812141531,0.8125,0.55,1,0.7659115924856612,0.4191408157348633,0.4630023096693526,0.06683674520657708,0,59.09965954567112,40.90034045432888,,
760,The sweet taste oft he unexpected - Koflachgraben,46.668582,13.610253,55,NO,55,889.9586181640625,M6- / WI4-,,DGM_AT_5m_epsg31287,5.000000000000002,ok,26,240.41630560342617,294.42919921875,45,47.75445607992319,60.36612408955892,61.040340423583984,0.8888888888888888,0.8076923076923077,0.95,1,0.8878632478632479,0.4864210471128806,0.4534723556116017,0.00621269088692199,0,63.10150219263123,36.89849780736877,,
761,The Wall,47.29204904,13.50717545,275,W,275,1124.3236083984375,WI3,,DGM_AT_5m_epsg31287,5.000000000000002,ok,5,35,21.0811767578125,270,30.81297721862793,45.50618743896485,45.50618743896485,0.9444444444444444,0.2,0.95,0.21875,0.6496527777777777,0.3529134114583333,0.6715693707354056,0.00709751254568497,0,62.52838753309644,37.47161246690356,,
762,The White Edition - Gfölaner Bruch,46.5762,10.732241,15,N,15,,M7+ / WI5+ / 6,,eudem_dem_3035_europe,25,ok,53,516.5727355219865,380.83056640625,43.02506598911805,42.115983495172465,55.22828674316406,58.49640274047851,0.6886103778986883,0.8490566037735849,0.55,1,0.7401611322915508,0.6472298484178459,0.5154905013796635,0.01982982580860455,0,71.61600919712255,28.38399080287745,,
763,Theo-Riml-Gedenkweg - Großglockner,47.0774,12.6996,38,NO,38,3147.0732421875,90°,,DGM_Tirol_5m_epsg31254_2006_2020,5,ok,81,794.3926506217965,191.39599609375,92.89857679928171,33.60741183198529,50.10080693562827,70.12959289550781,0.3900158133413142,0.5061728395061729,1,1,0.6078581771883775,0.5925973648887602,0.5475804233276133,0.00665370768909591,0,70.22331784940262,29.77668215059738,,
764,Thors Hammer - Hinteres Seebachtal,47.015751,13.257131,240,SW,240,1518.5775146484375,WI6 / M7,,DGM_AT_5m_epsg31287,5.000000000000002,ok,4,28.284271247461906,11.7200927734375,225,22.75595474243164,30.04888153076172,30.04888153076172,0.8333333333333334,0,0.95,0.1767766952966369,0.5410110028629971,0.19176483154296875,0.5929121935149078,0,0,53.45222225730629,46.54777774269371,,
765,Thron der Götter - Hinteres Seebachtal,47.01617,13.25555,312,NW,312,1498.0579833984375,WI5+,,DGM_AT_5m_epsg31287,5.000000000000002,ok,4,28.284271247461906,3.742431640625,315,7.4312485456466675,9.171419143676758,9.171419143676758,0.9666666666666668,0,0.95,0.1767766952966369,0.5943443361963303,0.19840240478515625,0.653529179931424,4.437764485677083e-4,0,55.25746218464628,44.74253781535372,,
766,Tigermaul - Langental,46.57136,11.81302,15,N,15,,M8 / WI5,,eudem_dem_3035_europe,25,ok,49,475.0868716828264,367.644287109375,33.69006752597977,37.59708061996771,45.088111877441406,45.4337272644043,0.7923325830446692,0.673469387755102,0.55,1,0.7289738495443983,0.388203731199511,0.5028344986230113,0.01711080583179889,0,59.697814252917304,40.302185747082696,,
767,Time - Untersberg,47.72367,13.01039,39,NO,39,1503.8848876953125,50° / M7 / WI5,,DGM_AT_5m_epsg31287,5.000000000000002,ok,23,212.13203435596424,342.283447265625,45,52.933934750764266,67.42144521077475,68.30821228027344,0.9333333333333332,0.782608695652174,0.95,1,0.8981159420289856,0.44436247452445654,0.4591298617709052,0.02098458179988075,0.2608695652173913,58.44617060970165,41.55382939029835,,
768,Titanus Nove - Matlatal,47.02018,13.407126,128,SO,128,1222.1944580078125,M8,,DGM_AT_5m_epsg31287,5.000000000000002,ok,13,114.2762675272292,157.283447265625,109.44003482817618,45.94156455993652,69.79557291666667,71.04475402832031,0.7937781647575131,0.6153846153846154,0.95,0.7142266720451824,0.7635493177229081,0.4978715945512821,0.37493311906076227,0.0267973137446321,0,61.2416034564341,38.7583965435659,,
770,Torstein Eisrinne,47.4756,13.5877,15,N,15,2696.357177734375,55°,,DGM_AT_5m_epsg31287,5.000000000000002,ok,48,442.010430739454,324.24658203125,59.67639313745002,47.44702792167664,63.11716842651368,74.87853240966797,0.5035956318061109,0.8958333333333334,0.95,1,0.7601882527224443,0.5886442396375868,0.3456799024934121,0.05725875931804896,0,63.985813159665724,36.014186840334276,,
771,Totes Weib - Frein,47.731973000000004,15.48572,73,O,73,856.58551025390625,M8,,DGM_AT_5m_epsg31287,5.000000000000002,ok,20,185.9767685704755,167.12884521484375,62.700427788667184,40.68423857688904,52.55996220906576,53.23828125,0.8855603087629688,0.8,0.95,1,0.8842241235051874,0.4435501098632813,0.546645172209669,0.01304408523719757,0,63.36500254434543,36.63499745565457,,
772,Tour Ronde Nordwand,45.8462022,6.9089922,358,N,358,3411.77294921875,60°,,eudem_dem_3035_europe,25,ok,51,500,348.58984375,0,43.34199871736414,53.61738077799479,55.68022155761719,0.9777777777777776,0.8235294117647058,0.55,1,0.79,0.6176115547130311,0.3855973064413317,0.16727135997582104,0,64.08702542360328,35.91297457639672,,
773,Tower Ridge - Ben Newis,56.801555,-5.0009326,29,NO,29,851.4383544921875,50° / M4-,,eudem_dem_3035_europe,25,ok,23,217.11821778791648,126.228515625,14.036243467926454,30.894985447759215,36.22324752807617,36.22324752807617,0.8337360385325161,0.34782608695652173,0.55,1,0.647842241499963,0.5064374398494113,0.49642855704684474,0.00796674343122952,0,65.04106385077003,34.95893614922997,,
774,Trafoier Eiswand,46.497,10.5117,15,N,15,,55° / 2,,eudem_dem_3035_europe,25,ok,29,275,196.31298828125,0,35.453461285295155,43.210845947265625,45.79833221435547,0.8333333333333334,0.5172413793103449,0.55,1,0.6985057471264368,0.42989656294899425,0.5048432993839285,0.00568228155031971,0,61.852782186296565,38.147217813703435,,
775,Traumfänger - Sigmund-Thun-Klamm,47.25826589,12.73749948,15,N,15,820.87823486328125,M9+,,DGM_AT_5m_epsg31287,5.000000000000002,ok,3,20,9.91436767578125,0,25.626405715942383,33.40675354003906,33.40675354003906,0.8333333333333334,0,0.95,0.125,0.5358333333333334,0.5698021782769097,0.7884761182714177,0,0,75.35300097924639,24.64699902075361,,
776,Traumsprung,47.2582,12.7374,6,N,6,822.39007568359375,WI5+,,DGM_AT_5m_epsg31287,5.000000000000002,ok,3,20,10.5438232421875,0,25.326698303222656,31.198755264282227,31.198755264282227,0.9333333333333332,0,0.95,0.125,0.5758333333333333,0.5897691514756944,0.7904978519080111,0,0,76.30205811410652,23.697941885893485,,
777,Traunstein Nordwandkessel,47.881307,13.84064,357,N,357,1013.8907470703124,WI3 / M3,,DGM_AT_5m_epsg31287,5.000000000000002,ok,7,60,42.59429931640625,0,34.962250573294504,38.17288716634115,38.216819763183594,0.9666666666666668,0.42857142857142855,0.95,0.375,0.7427380952380952,0.2341156005859375,0.530271850969349,0.00159494714101865,0,53.76009935778055,46.23990064221945,,
778,Trawiesfall,47.5948,15.134,15,N,15,1420.47412109375,WI3+,,DGM_AT_5m_epsg31287,5.000000000000002,ok,10,90,89.314697265625,0,41.975012969970706,61.48669598897298,62.05482482910156,0.8333333333333334,0.5,0.95,0.5625,0.7295833333333334,0.7728617350260416,0.4476876421531463,0.00902133509516716,0,75.79054242809718,24.209457571902817,,
779,Tre per Tre - Val di Gares,46.306749,11.882662,15,N,15,,WI5,,eudem_dem_3035_europe,25,ok,14,127.59915613829348,5.13623046875,36.86989764584405,2.4979821358408247,3.3077728748321533,3.3077728748321533,0.7570011372683995,0,0.55,0.7974947258643341,0.4925499274937932,0.06583731515066965,0.5974513423040791,0,0,47.898962739382114,52.101037260617886,,
780,Triptychon - Grünseefälle,47.156925,12.615599,15,N,15,1941.109130859375,M7+ / WI6-,,DGM_AT_5m_epsg31287,5.000000000000002,ok,37,349.81845675570634,357.8992919921875,32.005383208083515,44.96088997093407,64.49238535563151,68.156982421875,0.8110512976879609,0.8648648648648649,0.95,1,0.8738799785346437,0.6536521567954674,0.5159076886295589,0.00792404659207661,0,72.15355833969348,27.846441660306525,,
781,Tristenbach Eisfall - Reintal / Taufers,46.9359022,12.0944238,15,N,15,,WI4-,,eudem_dem_3035_europe,25,ok,24,225,157.1060791015625,0,34.8248705069224,39.6742862701416,39.76520919799805,0.8333333333333334,0.4166666666666667,0.55,1,0.6683333333333333,0.2996084425184462,0.5041330925257016,0.00420872962018216,0,56.00153263406897,43.99846736593103,,
783,Tyrannosaurus - Rauchkofel Nordwand,46.960613,11.9975812,15,N,15,,M5,,eudem_dem_3035_europe,25,ok,40,381.8706641987386,291.21630859375,3.814074834290352,36.48012428283691,50.3647346496582,52.12199783325195,0.8757119426032262,0.625,0.55,1,0.7477847770412904,0.4421025594075521,0.4800488561637492,0.04944594303766886,0,60.9069177166802,39.0930822833198,,
784,Übernachtig - Altenberg,47.7031,15.66515,15,N,15,1352.1866455078125,M7 / WI5,,DGM_AT_5m_epsg31287,5.000000000000002,ok,13,109.9061274319918,131.4429931640625,337.16634582208246,44.62387554462139,71.31620279947917,72.4810791015625,0.5796260646898052,0.6153846153846154,0.95,0.6869132964499488,0.6751571401363017,0.7285923101963141,0.4425405271119017,0.01069695445207449,0.07692307692307693,72.86699727835942,27.13300272164058,,
785,Übungsfälle Grüner See - Seetal,47.5853226,15.3009262,15,N,15,845.23480224609375,WI3+,,DGM_AT_5m_epsg31287,5.000000000000002,ok,4,28.284271247461906,12.67083740234375,45,23.38576364517212,26.920320510864254,26.920320510864254,0.6666666666666667,0,0.95,0.1767766952966369,0.4743443361963304,0.2505836486816406,0.5779530798463567,0,0,55.72509118683274,44.27490881316726,,
786,Ultima Minuta - Langental,46.57032,11.80343,15,N,15,,M8- / WI5,,eudem_dem_3035_europe,25,ok,72,702.5927840875407,581.6375732421875,4.2363947990588144,42.06499054696825,57.24305725097656,60.49297332763672,0.880404386656209,0.7222222222222222,0.55,1,0.7788284213291502,0.6336636013454862,0.4757462206580017,0.10683095700935358,0.02777777777777777,67.99412065903208,32.00587934096792,,
787,Unterer Teil / Thun-Klamm,47.25882305,12.73826122,15,N,15,793.690185546875,WI4 / M10,,DGM_AT_5m_epsg31287,5.000000000000002,ok,3,20,10.0220947265625,0,25.597697575887043,30.09832000732422,30.09832000732422,0.8333333333333334,0,0.95,0.125,0.5358333333333334,0.561984592013889,0.8165276724791509,0,0,75.70249845260378,24.297501547396223,,
789,Venediger NO-Flanke,47.1121,12.3445,48,NO,48,3340.105224609375,55° / 3+,,DGM_Tirol_5m_epsg31254_2006_2020,5,ok,41,380.27191452695826,29.456298828125,24.30454926593671,16.894623384243104,17.79591433207194,18.17308807373047,0.7367172140659635,0,1,1,0.5946868856263854,0.40088982310721544,0.49426483245050307,1.8659279926876897e-4,0,60.39293099510189,39.60706900489811,,
791,Vertainspitze Nordwand,46.5425,10.6367,15,N,15,,80°,,eudem_dem_3035_europe,25,ok,47,454.2970682236208,399.970703125,356.82016988013584,41.45393809866398,55.429691569010416,55.498104095458984,0.7980018875570649,0.7021276595744681,0.55,1,0.7398390528951664,0.5772328478224734,0.455554340350649,0.09446716268963004,0,65.47499340698492,34.52500659301508,,
792,Via Snowboard- Sass Pordoi,46.505259,11.805636,15,N,15,,M4 / WI4+,,eudem_dem_3035_europe,25,ok,54,526.3433433309901,472.642578125,287.10272896905235,54.801859361154065,67.0826810201009,67.28974151611328,0.02336365521169281,0.8518518518518519,0.55,1,0.4749010176402326,0.5662152325665509,0.46985976900304954,0.0865424721053353,0.12962962962962962,64.19903395216802,35.80096604783198,,
793,Vogelwild - Wildgall Nordostwand,46.9045,12.1369,15,N,15,2922.561279296875,60° / M5+,,DGM_AT_5m_epsg31287,5.000000000000002,ok,70,685.1299337145298,453.259521484375,90.8363753254224,35.97340837206159,60.32889518737794,75.28880310058594,0.1573736074953066,0.4,0.95,1,0.4729494429981227,0.5360226585751489,0.5057841066333882,0.01400283352995757,0,66.48556563111725,33.514434368882746,,
794,Vorderer Maralmfall - Maltal,47.033216,13.39167,15,N,15,1356.4698486328125,WI3+ / WI5,,DGM_AT_5m_epsg31287,5.000000000000002,ok,20,188.92543265137795,202.500244140625,49.39870535499551,44.78437004089355,57.8070748647054,59.46063232421875,0.617792162722272,0.8,0.95,1,0.7771168650889088,0.38585357666015624,0.49027611915114383,0.00900859824572156,0,59.44014196357119,40.55985803642881,,
795,Vzhodna Smer - Mala Rinka Nordwand,46.3663,14.5723,15,N,15,1881.259521484375,WI3 / M4,,DGM_AT_5m_epsg31287,5.000000000000002,ok,48,455.8037186697441,367.962646484375,27.49913873104714,57.63606731096903,69.455902099609375,73.04126739501953,0.8611206807661429,0.9166666666666666,0.95,1,0.9094482723064572,0.8804196251763238,0.4739923613886513,0.01414881212662698,0,81.1857159251183,18.814284074881694,,
796,Wageralm Gully,47.19856303,12.51061678,75,O,75,1408.856201171875,WI5+,,DGM_AT_5m_epsg31287,5.000000000000002,ok,16,146.10329723964583,273.433837890625,81.86989764584405,53.36789286136627,74.34780756632487,74.88519287109375,0.923667803935066,0.625,0.95,0.9131456077477866,0.8382816823488051,0.8309923807779948,0.4514153122271469,0.02031755398396247,0,78.27368886100918,21.726311138990823,,
797,Wageralmfall,47.20144243,12.50946879,15,N,15,1332.3375244140625,WI6-,,DGM_AT_5m_epsg31287,5.000000000000002,ok,21,196.1781322663965,202.4661865234375,18.92464441605125,45.11077426728748,62.802360534667976,66.6120834350586,0.9563928398216528,0.7619047619047619,0.95,1,0.9011285645000896,0.4859095982142857,0.4998698211909508,0.06966997576611382,0.04761904761904761,62.49308745790387,37.50691254209613,,
798,Warmduscher,47.5863,12.9809,15,N,15,,WI6-,,eudem_dem_3035_europe,25,ok,47,459.61940777125585,366.596435546875,45,36.763733518884536,50.80644607543945,52.9707145690918,0.6666666666666667,0.6170212765957447,0.55,1,0.6617730496453901,0.45641981625387856,0.48090397450828537,0.0714950772887426,0,61.131589548356814,38.868410451643186,,
799,Warmup - Mölltal Kaltenbrunnerwald,46.881593,12.891214,15,N,15,1114.6712646484375,WI5,,DGM_AT_5m_epsg31287,5.000000000000002,ok,45,431.9808058083806,271.8018798828125,344.6044507460049,44.0218002319336,54.29202728271484,59.43687057495117,0.6622716749556099,0.8888888888888888,0.95,1,0.8215753366489106,0.8127169008608217,0.5138397167962159,0.00992414363211503,0,79.21977058600007,20.780229413999933,,
800,Warmup - Rauchkofel Nordwand,46.960613,11.9975812,15,N,15,,M5+,,eudem_dem_3035_europe,25,ok,40,381.8706641987386,291.21630859375,3.814074834290352,36.48012428283691,50.3647346496582,52.12199783325195,0.8757119426032262,0.625,0.55,1,0.7477847770412904,0.4421025594075521,0.4800488561637492,0.04944594303766886,0,60.9069177166802,39.0930822833198,,
801,Wartepflicht - Felbertauern Nord,47.194,12.511,15,N,15,1671.0728759765625,WI6-,,DGM_AT_5m_epsg31287,5.000000000000002,ok,49,470.3565496995804,400.4959716796875,20.924501744921145,56.73990759557607,72.91875305175782,73.32962799072266,0.9341722028342097,0.9591836734693876,0.95,1,0.9514239831745,0.7611775300940689,0.4373952035104931,0.02757369002403943,0,74.63639514151464,25.36360485848536,,
802,Wasserfallweg,47.5785,14.6595,15,N,15,958.19024658203125,WI6-,,DGM_AT_5m_epsg31287,5.000000000000002,ok,32,303.77833934379265,249.068115234375,36.65610841596691,41.20655870437622,54.564440917968746,58.01850509643555,0.7593765731559232,0.84375,0.95,1,0.8468756292623693,0.6258571942647299,0.6220187913852273,0.00970630514348158,0,73.5199174236739,26.480082576326097,,
803,"Wassermann, Wasserkopf Nordwand",46.8962,12.0535,15,N,15,,M6 / WI4,,eudem_dem_3035_europe,25,ok,64,625.0360524514155,509.056884765625,338.7494944928667,49.34510356187821,61.28724670410156,62.92496109008789,0.5972166054762965,0.84375,0.55,1,0.7020116421905186,0.5899302164713541,0.48125745288042976,0.0866809809813276,0.125,65.59467644359513,34.405323556404866,,
804,Wasserofen - Schneeberg,47.74290039,15.80405028,234,SW,234,818.677001953125,WI5 / WI7,,DGM_AT_5m_epsg31287,5.000000000000002,ok,24,221.1846675959986,301.78668212890625,232.5946433685915,50.50214703877767,72.18310801188152,80.73521423339844,0.9843849263176834,0.7916666666666666,0.95,1,0.9212539705270734,0.8918418884277344,0.657045130095548,0.00940764372030066,0.04166666666666666,85.95419369056407,14.045806309435932,,
805,Weg der Balkone,47.28736975,12.97399521,15,N,15,713.54388427734375,WI4,,DGM_AT_5m_epsg31287,5.000000000000002,ok,10,83.97048045841731,57.82427978515625,66.80140948635182,35.84883975982666,40.815154774983725,41.28490447998047,0.4244287834849798,0.6,0.95,0.5248155028651083,0.5922530636805028,0.4928975423177083,0.6616928539814263,5.27367771913608e-4,0,68.71216339839427,31.287836601605733,,
806,Weisse Versuchung - Pflerscher Tribulaun Südwand,46.9798,11.3391,229,SW,229,2242.60498046875,M5 / WI5,,DGM_AT_5m_epsg31287,5.000000000000002,ok,53,515.5440112177439,435.13720703125,238.9348351145013,51.28467469845178,71.99040985107422,79.50745391845703,0.8896129431722076,0.9622641509433962,0.95,1,0.934524422551902,0.8181639857262185,0.4777143546401801,0.0184422833852341,0.07547169811320754,77.63667557484759,22.363324425152413,,
807,Weisser Hagenfall,47.03639463,13.08707714,15,N,15,2027.5841064453125,WI5,,DGM_AT_5m_epsg31287,5.000000000000002,ok,61,588.106638374674,494.2462158203125,9.940573033113026,44.99391399446081,55.786553700764976,62.777950286865234,0.9437841448123668,0.9344262295081968,0.95,1,0.9478415267774056,0.36325556854081287,0.429569685991584,0.01152322077477997,0,56.855278318630575,43.144721681369425,,
808,Weisser Hai,47.0915,13.1128,15,N,15,1181.68798828125,WI4,,DGM_AT_5m_epsg31287,5.000000000000002,ok,11,100,114.55029296875,90,43.48122163252397,63.65208257039388,65.56705474853516,0.16666666666666663,0.6363636363636364,0.95,0.625,0.5100757575757575,0.6534201882102273,0.51119994486181,0.01226658935686855,0.09090909090909093,71.0294843947772,28.9705156052228,,
810,Weißspitze Nordwand,46.981,11.6984,285,W,285,2524.970947265625,50°,,DGM_AT_5m_epsg31287,5.000000000000002,ok,3,20,12.236572265625,270,32.3658447265625,33.41105651855469,33.41105651855469,0.8333333333333334,0,0.95,0.125,0.5358333333333334,0.2681342230902778,0.4890068233510235,0.00664115241832203,0,54.15838757447165,45.84161242552835,,
811,Wer suchet der findet - Torre Vitty,46.5366703,11.8088407,15,N,15,,M4 / WI4,,eudem_dem_3035_europe,25,ok,44,427.413136734992,303.071533203125,11.30993247402023,43.81449447978627,62.64588165283203,63.56533432006836,0.958999249711336,0.5909090909090909,0.55,1,0.7708724271572616,0.7051816998106061,0.5732694056429817,0.05802474295099576,0,74.90441677353189,25.095583226468108,,
812,White Magic (Direct),47.1389587,11.8209036,15,N,15,827.05859375,M9,,DGM_Tirol_5m_epsg31254_2006_2020,5,ok,34,319.46976651652096,117.67999267578124,41.55261314813481,44.881872962502875,61.975694783528645,68.8087387084961,0.7049709650207243,0.7647058823529411,1,1,0.811400150714172,0.6932669246897978,0.7638056576915572,0.00453303215623486,0,80.20149241020513,19.798507589794863,,
813,Who let the dogs out - Rosengarten,46.443482,11.613554,15,N,15,,M8+ / WI5+,,eudem_dem_3035_europe,25,ok,39,377.3998096174328,240.00439453125,315,36.11244915693234,42.3121337890625,42.35638046264648,0.33333333333333337,0.6410256410256411,0.55,1,0.5356410256410257,0.6845369257478633,0.5123223924974412,0.04667720869263141,0,72.67867729723724,27.321322702762757,,
814,Wiesbachhorn NW-Wand,47.1592,12.7512,328,NW,328,3142.410888671875,50° / 2,,DGM_AT_5m_epsg31287,5.000000000000002,ok,46,447.306701045707,341.161865234375,333.81188930251915,45.88612937927246,49.481280899047846,50.253929138183594,0.9354234521942316,0.9565217391304348,0.95,1,0.9511259026168232,0.6674154530400815,0.5046893983521478,0.00237936984070773,0,72.6033429487932,27.3966570512068,,
816,Wintasun - Maltatal,47.016843,13.406477,15,N,15,1340.125244140625,WI4+,,DGM_AT_5m_epsg31287,5.000000000000002,ok,27,253.74548557505904,260.5623779296875,68.74949449286675,42.4643164034243,65.32192357381186,69.23370361328125,0.4027833945237028,0.7407407407407407,0.95,1,0.6733355800317032,0.5708128375771605,0.4978144696573822,0.01473594544294439,0.03703703703703703,67.46685015317753,32.53314984682247,,
817,Wurmaul-Eisfall,46.91340568,11.62584192,15,N,15,,45° / WI5,,eudem_dem_3035_europe,25,ok,31,300,246.817138671875,90,36.835012189803585,50.77513122558594,53.67627716064453,0.16666666666666663,0.5483870967741935,0.55,1,0.4411827956989247,0.17199510143649194,0.5192661043838342,0.05872038671726821,0,49.54702443989263,50.45297556010737,,
818,Yaba,47.8579,15.2753,27,NO,27,683.98150634765625,WI5+ / M4,,DGM_AT_5m_epsg31287,5.000000000000002,ok,38,366.70961724475546,326.939453125,43.3316625517067,49.33369375530042,66.33044942220052,74.61005401611328,0.8185370827588144,0.8421052631578947,0.95,1,0.8700464120508941,0.7333962959155702,0.39758590599548305,0.05596298658444235,0.07894736842105263,71.03374755018837,28.96625244981163,,
819,Zauber der Vergänglichkeit - Hochbrett,47.50603,13.30892,137,SO,137,1650.8585205078125,WI5+ / M4,,DGM_AT_5m_epsg31287,5.000000000000002,ok,49,470.8800087735378,424.3387451171875,130.12610357779522,59.015714995715086,74.17958272298176,77.06434631347656,0.9236233730866136,0.9387755102040816,0.95,1,0.9410820022958698,0.8527663873166454,0.5207621737833581,0.00317891440465159,0.02040816326530612,81.12588185308691,18.87411814691309,,
820,Zauberflöte und Papageno - Langental,46.5796,11.7996,15,N,15,,M9 / WI6,,eudem_dem_3035_europe,25,ok,52,498.6375798241763,387.6097412109375,288.434948822922,40.1717947446383,55.09946848551432,58.85255813598633,0.03816609803246695,0.8076923076923077,0.55,1,0.46757413152067906,0.5306844466771835,0.451202346093288,0.09460430726026878,0,63.26877260760008,36.73122739239992,,
821,Zebru Nordwand,46.4951,10.5564,15,N,15,,55° / 3-,,eudem_dem_3035_europe,25,ok,49,477.5466283655307,348.377685546875,350.5376777919744,45.963353487910055,52.782402547200526,53.58771896362305,0.7281964199108264,0.8571428571428571,0.55,1,0.7584214251071877,0.8335309709821429,0.4672474213358586,0.013501814192756499,0,78.92004294373777,21.07995705626223,,
822,Zeit zum Warten - Matlatal,47.0163,13.4062,15,N,15,1421.438232421875,WI6 / M6,,DGM_AT_5m_epsg31287,5.000000000000002,ok,43,410.62400134530515,409.02197265625,42.87890360333853,42.20897705610408,58.37197621663411,71.37713623046875,0.6902344044073496,0.8604651162790697,0.95,1,0.8242332966466607,0.44675723526828975,0.5163074096436382,0.01315722264919805,0,62.748616375180035,37.251383624819965,,
824,Zimska Smer - Prednja Glava,46.441198,13.771323,15,N,15,,WI6+,,eudem_dem_3035_europe,25,ok,56,541.7808215879186,314.537353515625,4.3987053549955135,44.40081364767892,56.40335070292155,58.70441436767578,0.8822078372777279,0.875,0.55,1,0.79,0.7365095955984933,0.5087472214504029,0.15652007268120846,0,72.7312108845681,27.2687891154319,,
825,Zirbeneck Eisfall im Stubachtal,47.1991,12.6326,15,N,15,1734.726806640625,WI5-,,DGM_AT_5m_epsg31287,5.000000000000002,ok,14,129.4552586524244,149.11572265625,101.76828893202064,45.43361949920654,61.833772277832026,62.28090286254883,0.03590790075532613,0.7142857142857143,0.95,0.8090953665776525,0.4995584112456099,0.37592642647879465,0.48735580771117903,0.01038463533456836,0.07142857142857142,58.178605963348154,41.821394036651846,,
826,Zirmol - Reintal,46.93967969,12.06095409,15,N,15,,M8 / WI4,,eudem_dem_3035_europe,25,ok,49,475,426.787109375,0,43.023904527936665,53.42016779581706,56.317596435546875,0.8333333333333334,0.7142857142857143,0.55,1,0.7576190476190476,0.7357802618117559,0.49939609075083213,0.09627828508818231,0,73.66944834853616,26.330551651463836,,
827,Zong,47.2582,12.7381,15,N,15,832.0216064453125,WI3+,,DGM_AT_5m_epsg31287,5.000000000000002,ok,3,20,11.02313232421875,0,28.406593322753903,33.82981491088867,33.82981491088867,0.8333333333333334,0,0.95,0.125,0.5358333333333334,0.18101331922743055,0.5024008086934546,0.01276258741401963,0,50.45036783429035,49.54963216570965,,
828,Zsigmondycouloir - Zsigmondykopf am Elfer,46.630379,12.375499,15,N,15,,45° / M5 / WI4+,,eudem_dem_3035_europe,25,ok,74,716.7498486406996,427.74560546875,334.5366549381283,47.53342329489218,57.1028746287028,59.1753044128418,0.5504072770903147,0.9324324324324323,0.55,1,0.7098926405658555,0.783753541138795,0.4865459374350733,0.15787131500405235,0,74.27513148704156,25.724868512958437,,
829,"Zugspitze Nordwand, ""Gazert/Völcker"", ""1.Mai""",47.43027,10.9921509,15,N,15,2078.620361328125,M5+ / M5,,DGM_Tirol_5m_epsg31254_2006_2020,5,ok,58,551.9270390446948,440.199951171875,316.0809241866607,52.76750719136205,69.595947265625,80.06254577636719,0.3453436020740077,0.913793103448276,1,1,0.7122753718640858,0.726470771877245,0.5260354441526537,0.02302647984169166,0.01724137931034482,75.20912744835509,24.79087255164491,,
830,"Zweite Geige - Langental (Gröden, Dolomiten).",46.5796,11.7996,15,N,15,,WI7 / M7,,eudem_dem_3035_europe,25,ok,52,498.6375798241763,387.6097412109375,288.434948822922,40.1717947446383,55.09946848551432,58.85255813598633,0.03816609803246695,0.8076923076923077,0.55,1,0.46757413152067906,0.5306844466771835,0.451202346093288,0.09460430726026878,0,63.26877260760008,36.73122739239992,,
831,Zylinder,47.1589,12.534,15,N,15,1727.5277099609375,WI5+,,DGM_AT_5m_epsg31287,5.000000000000002,ok,18,161.77871569372851,133.7197265625,288.434948822922,38.84254042307536,54.574523289998375,55.201324462890625,0.03816609803246695,0.7222222222222222,0.95,1,0.5219331058796535,0.509847570348669,0.49838612087179635,0.01313760545518663,0,65.14004157838129,34.859958421618714,,
