entity_type,entity_id,name,lat,lon,dem_source,dem_resolution_m,elev_dem_m,cap_potential,cap_class,cold_air_accumulation_score,valley_bottom_score,drainage_block_score,terrain_enclosure_score,glacier_source_score,low_slope_score,local_tpi_m,relief_q90_m,outer_spill_drop_m,lower_outer_fraction,higher_area_ha,glacier_weighted_area_ha,cap_confidence,qa_flag,qa_note,cap_algorithm_version
icefall,1,Mannerschnitte,47.18785309,10.91448647,DGM_Tirol_5m_epsg31254_2006_2020,5.0,946.551025390625,0.42504263920924673,medium,0.9991911386484909,0.3060208160488366,0.0,0.5543613815307618,0.10390295536867097,0.0,-154.07046951290204,827.7934204101564,162.655029296875,0.28926918046626854,348.34,0.6459155767869518,1.0,ok,,cap_dem_v1
icefall,10,Reichalm Fall,47.16324699,10.94194281,DGM_Tirol_5m_epsg31254_2006_2020,5.0,1613.6590576171875,0.5411416836296706,medium,0.9368643624441965,0.6922384579148917,0.0,0.7431772727966308,0.14926258413602647,0.0,-148.3949320096599,655.8050537109375,516.1710205078125,0.1790028172523829,474.84,1.045888337035048,1.0,ok,,cap_dem_v1
icefall,100,Eisarena Umbaltal - Sektor Umbaltaler,47.011,12.2867,DGM_Tirol_5m_epsg31254_2006_2020,5.0,1744.1317138671875,0.7382899444763348,high,1.0,0.7993554566162766,0.0,0.9230072021484375,1.0,0.0,-196.3852678494577,822.3435302734374,243.53759765625,0.07528117105581894,540.8125,141.264309064984,1.0,ok,,cap_dem_v1
icefall,102,Eiswelt Taschachschlucht Pitztal,46.9576729,10.869486,DGM_Tirol_5m_epsg31254_2006_2020,5.0,1712.760986328125,0.773668451781841,high,0.7814431152343747,0.8686395675078793,0.40317229514508324,0.8700888137817383,1.0,0.36700484437533387,-112.28221774811163,547.0101806640623,45.43603515625,0.05528340529170818,527.0825,330.7853375569467,1.0,ok,,cap_dem_v1
icefall,103,Eremit - Amphitheater Pinnisalm,47.070523,11.327456,DGM_Tirol_5m_epsg31254_2006_2020,5.0,1669.123046875,0.6278706122826082,medium,1.0,0.7424173755049839,0.008647032107966877,0.8619734497070313,0.40827229685809435,0.0,-145.79895209655456,852.93994140625,172.3720703125,0.0955142088110543,498.335,6.085060563961624,1.0,ok,,cap_dem_v1
icefall,104,Ethik-G„rtner - Lsens,47.1139,11.1407,DGM_Tirol_5m_epsg31254_2006_2020,5.0,1892.5009765625,0.5974364413081868,medium,0.9557193080357144,0.4469301208322871,0.0,0.6451605606079102,1.0,0.0,-82.60436141265973,669.0035156250001,236.0849609375,0.18520876292226574,395.61,165.9344248888413,1.0,ok,,cap_dem_v1
icefall,105,Fear Control - Schwarze Wand,46.9966175,11.3679942,DGM_Tirol_5m_epsg31254_2006_2020,5.0,1920.407958984375,0.6032236173688328,medium,1.0,0.7781623339415136,0.0,0.8350418853759766,0.22284500718038625,0.22258238037942146,-174.13913881515782,773.714111328125,313.8529052734375,0.13141959459927058,500.2,1.9116443157836007,1.0,ok,,cap_dem_v1
icefall,106,Fear of the dark - Zw”lferkogel Nordwand,47.192544,11.002741,DGM_Tirol_5m_epsg31254_2006_2020,5.0,2358.408935546875,0.2196098547893603,low,0.5262926713918267,0.0,0.0,0.3503770523071289,0.23653419396889536,0.0,-2.1607975065157916,385.8096679687501,442.5909423828125,0.46099442925850315,268.4525,2.109209305142015,1.0,ok,,cap_dem_v1
icefall,107,Fineilspitze Nordwand,46.7832,10.8326,DGM_Tirol_5m_epsg31254_2006_2020,5.0,3271.60400390625,0.029620204254486544,low,0.05831761010509268,0.045591815616466774,0.0,0.024285652160644534,0.0,0.22795907808233384,28.804609365621218,55.04782714843759,499.22607421875,0.8163920586261063,76.1875,0.0,1.0,ok,,cap_dem_v1
icefall,108,Firndreieck - Groáer M”seler,46.9979,11.7806,DGM_Tirol_5m_epsg31254_2006_2020,5.0,3075.68798828125,0.07981929983427356,low,0.19700502021476282,0.0,0.0,0.14297240447998047,0.060814560723905245,0.0,29.206902142960644,161.35791015625,633.85302734375,0.6956639641769459,148.7375,0.3386396280591185,1.0,ok,,cap_dem_v1
icefall,109,First Base,47.1253,12.0079,DGM_Tirol_5m_epsg31254_2006_2020,5.0,1350.697998046875,0.6581147945337813,medium,0.948475289481027,0.6947088657624284,0.0,0.8975415458679199,0.7512501589515302,0.025892333922985178,-74.39021945805462,663.9327026367189,204.6839599609375,0.0815485996705107,457.23,35.702262794209076,1.0,ok,,cap_dem_v1
icefall,11,Dripping Elegance,47.12597744,10.90943499,DGM_Tirol_5m_epsg31254_2006_2020,5.0,1762.8399658203125,0.1414632698554727,low,0.2728037249117294,0.0,0.0,0.21897940826416015,0.26943618258610896,0.0,45.907866356956674,221.20703125,791.3389892578125,0.7478683940979431,156.5075,2.640640024461184,1.0,ok,,cap_dem_v1
icefall,110,Fluchtkogel Nordwestwand,46.8639,10.7909,DGM_Tirol_5m_epsg31254_2006_2020,5.0,3138.406982421875,0.1550662127673234,low,0.24320829170277958,0.046999674420083015,0.0,0.21764261627197262,0.33245219197207904,0.23499837210041508,-17.605678180888845,180.73588867187482,472.43798828125,0.493285803280958,248.79,3.925230517549983,1.0,ok,,cap_dem_v1
icefall,111,Friends of moss - Zw”lferkogel Nordwand,47.192898,11.009772,DGM_Tirol_5m_epsg31254_2006_2020,5.0,2610.287109375,0.08332066473525991,low,0.1849001962998105,0.0,0.0,0.11542410278320313,0.13188000161884547,0.0,57.2800333387554,157.3656005859375,692.028076171875,0.804198563103033,123.0125,0.8822518731574953,1.0,ok,,cap_dem_v1
icefall,112,Frosnitzfall,47.04673,12.49409,DGM_Tirol_5m_epsg31254_2006_2020,5.0,1364.8153076171875,0.6609493090341214,medium,1.0,0.7872553239875895,0.0,0.8746483612060547,0.5529214923754394,0.0,-204.36922139512512,928.105590820313,230.9813232421875,0.09653993132476739,525.5625,13.178059521616829,1.0,ok,,cap_dem_v1
icefall,113,Frostk”nig - Kraspestal Burgschrofen,47.1912727,11.0653567,DGM_Tirol_5m_epsg31254_2006_2020,5.0,2006.9320068359375,0.5726022083393815,medium,0.8170014299665178,0.7391873002789495,0.0,0.8641394577026367,0.35956071415079444,0.0,-99.82920318427614,571.9010009765625,253.75,0.09545328719723184,498.67,4.60903041749985,1.0,ok,,cap_dem_v1
icefall,114,Gaia - Seebenw„nde,47.3745,10.9419,DGM_Tirol_5m_epsg31254_2006_2020,5.0,1406.7459716796875,0.4716866246505954,medium,0.9593832659040176,0.5300983401202389,0.0,0.662108154296875,0.0,0.08004364037713352,-129.41863642765384,671.5682861328123,310.906005859375,0.32782902977998934,408.275,0.0,1.0,ok,,cap_dem_v1
icefall,115,Gaisalmfall - Achensee,47.4779,11.7008,DGM_Tirol_5m_epsg31254_2006_2020,5.0,969.1170043945312,0.4487140848179065,medium,1.0,0.4329609184342236,0.0,0.6031590347290039,0.0,0.10722401650646873,-133.28965513308776,703.1938354492188,40.655029296875,0.26297395865772555,373.5275,0.0,1.0,ok,,cap_dem_v1
icefall,116,Gamsleichfall,47.2226,10.9883,DGM_Tirol_5m_epsg31254_2006_2020,5.0,1868.3929443359375,0.4747622370461406,medium,0.9486057826450893,0.5040265542785487,0.0,0.6628511962890624,0.08117648914581183,0.0,-93.67592449305334,664.0240478515625,212.7579345703125,0.11582720371997758,417.2,0.4759552970530663,1.0,ok,,cap_dem_v1
icefall,117,Ganot Nordwandrinne,46.962523,12.707483,DGM_Tirol_5m_epsg31254_2006_2020,5.0,2502.906005859375,0.34555854249563794,low,0.5640843963332993,0.13253264256896635,0.0,0.5152935028076172,0.6274017156595262,0.0,-77.95894436920753,402.11181640625,624.6260986328125,0.459471801506964,314.79,19.26483699245805,1.0,ok,,cap_dem_v1
icefall,118,Gelber Fluss - Kaunertal,46.9684276,10.7435852,DGM_Tirol_5m_epsg31254_2006_2020,5.0,1682.01904296875,0.665463527338618,medium,0.9760495256696432,0.6650304865444507,0.001964859874610608,0.7400244293212891,0.9586459194131935,0.0,-113.77897178710532,683.2346679687503,176.9610595703125,0.10603428587247649,454.725,98.23244594749148,1.0,ok,,cap_dem_v1
icefall,119,Gernkopf Eisf„lle,47.59382102,12.47591972,DGM_Tirol_5m_epsg31254_2006_2020,5.0,701.9240112304688,0.21670711264478731,low,0.5514831422143008,0.08888086172483381,0.0,0.37744074440002445,0.0,0.17532006446156667,-24.94015048160645,398.8616943359375,84.197998046875,0.36274068897760375,289.72,0.0,1.0,ok,,cap_dem_v1
icefall,12,Nachtfalter,47.10893708,10.95374477,DGM_Tirol_5m_epsg31254_2006_2020,5.0,1252.68896484375,0.4854966735259926,medium,0.8430601283482143,0.3871833383310135,0.0,0.5399354209899903,0.6463032913845806,0.0,-119.38792323394432,590.14208984375,177.9169921875,0.3410199802066536,365.0725,21.187636390855495,1.0,ok,,cap_dem_v1
icefall,120,Gorillas im Nebel - Patsch Sd,46.9235225,12.2490558,DGM_Tirol_5m_epsg31254_2006_2020,5.0,1959.4215087890625,0.3246535117395514,low,0.7553415570727327,0.021264840669346797,0.0,0.45368308258056644,0.4163296661129776,0.0,-81.37839107268087,544.0658691406252,437.2159423828125,0.4933008526187576,296.58,6.364195982398478,1.0,ok,,cap_dem_v1
icefall,121,Grawa Eisfall Stubaital,47.013238,11.189137,DGM_Tirol_5m_epsg31254_2006_2020,5.0,1514.6739501953125,0.8244097510760288,high,1.0,0.8642866648846337,0.310437365840819,0.9750040779113769,1.0,0.32143332442316797,-170.37844939438423,771.3951416015625,94.2659912109375,0.04178778063837444,555.315,308.39080810347906,1.0,ok,,cap_dem_v1
icefall,123,Groáer L”ffler Nordostwand,47.0356,11.9186,DGM_Tirol_5m_epsg31254_2006_2020,5.0,2859.37890625,0.1491732043998954,low,0.3047531106077769,0.0,0.0,0.2902284927368165,0.19633768558285805,0.0,-51.56077864121016,241.9059082031249,719.4658203125,0.7312424863871013,174.6325,1.564066350010023,1.0,ok,,cap_dem_v1
icefall,124,Groáglockner Sdostgrat,47.070033,12.697109,DGM_Tirol_5m_epsg31254_2006_2020,5.0,3257.159912109375,0.10781532132602545,low,0.2732079405775393,0.0,0.0,0.26342224121093755,0.0,0.0,-49.998309196701484,228.5324462890626,435.11474609375,0.75718670022407,133.9025,0.0,1.0,ok,,cap_dem_v1
icefall,125,Groávenediger SW - Wand,47.1065,12.3425,DGM_Tirol_5m_epsg31254_2006_2020,5.0,3330.791748046875,0.06424850166990753,low,0.16668345515681382,0.006709455941761644,0.0,0.13933515930175783,0.0,0.03354727970880822,-8.175171100753687,135.3277343750001,742.601806640625,0.6972016541769755,155.51,0.0,1.0,ok,,cap_dem_v1
icefall,126,Grnkar Eisfall,47.1045,11.9963,DGM_Tirol_5m_epsg31254_2006_2020,5.0,1570.6500244140625,0.6834316815995922,medium,0.9356572614397322,0.7386560059932028,0.0,0.890225944519043,0.8754631537566804,0.0,-127.35321123773315,654.9600830078125,207.717041015625,0.06888413650866156,486.97,65.58890125289342,1.0,ok,,cap_dem_v1
icefall,127,Gruá in den Himmel - Schwarze Wand Nordostwand,47.104918,12.372436,DGM_Tirol_5m_epsg31254_2006_2020,5.0,3186.410888671875,0.17968397178801523,low,0.3163530936781026,0.24533105889213475,0.0,0.2596252746582031,0.0021276163115027617,0.0,-49.29733815534837,221.85649414062482,492.144775390625,0.3583959032559427,346.225,0.010255836448228434,1.0,ok,,cap_dem_v1
icefall,128,Gully - Lsens,47.1149029,11.1408768,DGM_Tirol_5m_epsg31254_2006_2020,5.0,1861.8570556640625,0.6203726006388667,medium,0.9897842843191964,0.4890017389638092,0.0,0.6711739654541016,1.0,0.0,-97.69372896866707,692.8489990234375,213.8489990234375,0.17052547087560027,408.8,157.4500386570026,1.0,ok,,cap_dem_v1
icefall,129,Gully,47.0719,11.3267,DGM_Tirol_5m_epsg31254_2006_2020,5.0,1578.343994140625,0.7124073580518655,high,1.0,0.8509198011185846,0.2862828566810919,0.8782718658447266,0.4045337103952796,0.2545990055929227,-189.10831924550848,862.8963867187499,95.8800048828125,0.04648941912446542,544.0625,5.959161157178119,1.0,ok,,cap_dem_v1
icefall,13,Spongebob,47.10119125,10.96701683,DGM_Tirol_5m_epsg31254_2006_2020,5.0,1747.822021484375,0.3666428979038537,low,0.7381323086982737,0.02647415542437447,0.0,0.4625560989379883,0.7073857802166226,0.0,0.044159099350963515,531.4626953125003,609.8560791015625,0.4981974438993336,297.2425,28.73943779501404,1.0,ok,,cap_dem_v1
icefall,130,Habicht Nordostwand,47.04956227,11.28617764,DGM_Tirol_5m_epsg31254_2006_2020,5.0,2706.830078125,0.19395048495714243,low,0.3682908910971981,0.0,0.0,0.3014811401367188,0.377703941082234,0.0,-35.913847589842135,286.1730468750002,784.10302734375,0.69575117484618,195.3275,5.118940677784348,1.0,ok,,cap_dem_v1
icefall,131,H„ngende G„rten - Lsens,47.1139,11.1407,DGM_Tirol_5m_epsg31254_2006_2020,5.0,1892.5009765625,0.5974364413081868,medium,0.9557193080357144,0.4469301208322871,0.0,0.6451605606079102,1.0,0.0,-82.60436141265973,669.0035156250001,236.0849609375,0.18520876292226574,395.61,165.9344248888413,1.0,ok,,cap_dem_v1
icefall,132,Hallensteinfall,47.0527,11.4858,DGM_Tirol_5m_epsg31254_2006_2020,5.0,1128.6600341796875,0.571798170858503,medium,0.6122383161272322,0.7817481712502051,0.6041575520470367,0.6831335906982422,0.0,0.1299970818369628,-145.3928671658166,428.56682128906255,36.43408203125,0.02910236002491522,543.985,0.0,1.0,ok,,cap_dem_v1
icefall,133,Harvest & Phreak,47.1125211,10.80486059,DGM_Tirol_5m_epsg31254_2006_2020,5.0,1234.324951171875,0.6267856647416978,medium,0.9191312430245534,0.8432851908345554,0.24521966436573095,0.8291064071655274,0.08514441552630242,0.2324537882363602,-122.34875633843967,643.3918701171874,108.3079833984375,0.04611806723561536,505.6675,0.5043106945125158,1.0,ok,,cap_dem_v1
icefall,134,Hauserrinne,47.53831855,12.6242137,DGM_Tirol_5m_epsg31254_2006_2020,5.0,1874.4510498046875,0.17889879025170047,low,0.46051154131686045,0.0,0.0,0.42513936614990233,0.0,0.0,35.408074043037914,344.5989990234375,813.779052734375,0.5925554225123026,239.4525,0.0,1.0,ok,,cap_dem_v1
icefall,136,Himmelsleiter,46.9941,11.7775,DGM_Tirol_5m_epsg31254_2006_2020,5.0,3217.135009765625,0.013038985009727791,low,0.02450460184311039,0.0,0.0,0.046085563659667955,0.0,0.0,79.42451620448583,25.58203125,802.291015625,0.9454966156065239,49.895,0.0,1.0,ok,,cap_dem_v1
icefall,137,Hintere Schw„rze Nordwand,46.7750174,10.91099,DGM_Tirol_5m_epsg31254_2006_2020,5.0,3309.514892578125,0.0722234571502462,low,0.15034344820096487,0.04406820513632077,0.0,0.14553833007812503,0.011931962028040196,0.22034102568160385,-37.97681082933468,121.537109375,380.013916015625,0.7231850631521142,158.96,0.05889211888041162,1.0,ok,,cap_dem_v1
icefall,138,Hinterer Spiegelkogel Nordflanke,46.8321,10.9588,DGM_Tirol_5m_epsg31254_2006_2020,5.0,3161.01904296875,0.07209476520203953,low,0.0938212509020047,0.0068592933611106195,0.0,0.06804565429687502,0.24478520661152967,0.034296466805553094,14.483478816799106,82.10996093750009,562.733154296875,0.7317604883247747,107.6025,2.23470773618286,1.0,ok,,cap_dem_v1
icefall,139,Hochfeiler Nordwand,46.9742,11.7297,DGM_Tirol_5m_epsg31254_2006_2020,5.0,3179.27587890625,0.07210918815993062,low,0.1599598691316267,0.0,0.0,0.21385672760009777,0.0002714115800619422,0.0,-0.7187567319656409,142.28515625,702.9599609375,0.8292445925140708,99.7025,0.0013024805816445372,1.0,ok,,cap_dem_v1
icefall,14,Drytooling Klettergarten,47.09844413,10.95780488,DGM_Tirol_5m_epsg31254_2006_2020,5.0,1166.8260498046875,0.6324394300774848,medium,0.9848152293818324,0.27667208702541385,0.680484268651756,0.5289613952636719,0.677510253038475,0.5320938472557724,-96.98948259728945,716.6661132812501,43.6820068359375,0.012175201074241733,320.1125,24.76964544338155,1.0,ok,,cap_dem_v1
icefall,141,Hohe Kirche Nordverschneidung,47.034775,11.609877,DGM_Tirol_5m_epsg31254_2006_2020,5.0,2205.69189453125,0.32467405736152233,low,0.4689319990994098,0.0,0.0,0.38294038391113283,1.0,0.0,-63.44095661844676,355.336181640625,620.6878662109375,0.6499051889991557,223.545,169.15811596560619,1.0,ok,,cap_dem_v1
icefall,142,Hoher First Nordwestflanke,46.8295,11.0706,DGM_Tirol_5m_epsg31254_2006_2020,5.0,2847.410888671875,0.4565067731081855,medium,0.5218409598214288,0.4469371031524208,0.0,0.6105222854614258,0.8182260969700617,0.08485993196538055,-61.39851041932798,365.2886718750001,376.94677734375,0.25777635986600733,400.955,49.604524030265424,1.0,ok,,cap_dem_v1
icefall,143,Homozack,47.083,12.5253,DGM_Tirol_5m_epsg31254_2006_2020,5.0,1393.0228271484375,0.6707730898265424,medium,0.9763963099888393,0.724705316676749,0.11039889905804591,0.7553535385131835,0.7340991504770572,0.0,-117.4150686798987,683.4774169921875,123.7730712890625,0.07758942780045665,487.3725,32.80422400991977,1.0,ok,,cap_dem_v1
icefall,144,Hookuspokus - Kraspestal,47.191333,11.066194,DGM_Tirol_5m_epsg31254_2006_2020,5.0,2001.7860107421875,0.5701628637582765,medium,0.8141734444754463,0.7380103345797352,0.0,0.8561491470336915,0.3579636462628496,0.0,-113.1432068774584,569.9214111328124,255.614013671875,0.09557256345669445,498.4275,4.566233817604079,1.0,ok,,cap_dem_v1
icefall,145,Ice patrol - Stinkerf„lle,47.451874,10.899612,DGM_Tirol_5m_epsg31254_2006_2020,5.0,1340.93603515625,0.26695631057956254,low,0.542158216864033,0.25034029281871917,0.0,0.45887788772583005,0.0,0.0,-111.44263059070022,379.9779052734375,444.31005859375,0.4234293465472615,347.48,0.0,1.0,ok,,cap_dem_v1
icefall,146,Iceman - Pinnistal,47.07,11.3266,DGM_Tirol_5m_epsg31254_2006_2020,5.0,1695.364013671875,0.6217664471353426,medium,1.0,0.7297531323702369,0.0,0.8487074127197265,0.41348034756549584,0.01611511740646876,-113.53871387678828,813.073486328125,193.60107421875,0.1033158499287286,488.8675,6.264250614834052,1.0,ok,,cap_dem_v1
icefall,147,Innenbanane - Groáglockner,47.070089,12.69519,DGM_Tirol_5m_epsg31254_2006_2020,5.0,3228.43603515625,0.12696036977718758,low,0.3245031276683206,0.0,0.0,0.30556391906738284,0.0,0.0,-77.52580981071424,259.7087646484374,400.690673828125,0.6857088122605364,167.3575,0.0,1.0,ok,,cap_dem_v1
icefall,148,Institutionalized 2023 - Axamer Lizum,47.1824321,11.2931482,DGM_Tirol_5m_epsg31254_2006_2020,5.0,1959.5179443359375,0.3351835425178578,low,0.5011744907924107,0.5246041464421065,0.0,0.5249258880615235,0.0,0.18596368759580117,-103.7156104716737,350.8221435546875,380.012939453125,0.24665563990947909,427.935,0.0,1.0,ok,,cap_dem_v1
icefall,15,Triple Direkt,47.0869413,10.94041113,DGM_Tirol_5m_epsg31254_2006_2020,5.0,1278.708984375,0.37091947925455565,low,0.8731730177123859,0.0,0.0,0.46225196838378907,0.5552561971259388,0.0,-46.46639264646001,632.6652343750002,131.9930419921875,0.491273114826708,286.7625,13.337699838974396,1.0,ok,,cap_dem_v1
icefall,150,King Kong,47.1189,10.4713,DGM_Tirol_5m_epsg31254_2006_2020,5.0,1151.6500244140625,0.4570672907970163,medium,0.9326156180245536,0.4259756349784435,0.0,0.5997909545898437,0.18300556238527013,0.0,-86.58581119673954,652.8309326171875,275.47900390625,0.20878193241260967,397.04,1.40525600740718,1.0,ok,,cap_dem_v1
icefall,151,Kitzm”rderfall,47.09875929,10.8103323,DGM_Tirol_5m_epsg31254_2006_2020,5.0,1565.947998046875,0.40733548068891723,medium,0.9473147189128261,0.10919135356265641,0.0,0.5,0.45472641713364387,0.0,-63.27109507639125,676.3621582031255,354.9820556640625,0.4508420164113634,311.95,7.8531440172931015,1.0,ok,,cap_dem_v1
icefall,152,Klettergarten Gully - Oberried,47.07652,10.94865,DGM_Tirol_5m_epsg31254_2006_2020,5.0,1213.4420166015625,0.47084203241696765,medium,0.9406983997835906,0.24154374102103263,0.0,0.5437729835510254,0.6247703312210531,0.27163949631759465,-89.29094185809049,666.0909423828125,61.0540771484375,0.4081734328833286,327.29,19.010710348471292,1.0,ok,,cap_dem_v1
icefall,153,Salto Kamin- Laserz Nordwand,46.776166,12.81022,DGM_Tirol_5m_epsg31254_2006_2020,5.0,1820.7845458984375,0.40967409407131944,medium,0.9680418178013392,0.3429429557007353,0.0,0.546186004638672,0.0,0.0,-167.07557821286377,677.6292724609375,535.231689453125,0.37001917233646414,369.8275,0.0,1.0,ok,,cap_dem_v1
icefall,154,Kraftwerksfall,47.10711385,11.13799095,DGM_Tirol_5m_epsg31254_2006_2020,5.0,1948.81005859375,0.648459812760935,medium,0.91182861328125,0.6339978356384663,0.0,0.7466880035400391,1.0,0.0,-118.89123442497612,638.280029296875,255.2330322265625,0.17487662566878232,441.1225,211.7994386120002,1.0,ok,,cap_dem_v1
icefall,155,Kronleuchter,47.1189,10.4713,DGM_Tirol_5m_epsg31254_2006_2020,5.0,1151.6500244140625,0.4570672907970163,medium,0.9326156180245536,0.4259756349784435,0.0,0.5997909545898437,0.18300556238527013,0.0,-86.58581119673954,652.8309326171875,275.47900390625,0.20878193241260967,397.04,1.40525600740718,1.0,ok,,cap_dem_v1
icefall,156,Khtaibacherl - Eisfall,47.2213,10.9276,DGM_Tirol_5m_epsg31254_2006_2020,5.0,1530.155029296875,0.4265783333408016,medium,0.6622370256696428,0.6325063956340299,0.0,0.6130974197387695,0.07285243369378643,0.0,-105.25407526052709,463.56591796875,239.5120849609375,0.07109342560553633,479.225,0.41819510841626917,1.0,ok,,cap_dem_v1
icefall,157,L„mperJack - Laserz Nordwand L„mperschoá,46.776166,12.81022,DGM_Tirol_5m_epsg31254_2006_2020,5.0,1820.7845458984375,0.40967409407131944,medium,0.9680418178013392,0.3429429557007353,0.0,0.546186004638672,0.0,0.0,-167.07557821286377,677.6292724609375,535.231689453125,0.37001917233646414,369.8275,0.0,1.0,ok,,cap_dem_v1
icefall,158,Last Exit 4146 - Muttenkopf,47.01886327,11.36547232,DGM_Tirol_5m_epsg31254_2006_2020,5.0,2245.41796875,0.20243158538432993,low,0.34780425384909597,0.02302469839478607,0.0,0.44207057952880857,0.2894250692935877,0.0,-154.65356472444364,255.14306640625,562.3419189453125,0.6112987858062551,267.4025,3.0069165724152205,1.0,ok,,cap_dem_v1
icefall,159,Lasur d`amour - Pinnistal,47.0705,11.3271,DGM_Tirol_5m_epsg31254_2006_2020,5.0,1644.2769775390625,0.6478290580199616,medium,1.0,0.7738232374254069,0.05843916911414573,0.875,0.4095694322718719,0.01943912828201022,-162.77130355129452,867.0179443359375,147.1019287109375,0.08163039341199266,514.695,6.1292726104683695,1.0,ok,,cap_dem_v1
icefall,16,Guillotine,47.08371193,10.944314,DGM_Tirol_5m_epsg31254_2006_2020,5.0,1177.373046875,0.42183704692457846,medium,0.9079047613895463,0.11939065251771738,0.0,0.5069169387817383,0.5931710175366791,0.4275125911028971,-89.94352001779293,653.7130737304688,29.717041015625,0.17919671155522954,297.21,16.196810968559753,1.0,ok,,cap_dem_v1
icefall,160,Lavantner Kolmfall,46.778059,12.847744,DGM_Tirol_5m_epsg31254_2006_2020,5.0,1520.33203125,0.2386978428466318,low,0.7206278284482949,0.0,0.0,0.39027257156372075,0.0,0.0,-16.55541348163183,537.711181640625,850.9967041015625,0.5952290300919997,243.2375,0.0,1.0,ok,,cap_dem_v1
icefall,161,Lawinenexpress - Pitztal,47.023063,10.861877,DGM_Tirol_5m_epsg31254_2006_2020,5.0,1589.010986328125,0.6628114454479197,medium,1.0,0.5961487046127236,0.0,0.7584951286315919,1.0,0.0,-86.4287139359119,710.037109375,161.123046875,0.16442706891779685,419.075,126.56483398237486,1.0,ok,,cap_dem_v1
icefall,162,Limited in Freedom - Sagwand,47.029066,11.627809,DGM_Tirol_5m_epsg31254_2006_2020,5.0,2444.173095703125,0.5951908446679933,medium,0.9555782645089286,0.432487695950154,0.0,0.6544956970214844,1.0,0.0,-179.37729554806538,668.90478515625,590.248046875,0.28028656468470964,393.405,174.7071066420863,1.0,ok,,cap_dem_v1
icefall,163,Linker K”pflalmfall,47.1368,11.9943,DGM_Tirol_5m_epsg31254_2006_2020,5.0,1191.259033203125,0.7348150611530078,high,1.0,0.7978010321333733,0.2922112918038845,0.8886370925903321,0.6241798724689185,0.0,-160.21536528385604,804.9524536132812,96.1259765625,0.044747095175811935,518.5925,18.954125843229146,1.0,ok,,cap_dem_v1
icefall,164,Linker Kraftwerksfall,47.1078733,11.13876343,DGM_Tirol_5m_epsg31254_2006_2020,5.0,2031.8380126953125,0.5644557446219134,medium,0.7754570661272322,0.4809642094795621,0.0,0.6690028381347657,1.0,0.0,-37.27574990082985,542.8199462890625,340.0440673828125,0.25457880528829513,392.415,204.55946636537197,1.0,ok,,cap_dem_v1
icefall,165,Linker Westwandfall - Kleiner Magner,47.11124,12.03935,DGM_Tirol_5m_epsg31254_2006_2020,5.0,1790.926025390625,0.4891591539936119,medium,0.7320983114660329,0.274813102748393,0.0,0.6400319938659669,0.9428433424007361,0.0,-55.99070696093713,512.77783203125,405.612060546875,0.34610886189833556,348.7625,90.98993670862187,1.0,ok,,cap_dem_v1
icefall,166,Linker Zwingenfall,47.1045,11.1364,DGM_Tirol_5m_epsg31254_2006_2020,5.0,2020.093994140625,0.6696394586556722,medium,0.9591953125000002,0.6351152534459308,0.0,0.8070787811279296,1.0,0.0,-94.51140811188361,671.4367187500002,317.81201171875,0.21054743995183692,450.5425,283.01201580609705,1.0,ok,,cap_dem_v1
icefall,167,Little Joys For Bigger Happiness,47.04916,11.65013,DGM_Tirol_5m_epsg31254_2006_2020,5.0,3048.251953125,0.08771883658715791,low,0.1835677022139903,0.0,0.0,0.15668019866943367,0.12216587488830194,0.0,-15.039590111900907,151.48325195312555,613.8369140625,0.7992387016402519,143.24,0.7965747722676502,1.0,ok,,cap_dem_v1
icefall,168,Lost in Pollywood - Ralfkopf,46.961264,12.711184,DGM_Tirol_5m_epsg31254_2006_2020,5.0,2510.763916015625,0.4407415848438297,medium,0.6078021065848211,0.3868302310130115,0.0,0.6466367797851562,0.6339198898439872,0.0,-159.21882645002552,425.4614746093748,580.83251953125,0.3446275671597367,384.8075,19.908316832381672,1.0,ok,,cap_dem_v1
icefall,169,Lsener Fernerkogel Nordwand,47.1002,11.1135,DGM_Tirol_5m_epsg31254_2006_2020,5.0,2785.69091796875,0.2554772440452032,low,0.32802361581053574,0.0,0.0,0.26326647186279295,0.893209128754336,0.0,15.020307764254085,260.6228515624998,880.3939208984375,0.7535133788636789,173.78,71.50415676601747,1.0,ok,,cap_dem_v1
icefall,17,Mixed Klettergarten Liftspur,47.08286448,10.96371174,DGM_Tirol_5m_epsg31254_2006_2020,5.0,1190.5830078125,0.40368411771664664,medium,0.8779591100864685,0.104646264700196,0.0,0.3785990524291992,0.6749527743706708,0.52323132350098,-69.43077435040755,652.3154907226562,38.85498046875,0.42650539048119906,249.0525,24.455507748232364,1.0,ok,,cap_dem_v1
icefall,170,Luibisbodenfall - Eisprinzessinen Pitztal,47.048409,10.864032,DGM_Tirol_5m_epsg31254_2006_2020,5.0,1440.008056640625,0.7783535006475302,high,1.0,0.7784114786501998,0.34169304170230197,0.8725169181823731,0.8968965661144259,0.2649218579434818,-132.2006509952057,789.1034179687499,57.256103515625,0.059870169416454434,474.9225,72.7977373667827,1.0,ok,,cap_dem_v1
icefall,171,Mac Mapi - Krinnenspitze,47.47563613,10.58586359,DGM_Tirol_5m_epsg31254_2006_2020,5.0,1802.053955078125,0.00475115854243575,low,0.0063643807212566674,0.0,0.0,0.021067089080810557,0.0,0.0,51.72513144434879,6.928857421874909,672.7669677734375,0.984533942287731,42.3075,0.0,1.0,ok,,cap_dem_v1
icefall,172,M„nner im Rcken,47.0718,11.3267,DGM_Tirol_5m_epsg31254_2006_2020,5.0,1579.5830078125,0.7121745982350952,high,1.0,0.8482139338457617,0.2876225284005372,0.8789830932617189,0.4049943006952632,0.24106966922880813,-189.92920904488597,867.7227539062501,95.198974609375,0.0467385437282881,543.9325,5.974550200851454,1.0,ok,,cap_dem_v1
icefall,173,M„nner mit Moral - Pinnisalm,47.07412,11.33196,DGM_Tirol_5m_epsg31254_2006_2020,5.0,1656.4429931640625,0.5977421875857241,medium,1.0,0.690958159088682,0.0,0.7891474876403809,0.37753683111664255,0.027779539230565087,-140.22694372970454,858.3864257812502,210.93603515625,0.10690060908084163,461.75,5.114038773980502,1.0,ok,,cap_dem_v1
icefall,174,Marchlehnfall,46.97691444,10.87543488,DGM_Tirol_5m_epsg31254_2006_2020,5.0,1852.85302734375,0.5562531823723966,medium,0.9978340463157521,0.2627043591381898,0.0,0.6074572067260742,1.0,0.0,-60.69964057222819,702.364013671875,254.2330322265625,0.30942873948998306,345.5725,148.13126782107256,1.0,ok,,cap_dem_v1
icefall,175,Mariafall - Achensee,47.4558,11.698,DGM_Tirol_5m_epsg31254_2006_2020,5.0,1040.2750244140625,0.34688855629125687,low,0.9259850711976567,0.1609427638916872,0.0,0.5010439834594727,0.0,0.0,-108.6529266902337,657.8083251953126,111.81304931640625,0.4429329587678086,321.1725,0.0,1.0,ok,,cap_dem_v1
icefall,176,Mc Drive Eisfall,47.3781,11.8305,DGM_Tirol_5m_epsg31254_2006_2020,5.0,719.7579956054688,0.24245216104767903,low,0.673816958243618,0.01635178039900236,0.0,0.46606650924682624,0.0,0.0,-25.16528429404434,485.2164062500001,199.1729736328125,0.4988233176903803,297.0275,0.0,1.0,ok,,cap_dem_v1
icefall,177,Mitterndorfer Eisfall Kufstein,47.5765,12.1801,DGM_Tirol_5m_epsg31254_2006_2020,5.0,603.8480224609375,0.3135702886906342,low,0.634730259486607,0.3316157088898214,0.0,0.47989197731018074,0.0,0.13074716486608906,-59.379398114250534,444.3111816406249,126.50201416015625,0.3882449815592629,360.8175,0.0,1.0,ok,,cap_dem_v1
icefall,178,Moonwalk - Hohe Warte,47.0362,11.616,DGM_Tirol_5m_epsg31254_2006_2020,5.0,1967.3070068359375,0.6604737470454274,medium,0.8993999372209821,0.6874141259729344,0.0,0.7584682083129883,1.0,0.0,-150.7310417597032,629.5799560546875,355.5379638671875,0.14555420219244825,473.8975,198.64608008083175,1.0,ok,,cap_dem_v1
icefall,179,Multiple joys,47.09244868,10.81863642,DGM_Tirol_5m_epsg31254_2006_2020,5.0,1550.6219482421875,0.46139379598733815,medium,0.9905404443556999,0.20531577546357094,0.0,0.5477726097106934,0.5350923305061094,0.0,-80.65726650082934,701.6810302734375,297.9249267578125,0.34701998671243495,331.07,12.016147989452497,1.0,ok,,cap_dem_v1
icefall,18,Esso Mixed,47.07002952,10.97153602,DGM_Tirol_5m_epsg31254_2006_2020,5.0,1203.1390380859375,0.4836634570472623,medium,0.7562263009207588,0.40396878052395413,0.0,0.5990676879882812,0.6916968899189456,0.42000136265184174,-49.96597919106284,529.3584106445312,42.7239990234375,0.27603507096542035,363.285,26.583931332770103,1.0,ok,,cap_dem_v1
icefall,180,Mutmalspitze Nordwand,46.7921,10.9162,DGM_Tirol_5m_epsg31254_2006_2020,5.0,3175.56689453125,0.05836107938273016,low,0.08989044721509001,0.0,0.0,0.06901927947998047,0.17023717104640396,0.0,176.10477922564905,84.09814453125,791.288818359375,0.7915853439087525,79.2475,1.2623900877535785,1.0,ok,,cap_dem_v1
icefall,181,Nameless - Neurur,47.0260029,10.8609432,DGM_Tirol_5m_epsg31254_2006_2020,5.0,1639.0260009765625,0.6419482230308307,medium,1.0,0.5177928921233229,0.0,0.75,1.0,0.0,-67.03634607401455,725.4459228515625,216.72705078125,0.2171439644552715,395.1775,124.06871264021377,1.0,ok,,cap_dem_v1
icefall,182,Irzweg - Irzw„nde,47.2322424,11.0146259,DGM_Tirol_5m_epsg31254_2006_2020,5.0,2533.406005859375,0.051901086857994584,low,0.14137000447543538,0.0,0.0,0.11039057159423828,0.0,0.0,12.278008377521928,119.82211914062509,562.0450439453125,0.7448404733891619,125.51,0.0,1.0,ok,,cap_dem_v1
icefall,183,Notwegfall,46.93893885,10.8984375,DGM_Tirol_5m_epsg31254_2006_2020,5.0,2163.306884765625,0.6674651462374621,medium,0.8837920968191961,0.6987609640217656,0.0,0.8121792068481446,1.0,0.0,-103.2441080813469,618.6544677734373,314.618896484375,0.12505364286999737,478.4875,535.9039504490448,1.0,ok,,cap_dem_v1
icefall,184,Oberer Grawa Eisfall Stubaital,47.010992,11.186804,DGM_Tirol_5m_epsg31254_2006_2020,5.0,1622.0469970703125,0.724226843343758,high,0.9901317313058033,0.763333128794082,0.0,0.9057375221252442,1.0,0.0338333365779514,-138.38169365088697,693.0922119140623,182.2449951171875,0.07247169236732096,494.0925,340.07678019026235,1.0,ok,,cap_dem_v1
icefall,185,Obstanser Wasserfall - Obstanser Eisfall,46.6981105,12.4920904,DGM_Tirol_5m_epsg31254_2006_2020,5.0,1614.5460205078125,0.5780724559819619,medium,0.9582464076450892,0.8,0.03891435870183674,0.8715198822021484,0.0,0.0,-224.5014335127148,670.7724853515624,165.3841552734375,0.06249048456076733,534.535,0.0,1.0,ok,,cap_dem_v1
icefall,186,Eispark Osttirol,47.1262,12.4787,DGM_Tirol_5m_epsg31254_2006_2020,5.0,1542.607177734375,0.7978969827696881,high,1.0,0.8467020969988546,0.47536211539766965,0.8623923416137695,0.7452678946558343,0.23351048499427274,-167.81520230153365,716.0200439453124,37.6695556640625,0.04785927325319881,531.885,34.66424774025605,1.0,ok,,cap_dem_v1
icefall,187,Ostwand Couloir - Lsener Fernerkogel,47.10121,11.12906,DGM_Tirol_5m_epsg31254_2006_2020,5.0,2256.964111328125,0.617300355287275,medium,1.0,0.4821303533390414,0.0,0.6451184463500976,1.0,0.0,-92.41521979278241,724.5040039062501,538.5201416015625,0.28323715420489615,400.86,324.30737372202753,1.0,ok,,cap_dem_v1
icefall,188,Paracelsus,47.1149,11.1405,DGM_Tirol_5m_epsg31254_2006_2020,5.0,1840.1090087890625,0.6391131597436859,medium,1.0,0.5400684890418823,0.0,0.6939735832214355,1.0,0.0,-105.5423444513549,701.2850341796875,192.2509765625,0.13788521561001266,426.4125,158.12527318869658,1.0,ok,,cap_dem_v1
icefall,189,Pechtl Arena & Zapfen,47.61082877,12.46471882,DGM_Tirol_5m_epsg31254_2006_2020,5.0,687.8070068359375,0.30065697771363953,low,0.4819715750558037,0.39240543362285096,0.0,0.547084836959839,0.0,0.2098043200139832,-19.152238729705687,337.3801025390626,76.29998779296875,0.20138864852516666,379.0825,0.0,1.0,ok,,cap_dem_v1
icefall,19,Badle,47.07002952,10.97153602,DGM_Tirol_5m_epsg31254_2006_2020,5.0,1203.1390380859375,0.4836634570472623,medium,0.7562263009207588,0.40396878052395413,0.0,0.5990676879882812,0.6916968899189456,0.42000136265184174,-49.96597919106284,529.3584106445312,42.7239990234375,0.27603507096542035,363.285,26.583931332770103,1.0,ok,,cap_dem_v1
icefall,190,Pechtl Gully - Erpfendorf,47.61173312,12.46364594,DGM_Tirol_5m_epsg31254_2006_2020,5.0,666.3900146484375,0.34924917231583896,low,0.5392572544642859,0.48115700987231225,0.0,0.6276373748779297,0.0,0.22303100658718422,-53.77136038850222,377.4800781250001,55.0460205078125,0.18439681957525136,406.505,0.0,1.0,ok,,cap_dem_v1
icefall,191,Pendling Eisfall,47.5695,12.1116,DGM_Tirol_5m_epsg31254_2006_2020,5.0,1272.177978515625,0.05884290519381632,low,0.1647688528309293,0.0,0.0,0.11767127990722663,0.0,0.0,104.62936499076773,143.60302734375,789.9779663085938,0.8694918069087688,109.745,0.0,1.0,ok,,cap_dem_v1
icefall,192,Petit Hiking - Groáglockner,47.07086216,12.69000763,DGM_Tirol_5m_epsg31254_2006_2020,5.0,3232.12646484375,0.13067035835370383,low,0.33822042114674883,0.0,0.0,0.3074350204467774,0.0,0.0,-53.091879956568846,261.038818359375,444.7431640625,0.6040953777632937,202.4775,0.0,1.0,ok,,cap_dem_v1
icefall,193,Pick`n Weed - Maningkogl Nordwand,47.1929,10.9606,DGM_Tirol_5m_epsg31254_2006_2020,5.0,2584.260009765625,0.07321693338088282,low,0.18494888373519516,0.0,0.0,0.1609684753417969,0.01889627430543005,0.0,0.6525235695348783,155.15678710937527,497.570068359375,0.7314484209360901,131.9925,0.0948556998886457,1.0,ok,,cap_dem_v1
icefall,194,Pinzgeralm Eisfall,47.6431,12.4469,DGM_Tirol_5m_epsg31254_2006_2020,5.0,635.6619873046875,0.5748820274183777,medium,0.7040277273995539,0.7706630480090173,0.5073010533025185,0.698327486038208,0.0,0.3570178787107945,-99.34349487295492,492.8194091796877,37.76397705078125,0.042961128101518066,488.75,0.0,1.0,ok,,cap_dem_v1
icefall,195,Pitztaler Eisexpress,46.8867,10.8472,DGM_Tirol_5m_epsg31254_2006_2020,5.0,3444.77294921875,0.018496322157818865,low,0.01735445085336037,0.03116261115437993,0.0,0.042447044372558605,0.0,0.15581305577189963,44.4963930191534,18.39306640625,684.286865234375,0.8532357073157228,46.985,0.0,1.0,ok,,cap_dem_v1
icefall,196,Gallyer - Pitztaler Eisrinne,46.98364866,10.8772587,DGM_Tirol_5m_epsg31254_2006_2020,5.0,1928.0970458984375,0.4947123209169053,medium,0.9809037816584565,0.11275754882312944,0.0,0.47531325531005864,1.0,0.0,-101.82416986808039,764.5185302734376,359.445068359375,0.45765749557130203,312.835,125.08414190957666,1.0,ok,,cap_dem_v1
icefall,197,"Plan B, Zw”lferkogel Nordwand",47.1925,11.008,DGM_Tirol_5m_epsg31254_2006_2020,5.0,2582.39599609375,0.10103790525352556,low,0.2268222080599247,0.0,0.0,0.1500694808959961,0.14547954069429986,0.0,47.01618086459166,187.846923828125,663.10400390625,0.779536441716093,140.7075,1.0091051136431741,1.0,ok,,cap_dem_v1
icefall,198,Plattkogel Eisfall,47.17873858,10.99179983,DGM_Tirol_5m_epsg31254_2006_2020,5.0,2342.56298828125,0.3852891724726855,low,0.48325885881696456,0.5636805281796442,0.0,0.5722116165161133,0.25148388830744206,0.20135383200469803,-73.85943247027899,338.2812011718752,273.528076171875,0.13446006270373523,437.6225,2.3403114592543526,1.0,ok,,cap_dem_v1
icefall,199,Point 2598 Diagonale,47.186796,11.034211,DGM_Tirol_5m_epsg31254_2006_2020,5.0,2396.8349609375,0.4071452806485078,medium,0.52748291015625,0.5551818832375288,0.0,0.5991060180664063,0.31075453060068087,0.0029129387349894342,-88.13211558856892,369.238037109375,89.85986328125,0.14944533255825218,446.4575,3.438487387265012,1.0,ok,,cap_dem_v1
icefall,2,Baselayer,47.18157945,10.92174323,DGM_Tirol_5m_epsg31254_2006_2020,5.0,1357.6910400390625,0.34318825822000726,low,0.9477624333819115,0.0333413416307794,0.0,0.5311865463256836,0.12156221678654676,0.0,-62.47309894542718,681.9109375,519.9220581054688,0.5016054252300879,298.46,0.7913811776938174,1.0,ok,,cap_dem_v1
icefall,20,Burgsteiner Mixed,47.06117835,10.96930442,DGM_Tirol_5m_epsg31254_2006_2020,5.0,1338.0789794921875,0.33087515208337515,low,0.6194621091141304,0.044809693041774235,0.0,0.3872886085510254,0.7114260684116344,0.13437290332390606,-16.28509663095133,450.1663818359382,173.5069580078125,0.4495584286149331,281.99,29.321299300642522,1.0,ok,,cap_dem_v1
icefall,200,Rabenwand Eisfall,47.0555,11.7575,DGM_Tirol_5m_epsg31254_2006_2020,5.0,1514.2960205078125,0.5106975993942222,medium,0.9610168362464938,0.20031754310908095,0.0,0.5771199989318848,0.8919733647703053,0.0,-59.56484623227948,679.0780029296875,323.1790771484375,0.33245419115458363,331.235,71.07573417158714,1.0,ok,,cap_dem_v1
icefall,201,Ramolkogel Nordwand,46.84855838,10.96316457,DGM_Tirol_5m_epsg31254_2006_2020,5.0,3229.68896484375,0.04955580411523006,low,0.07683335486649479,0.0,0.0,0.08002975463867187,0.1222866813520372,0.0,-16.735802071414128,70.28630371093732,485.27587890625,0.9140383297689001,87.65,0.7976159418912838,1.0,ok,,cap_dem_v1
icefall,202,Rechte Nordwestwand - Schrammacher,47.04014,11.57676,DGM_Tirol_5m_epsg31254_2006_2020,5.0,1343.5279541015625,0.7759988286587807,high,0.8392642647879465,0.8706151456357327,0.49852318089069997,0.8490081520080567,0.8098207804900824,0.6192443262251963,-81.80186500224545,587.4849853515625,39.458984375,0.043381080894055776,497.125,47.605215633113716,1.0,ok,,cap_dem_v1
icefall,203,Rechter Flittneralm Eisfall,47.0456,11.5917,DGM_Tirol_5m_epsg31254_2006_2020,5.0,1486.885009765625,0.7294402010939118,high,1.0,0.7989426613124694,0.014641670840076131,0.8459536285400391,0.999221048778489,0.11081344541571092,-175.23380970180824,708.3043457031249,152.2769775390625,0.10859214969827825,522.2575,119.54882513337631,1.0,ok,,cap_dem_v1
icefall,204,Rechter und linker Rauchenbichlfall,47.10936,10.80075,DGM_Tirol_5m_epsg31254_2006_2020,5.0,1374.8289794921875,0.38971837496277534,low,0.7387578996930805,0.39236056035885764,0.0,0.631550552368164,0.08137451396377467,0.0,-54.168098723484036,517.1305297851563,249.72802734375,0.23173027672799257,382.9725,0.477357656265539,1.0,ok,,cap_dem_v1
icefall,205,Rechter Westwandfall - Kleiner Magner,47.1102,12.03933,DGM_Tirol_5m_epsg31254_2006_2020,5.0,1849.77099609375,0.4591866839335541,medium,0.6691376310256205,0.2249426474573331,0.0,0.6215341110229493,0.9495766510624889,0.0,-16.83478268638214,471.2837890625001,450.7650146484375,0.36026826499820047,337.62,94.00891463725509,1.0,ok,,cap_dem_v1
icefall,206,Reislehn Eisfall,46.98357591,10.87882519,DGM_Tirol_5m_epsg31254_2006_2020,5.0,2059.760009765625,0.45448608693242487,medium,0.9473765742921997,0.0,0.0,0.45094628906249995,1.0,0.0,-65.82996949748076,684.4705810546875,487.6109619140625,0.5207854750768038,291.465,138.0506174311618,1.0,ok,,cap_dem_v1
icefall,207,Rocket Rustical - Teischnitztal,47.055932,12.6796681,DGM_Tirol_5m_epsg31254_2006_2020,5.0,2788.817626953125,0.2604323204728367,low,0.3048906307992699,0.016376662261510577,0.0,0.20076998138427737,1.0,0.08188331130755289,64.95078756066778,237.78178710937482,549.026123046875,0.6313286868169518,191.56,169.07659800528364,1.0,ok,,cap_dem_v1
icefall,208,R”tenspitze Nordwand,46.7769,10.945,DGM_Tirol_5m_epsg31254_2006_2020,5.0,3179.18310546875,0.04274979212058975,low,0.053194691324506015,0.023563700958115753,0.0,0.024207893371582037,0.13286006696131333,0.11781850479057876,29.013721108692607,51.01821289062491,439.214111328125,0.6940752815156102,71.065,0.8911196347678935,1.0,ok,,cap_dem_v1
icefall,209,Rofelewand Nordwand - Nordwandballett,47.034852,10.823735,DGM_Tirol_5m_epsg31254_2006_2020,5.0,2823.945068359375,0.18844447074311543,low,0.2814737284712877,0.0,0.0,0.24637841796875007,0.5407951728665401,0.0,11.787883084754412,218.6024169921875,668.30712890625,0.6319938539907533,195.855,12.37704765998502,1.0,ok,,cap_dem_v1
icefall,21,Mixed Klettergebiet,47.05883952,10.96612868,DGM_Tirol_5m_epsg31254_2006_2020,5.0,1283.89697265625,0.38773405246883313,low,0.5962011586926753,0.24826078400271584,0.0,0.4803138999938965,0.6971432119726726,0.5761183775237216,7.489107175817026,425.11124267578134,117.81396484375,0.31217128937607264,314.3425,27.313899285389265,1.0,ok,,cap_dem_v1
icefall,210,Rolle Eisfall - Zillertal,47.1118,11.8057,DGM_Tirol_5m_epsg31254_2006_2020,5.0,995.8599853515625,0.6739361028991131,medium,1.0,0.749260299169245,0.3374568469433245,0.859059268951416,0.2684717891694977,0.0,-147.07911054147053,761.0033081054687,84.2860107421875,0.04384532344230077,490.06,2.6238408376971196,1.0,ok,,cap_dem_v1
icefall,212,Rumpelstilzchen - Burgschrofen Kraspestal,47.19127272,11.06475592,DGM_Tirol_5m_epsg31254_2006_2020,5.0,1998.81298828125,0.5817776111101216,medium,0.8375901227678573,0.7495878674679227,0.0,0.8728145141601562,0.3604062428476878,0.0,-103.31047893603863,586.3130859375001,243.56201171875,0.09095941980844821,505.715,4.631821092039598,1.0,ok,,cap_dem_v1
icefall,213,Russisches Roulette - Kristallwand Nordostwand,47.09641,12.3989,DGM_Tirol_5m_epsg31254_2006_2020,5.0,2773.56201171875,0.48646957293484283,medium,0.6476897321428572,0.3716455404925101,0.0,0.5442383651733398,1.0,0.0,-153.03201868247788,453.3828125,469.32763671875,0.34220177138112373,384.495,215.7421596538301,1.0,ok,,cap_dem_v1
icefall,214,S„gebach Eisf„lle,46.72005884,12.42527125,DGM_Tirol_5m_epsg31254_2006_2020,5.0,1677.851806640625,0.44153911158356596,medium,0.7271849539620533,0.6469768466812925,0.0,0.6533244094848633,0.0,0.07827185868271391,-126.30224460637737,509.0294677734373,228.5185546875,0.19949346416535765,450.41,0.0,1.0,ok,,cap_dem_v1
icefall,215,Sagf„lle,47.2537,11.6168,DGM_Tirol_5m_epsg31254_2006_2020,5.0,1062.238037109375,0.5673165142939581,medium,0.8680313895089291,0.8036916255071768,0.10442671033820818,0.8566694564819337,0.0,0.018458127535883828,-143.98869690795482,607.6219726562504,142.21002197265625,0.060311768859108716,526.51,0.0,1.0,ok,,cap_dem_v1
icefall,216,Sagwandspitze - Mittelpfeiler-Couloir,47.0309208,11.6265771,DGM_Tirol_5m_epsg31254_2006_2020,5.0,2330.6640625,0.6562746845452538,medium,1.0,0.6158473587864842,0.0,0.6820856323242188,1.0,0.24966013428373945,-146.74238784091312,738.8933349609374,532.4901123046875,0.2211464597880925,434.595,210.70779679009428,1.0,ok,,cap_dem_v1
icefall,217,Sagzahnverschneidung - Sagwand,47.027997,11.631448,DGM_Tirol_5m_epsg31254_2006_2020,5.0,2549.172119140625,0.5672809700349921,medium,0.8252483258928571,0.46090582005521663,0.0,0.6382828903198242,1.0,0.0,-194.845105795559,577.673828125,604.2410888671875,0.28249193671183953,397.4475,140.91400841384097,1.0,ok,,cap_dem_v1
icefall,218,Schall und Rauch - Kraspestal,47.19127272,11.06475592,DGM_Tirol_5m_epsg31254_2006_2020,5.0,1998.81298828125,0.5817776111101216,medium,0.8375901227678573,0.7495878674679227,0.0,0.8728145141601562,0.3604062428476878,0.0,-103.31047893603863,586.3130859375001,243.56201171875,0.09095941980844821,505.715,4.631821092039598,1.0,ok,,cap_dem_v1
icefall,219,Schattseitfall,47.1246,11.9991,DGM_Tirol_5m_epsg31254_2006_2020,5.0,1433.427978515625,0.5569903910660807,medium,0.9707958984375,0.43084955444095574,0.0,0.6572095985412598,0.7199839204351857,0.0,-100.25418673057152,679.55712890625,301.989990234375,0.24697269544278222,383.525,30.591625782983787,1.0,ok,,cap_dem_v1
icefall,22,Nordstau,47.05883952,10.96612868,DGM_Tirol_5m_epsg31254_2006_2020,5.0,1283.89697265625,0.38773405246883313,low,0.5962011586926753,0.24826078400271584,0.0,0.4803138999938965,0.6971432119726726,0.5761183775237216,7.489107175817026,425.11124267578134,117.81396484375,0.31217128937607264,314.3425,27.313899285389265,1.0,ok,,cap_dem_v1
icefall,220,Scheisskluppenfall,47.1976,11.1273,DGM_Tirol_5m_epsg31254_2006_2020,5.0,1595.9849853515625,0.41548368809812153,medium,0.9104310477120537,0.29654668185133604,0.0,0.5829591102600098,0.17530259445515042,0.0,-45.79488049975339,637.3017333984376,343.501953125,0.28012208710818276,354.7125,1.3180226705890332,1.0,ok,,cap_dem_v1
icefall,221,Schildalm Eisfall,47.10192186,12.50621796,DGM_Tirol_5m_epsg31254_2006_2020,5.0,1504.542724609375,0.7588456468531717,high,1.0,0.834845222236684,0.3375033349513342,0.8562487525939941,0.6946424094308983,0.1882193529726709,-151.68604527647358,700.2943359375004,99.5277099609375,0.029408915399200077,509.455,26.97634970101532,1.0,ok,,cap_dem_v1
icefall,222,Schitter Eisfall - Neustift Stubaital,47.10213389,11.30815029,DGM_Tirol_5m_epsg31254_2006_2020,5.0,1188.343017578125,0.3724177824361045,low,0.8784781369059877,0.14894370931035836,0.0,0.49513766479492183,0.2752778077518648,0.0,-69.79194539571904,624.9995849609375,215.2740478515625,0.4467348958225212,318.3875,2.7440754394159064,1.0,ok,,cap_dem_v1
icefall,223,Schleicherlaufen,47.11507,11.14059,DGM_Tirol_5m_epsg31254_2006_2020,5.0,1850.116943359375,0.6260953785714506,medium,0.9886628766741076,0.5061987386248782,0.0,0.6825331649780274,1.0,0.0,-95.16764227737826,692.0640136718753,202.91796875,0.15472499792399036,416.1275,154.9694356481214,1.0,ok,,cap_dem_v1
icefall,224,Schneelehnfall,46.95400485,10.88491917,DGM_Tirol_5m_epsg31254_2006_2020,5.0,1886.280029296875,0.6643257021020519,medium,0.9130616629464287,0.6848386384427358,0.0,0.7656708450317382,1.0,0.09193515001211772,-87.42138796070435,639.1431640625001,199.0419921875,0.14903939318439774,450.4875,358.22693937473474,1.0,ok,,cap_dem_v1
icefall,225,Schneewittchen,47.0162756,11.19532585,DGM_Tirol_5m_epsg31254_2006_2020,5.0,1491.0350341796875,0.8054490800004255,high,1.0,0.8388469231689037,0.27728421060246,0.9352033805847169,1.0,0.1942346158445185,-170.20081089180485,817.9194580078124,98.010986328125,0.04694949383117557,539.8,245.84907370759143,1.0,ok,,cap_dem_v1
icefall,227,Schrammacher Diagonale,47.02895,11.63195,DGM_Tirol_5m_epsg31254_2006_2020,5.0,2476.64794921875,0.6287669466115965,medium,0.920190359933036,0.5862731555782914,0.0,0.6810071182250976,1.0,0.0,-208.86060232848558,644.1332519531252,547.594970703125,0.23682043118662838,427.9675,171.75050078066292,1.0,ok,,cap_dem_v1
icefall,228,Schrammacher Nordwand Direttissima,47.03742457,11.64965208,DGM_Tirol_5m_epsg31254_2006_2020,5.0,2958.152099609375,0.125671488959381,low,0.15044504157482266,0.0,0.0,0.19009352111816413,0.3969746693196714,0.0,136.7190363979439,131.1639160156251,690.9091796875,0.760856777051109,109.5675,5.711398610263665,1.0,ok,,cap_dem_v1
icefall,229,Schrankogel Nordost-Flanke,47.045,11.1021,DGM_Tirol_5m_epsg31254_2006_2020,5.0,3267.388916015625,0.00535901937628199,low,0.0,0.0,0.0,0.002520324707031256,0.03320647113484868,0.0,103.55166496090078,-45.12819824218741,838.2578125,0.9720874878047093,21.0975,0.17263256915130662,1.0,ok,,cap_dem_v1
icefall,23,Pokerface,47.05883952,10.96612868,DGM_Tirol_5m_epsg31254_2006_2020,5.0,1283.89697265625,0.38773405246883313,low,0.5962011586926753,0.24826078400271584,0.0,0.4803138999938965,0.6971432119726726,0.5761183775237216,7.489107175817026,425.11124267578134,117.81396484375,0.31217128937607264,314.3425,27.313899285389265,1.0,ok,,cap_dem_v1
icefall,230,Schwarze Wand Nordostwand Eisschlucht,47.1057457,12.3712635,DGM_Tirol_5m_epsg31254_2006_2020,5.0,3184.843994140625,0.19655497180005108,low,0.3284308733258929,0.28607261276461643,0.0,0.2838629760742188,0.0023310257752728065,0.0,-52.05511247139884,229.901611328125,463.9619140625,0.33691131181009726,360.6275,0.011241831139345735,1.0,ok,,cap_dem_v1
icefall,231,Schwarze Witwe,47.04742,11.61647,DGM_Tirol_5m_epsg31254_2006_2020,5.0,2025.5830078125,0.49050219933440387,medium,0.6181865583147321,0.3997159997040359,0.0,0.5735103988647461,1.0,0.21894144110220637,6.132513680610828,432.7305908203125,477.927001953125,0.26745562130177514,374.8525,207.7747922678511,1.0,ok,,cap_dem_v1
icefall,232,Schwerer als ein lockerer Arch - Beilfall Groáen Tr”gler,47.0006227,11.1519643,DGM_Tirol_5m_epsg31254_2006_2020,5.0,2212.35205078125,0.5059643869025635,medium,0.7062886439732146,0.3539482722283482,0.0,0.6060343856811523,1.0,0.0,-7.294297965179794,494.4020507812502,499.0770263671875,0.2569374282036732,385.13,570.3070498968965,1.0,ok,,cap_dem_v1
icefall,233,Seebenseefall,47.3747,10.9414,DGM_Tirol_5m_epsg31254_2006_2020,5.0,1409.14599609375,0.4578187050675778,medium,0.9390688127790183,0.4964995850669764,0.0,0.6595107040405274,0.0,0.03839839223598518,-115.04991997089155,657.3481689453129,316.3740234375,0.3342191219620218,401.79,0.0,1.0,ok,,cap_dem_v1
icefall,234,Seirl”cherkogel Eisfall - Pitztal,47.0319389,10.8629323,DGM_Tirol_5m_epsg31254_2006_2020,5.0,1497.635986328125,0.722487131512116,high,1.0,0.7323113611291656,0.0658348736969433,0.8685847778320313,0.9730306654375414,0.17242896382543904,-132.82255762682462,768.5151855468748,86.9150390625,0.1047232758382015,463.8375,105.31977156918185,1.0,ok,,cap_dem_v1
icefall,235,Seirl”cherkogelfall,47.03880402,10.85972786,DGM_Tirol_5m_epsg31254_2006_2020,5.0,1626.47900390625,0.5745609034314291,medium,0.9339532645089288,0.38330044552717346,0.0,0.697853687286377,0.9371294855296464,0.0,-60.0269512388561,653.7672851562502,227.885986328125,0.24653960080834925,370.76,88.50341014225269,1.0,ok,,cap_dem_v1
icefall,236,Serfauserfeld Eisfall,47.047,10.6316,DGM_Tirol_5m_epsg31254_2006_2020,5.0,1010.0640258789062,0.30177528251931524,low,0.569793997628348,0.3395073254725946,0.0,0.49633301162719723,0.0,0.0,-91.09109622708615,398.85579833984366,135.21002197265625,0.31921341784063545,363.6775,0.0,1.0,ok,,cap_dem_v1
icefall,237,Shameless - Neurur,47.0260029,10.8609432,DGM_Tirol_5m_epsg31254_2006_2020,5.0,1639.0260009765625,0.6419482230308307,medium,1.0,0.5177928921233229,0.0,0.75,1.0,0.0,-67.03634607401455,725.4459228515625,216.72705078125,0.2171439644552715,395.1775,124.06871264021377,1.0,ok,,cap_dem_v1
icefall,238,Similaun Nordwand,46.7667241,10.88241935,DGM_Tirol_5m_epsg31254_2006_2020,5.0,3241.0439453125,0.08873265108190549,low,0.20206013306847237,0.02086450385191442,0.0,0.20686094665527344,0.013148999023451896,0.0461937602147694,-52.27253359407405,152.673095703125,396.529052734375,0.5732276932011449,227.07,0.06509057788349078,1.0,ok,,cap_dem_v1
icefall,239,Sintflut - Niederer Prijakt Nordwand,46.91594,12.70626,DGM_Tirol_5m_epsg31254_2006_2020,5.0,2575.431396484375,0.1894383998143976,low,0.3382028990185879,0.00783164588493226,0.0,0.31669696807861336,0.3695014558448371,0.0,-77.40009695272784,248.882080078125,541.583740234375,0.510053693504193,262.725,4.882910300480157,1.0,ok,,cap_dem_v1
icefall,24,New Life,47.05883952,10.96612868,DGM_Tirol_5m_epsg31254_2006_2020,5.0,1283.89697265625,0.38773405246883313,low,0.5962011586926753,0.24826078400271584,0.0,0.4803138999938965,0.6971432119726726,0.5761183775237216,7.489107175817026,425.11124267578134,117.81396484375,0.31217128937607264,314.3425,27.313899285389265,1.0,ok,,cap_dem_v1
icefall,240,Sonnenk”nig - Patsch Sd,46.92355,12.250045,DGM_Tirol_5m_epsg31254_2006_2020,5.0,2017.5369873046875,0.2933367817078443,low,0.6671178844728526,0.0,0.0,0.43047187042236335,0.41324353350851073,0.0,-31.27405437687821,484.8383056640623,498.3502197265625,0.5146624217046752,281.8575,6.25600521137913,1.0,ok,,cap_dem_v1
icefall,241,Spannagel Gully,47.07597,11.6631759,DGM_Tirol_5m_epsg31254_2006_2020,5.0,2616.550048828125,0.3336787346509268,low,0.4420576012617407,0.07765897003239607,0.0,0.3583306121826172,1.0,0.3882948501619803,16.46134594898058,322.546875,563.068115234375,0.47581136464333185,275.6175,168.56373710504292,1.0,ok,,cap_dem_v1
icefall,242,Spinnenbein,47.010683,10.69719672,DGM_Tirol_5m_epsg31254_2006_2020,5.0,2090.383056640625,0.5510913867693267,medium,0.8361707240513396,0.7677059125795572,0.0,0.7766774673461914,0.22413738339782532,0.18665944099113718,-143.64224923893516,585.3195068359378,243.3341064453125,0.1147099543126125,495.2675,1.9297466280281745,1.0,ok,,cap_dem_v1
icefall,243,Stalingrad - Grubenkarspitze,47.382133,11.529989,DGM_Tirol_5m_epsg31254_2006_2020,5.0,1646.708984375,0.5177881141071061,medium,1.0,0.6150354360121646,0.0,0.7601950340270996,0.0,0.0,-274.2100656716625,793.364013671875,319.8790283203125,0.1867023779863245,435.1325,0.0,1.0,ok,,cap_dem_v1
icefall,244,Stalingrad - Haidachstellwand NO-Wand,47.44474248,11.78511143,DGM_Tirol_5m_epsg31254_2006_2020,5.0,1823.5040283203125,0.2442950725027812,low,0.42491800362723225,0.286637866217877,0.0,0.44270736694335944,0.0,0.0,-52.79634278502613,297.4426025390626,639.3720703125,0.36732970668438464,353.885,0.0,1.0,ok,,cap_dem_v1
icefall,245,Steinwandfall,47.08329,12.52526,DGM_Tirol_5m_epsg31254_2006_2020,5.0,1396.2705078125,0.66706109842863,medium,0.9691365094866069,0.7215295096187087,0.1034594752082367,0.7546797943115234,0.7366715297595019,0.0,-113.95593042385326,678.3955566406248,126.586669921875,0.07816166748582623,486.825,33.223835906267716,1.0,ok,,cap_dem_v1
icefall,246,Stirb langsam - Seebenw„nde,47.3745,10.9419,DGM_Tirol_5m_epsg31254_2006_2020,5.0,1406.7459716796875,0.4716866246505954,medium,0.9593832659040176,0.5300983401202389,0.0,0.662108154296875,0.0,0.08004364037713352,-129.41863642765384,671.5682861328123,310.906005859375,0.32782902977998934,408.275,0.0,1.0,ok,,cap_dem_v1
icefall,247,Strublb„da - Kraspestal,47.191333,11.066194,DGM_Tirol_5m_epsg31254_2006_2020,5.0,2001.7860107421875,0.5701628637582765,medium,0.8141734444754463,0.7380103345797352,0.0,0.8561491470336915,0.3579636462628496,0.0,-113.1432068774584,569.9214111328124,255.614013671875,0.09557256345669445,498.4275,4.566233817604079,1.0,ok,,cap_dem_v1
icefall,248,Bachfalle,47.0236,10.8712,DGM_Tirol_5m_epsg31254_2006_2020,5.0,1648.3270263671875,0.633266060157412,medium,1.0,0.5135663425744235,0.0,0.7164079322814941,0.98275523114388,0.0,-86.94498311844222,736.4710693359375,222.3560791015625,0.21882935807748463,396.435,110.39564642406101,1.0,ok,,cap_dem_v1
icefall,25,Via Ali,47.06047859,10.94324338,DGM_Tirol_5m_epsg31254_2006_2020,5.0,2002.720947265625,0.31585738295794547,low,0.5848055723737642,0.0,0.0,0.39883688354492186,0.7322030488851077,0.0,4.9765325819103055,437.6318115234376,831.677978515625,0.5991641468831951,239.38,32.498225232734704,1.0,ok,,cap_dem_v1
icefall,250,Sulzenauer Eisfall,46.99876105,11.18416786,DGM_Tirol_5m_epsg31254_2006_2020,5.0,1903.593994140625,0.7097940817196782,high,0.9113733258928577,0.793603411447281,0.0,0.890332649230957,1.0,0.012003915799456366,-185.61622290468176,637.9613281250004,296.2989501953125,0.07242193286676496,532.3425,419.21880090794633,1.0,ok,,cap_dem_v1
icefall,251,Sunblocker 2,47.0453,11.5904,DGM_Tirol_5m_epsg31254_2006_2020,5.0,1474.3360595703125,0.7240703285550805,high,1.0,0.8004344642652257,0.0016279407405235065,0.8310207748413085,0.9932200540964876,0.1678206401387019,-172.71633274708074,711.3126708984378,146.696044921875,0.11894416384141701,515.3875,116.12893600191394,1.0,ok,,cap_dem_v1
icefall,252,Sunblocker,47.0453,11.5895,DGM_Tirol_5m_epsg31254_2006_2020,5.0,1479.5419921875,0.7165300783132967,high,1.0,0.7823361844818018,0.0,0.8172572135925293,0.9890496676931133,0.1688610412985616,-162.72315050855264,707.864013671875,155.1739501953125,0.13223792583159147,505.005,113.80959326821412,1.0,ok,,cap_dem_v1
icefall,253,Sunday Explorer,46.957971,10.882287,DGM_Tirol_5m_epsg31254_2006_2020,5.0,1989.41796875,0.45603901912771405,medium,0.7629235889774686,0.16087933201580926,0.0,0.5005885925292969,1.0,0.0,-0.023557993283702672,541.7286621093749,315.4349365234375,0.3670846655317029,322.0075,276.9261014549183,1.0,ok,,cap_dem_v1
icefall,254,Sundays for future - Gl”dis,46.962661,12.723854,DGM_Tirol_5m_epsg31254_2006_2020,5.0,2887.3173828125,0.019592072538509718,low,0.018989267711490117,0.0,0.0,0.015508384704589843,0.08345665269965807,0.0,83.74761840385509,19.93017578125,748.8193359375,0.8613322074722111,48.8425,0.4921837126197848,1.0,ok,,cap_dem_v1
icefall,255,Tabernakel - Laserz Nordwand,46.776166,12.81022,DGM_Tirol_5m_epsg31254_2006_2020,5.0,1820.7845458984375,0.40967409407131944,medium,0.9680418178013392,0.3429429557007353,0.0,0.546186004638672,0.0,0.0,-167.07557821286377,677.6292724609375,535.231689453125,0.37001917233646414,369.8275,0.0,1.0,ok,,cap_dem_v1
icefall,256,Taschach-Eiswand,46.8965,10.8318,DGM_Tirol_5m_epsg31254_2006_2020,5.0,2779.501953125,0.49861027500338084,medium,0.7761275111607145,0.290316268296168,0.0,0.5466622009277344,1.0,0.0,-55.84540494341718,543.2892578125002,509.97607421875,0.273895048655233,358.23,498.9097424755622,1.0,ok,,cap_dem_v1
icefall,257,Terra Promessa - Laserz Nordwand,46.776166,12.81022,DGM_Tirol_5m_epsg31254_2006_2020,5.0,1820.7845458984375,0.40967409407131944,medium,0.9680418178013392,0.3429429557007353,0.0,0.546186004638672,0.0,0.0,-167.07557821286377,677.6292724609375,535.231689453125,0.37001917233646414,369.8275,0.0,1.0,ok,,cap_dem_v1
icefall,258,Teufelskralle,47.009,10.6956,DGM_Tirol_5m_epsg31254_2006_2020,5.0,2121.02392578125,0.5263067153212081,medium,0.813140834263393,0.7062176930769867,0.0,0.7463706436157227,0.23007657962503172,0.03712195408939778,-114.5522995499482,569.1985839843751,275.47998046875,0.13099768880523685,478.195,2.014394815022606,1.0,ok,,cap_dem_v1
icefall,259,The Big Corner - Sulzkogel Westschulter,47.182479,11.00152,DGM_Tirol_5m_epsg31254_2006_2020,5.0,2551.806884765625,0.16882349726493104,low,0.3669699138554753,0.021843968468534914,0.0,0.3080920333862305,0.16937481117329278,0.0,3.876934484026606,268.0387939453126,507.9378662109375,0.4558239324520728,274.0,1.2530528484229895,1.0,ok,,cap_dem_v1
icefall,26,Lucky Strike,47.01162268,10.96634326,DGM_Tirol_5m_epsg31254_2006_2020,5.0,1772.574951171875,0.7295590207495872,high,1.0,0.8441712828446981,0.0,0.9377012329101562,0.8524067673459284,0.22085641422349023,-193.23781400544567,735.2798339843748,259.3619384765625,0.058346772239948504,546.35,58.61840385030366,1.0,ok,,cap_dem_v1
icefall,260,The Great Roof,47.11233503,10.8053112,DGM_Tirol_5m_epsg31254_2006_2020,5.0,1206.989013671875,0.6800124942552302,medium,0.9607398332868303,0.845596422912773,0.43507483784434375,0.8566952896118165,0.08606112796458817,0.22798211456386475,-151.72817194262257,672.5178833007812,78.7349853515625,0.02719779649404486,539.4875,0.5109387461256478,1.0,ok,,cap_dem_v1
icefall,261,The Icefactor - Westlicher Geierkopf Nordwand,47.5189,10.8657,DGM_Tirol_5m_epsg31254_2006_2020,5.0,1727.5860595703125,0.12804321593369822,low,0.31550225750310334,0.0,0.0,0.3277843437194825,0.0,0.0,-94.02474553874913,241.98193359375,627.5140380859375,0.744488360663681,209.4,0.0,1.0,ok,,cap_dem_v1
icefall,262,The Wind Corner,47.00838964,10.69394588,DGM_Tirol_5m_epsg31254_2006_2020,5.0,2127.616943359375,0.5075966756277176,medium,0.7677999441964286,0.6797539800479919,0.0,0.7402884826660157,0.23109948111140063,0.0,-108.92352090187705,537.4599609375,287.9468994140625,0.13956143567884746,466.1925,2.0292186246355532,1.0,ok,,cap_dem_v1
icefall,263,Thriller - Hohe Warte,47.033896,11.617838,DGM_Tirol_5m_epsg31254_2006_2020,5.0,2174.030029296875,0.5400250753026926,medium,0.7637569754464286,0.43276630092303336,0.0,0.6059617080688477,1.0,0.0,-97.14772614740468,534.6298828125,517.5250244140625,0.23187131872010852,405.85,199.45587150497792,1.0,ok,,cap_dem_v1
icefall,264,Tr„nen der Sehnsucht,46.983,10.8795,DGM_Tirol_5m_epsg31254_2006_2020,5.0,2070.114990234375,0.4712587992215005,medium,0.9717870048325693,0.03925787528097199,0.0,0.45665052795410155,1.0,0.0,-98.16383071999417,698.9256347656251,489.83203125,0.520432875271585,299.1225,144.36923372106216,1.0,ok,,cap_dem_v1
icefall,265,Tristenkopf - Nordrinne,47.3306701,11.9578378,DGM_Tirol_5m_epsg31254_2006_2020,5.0,2179.532958984375,0.001342948150634768,low,0.0,0.0,0.0,0.008952987670898454,0.0,0.0,287.30932036458626,-62.31787109375,792.8349609375,0.9008891810538698,22.7025,0.0,1.0,ok,,cap_dem_v1
icefall,266,"Urfall direct ""Eierpecker""",47.0049,11.2253,DGM_Tirol_5m_epsg31254_2006_2020,5.0,1794.0479736328125,0.7159735381515192,high,0.9971002720424101,0.7424586449679635,0.0,0.8738920593261719,1.0,0.0,-136.9173226321302,697.9701904296871,240.3819580078125,0.10990068173166764,507.6325,163.35637001825668,1.0,ok,,cap_dem_v1
icefall,267,Urfall,47.005,11.2257,DGM_Tirol_5m_epsg31254_2006_2020,5.0,1740.885009765625,0.7294067117976972,high,1.0,0.7756390084456716,0.0,0.9033130645751953,1.0,0.0,-185.78696165334668,744.1884765625,187.3699951171875,0.09346169551585956,526.3575,162.35605737345927,1.0,ok,,cap_dem_v1
icefall,268,Via Margit,47.12452739,11.99958086,DGM_Tirol_5m_epsg31254_2006_2020,5.0,1426.3289794921875,0.562061128351377,medium,0.9627715192522321,0.44869790837583645,0.0,0.6746724967956543,0.7199526461667445,0.0,-93.11896316789012,673.9400634765625,293.626953125,0.22930553536695947,387.71,30.58688787333281,1.0,ok,,cap_dem_v1
icefall,269,Victimes des ‚tique(ttes) - Lsens,47.1139,11.1407,DGM_Tirol_5m_epsg31254_2006_2020,5.0,1892.5009765625,0.5974364413081868,medium,0.9557193080357144,0.4469301208322871,0.0,0.6451605606079102,1.0,0.0,-82.60436141265973,669.0035156250001,236.0849609375,0.18520876292226574,395.61,165.9344248888413,1.0,ok,,cap_dem_v1
icefall,27,Fritz Phantom,47.00661867,10.9737247,DGM_Tirol_5m_epsg31254_2006_2020,5.0,2495.14599609375,0.15791207901576193,low,0.1262701235960076,0.0,0.0,0.08584500885009766,0.7564519785949693,0.0,76.2211518288018,111.3310546875,921.08203125,0.8514428067261781,103.905,36.62938447375259,1.0,ok,,cap_dem_v1
icefall,270,Vordere Reiselehn Eisfall,46.98398579,10.87792397,DGM_Tirol_5m_epsg31254_2006_2020,5.0,1990.7120361328125,0.47493715018015137,medium,0.9746130317050984,0.04858823472595631,0.0,0.46091222381591795,1.0,0.0,-78.00526322525593,722.221166992188,422.2200927734375,0.496508674680452,301.475,124.8332636445258,1.0,ok,,cap_dem_v1
icefall,271,Vorderer Brunnenkogel Nordwand,47.08481647,11.0951272,DGM_Tirol_5m_epsg31254_2006_2020,5.0,2538.574951171875,0.6473586342435733,medium,0.7893120814732142,0.7561431143755908,0.0,0.7399655685424805,1.0,0.42372097665943276,-88.17605014492119,552.5184570312499,291.076904296875,0.14284824579613867,474.95,297.26734405667344,1.0,ok,,cap_dem_v1
icefall,272,Vorderer Brunnenkogel Nordwestpfeiler,47.0843,11.1024,DGM_Tirol_5m_epsg31254_2006_2020,5.0,2837.6279296875,0.302392936475537,low,0.38973463603269953,0.0709679701821796,0.0,0.363339714050293,0.8847755187618221,0.0,-6.804208272064443,279.8837402343752,570.469970703125,0.40720647156924483,301.7025,68.63017817636138,1.0,ok,,cap_dem_v1
icefall,273,Vorhang Pinnistal,47.0717,11.3288,DGM_Tirol_5m_epsg31254_2006_2020,5.0,1692.41796875,0.6050086815916919,medium,1.0,0.6902167094990439,0.0,0.8177994232177734,0.39856393822843283,0.0,-120.796193798496,835.869384765625,212.5770263671875,0.11526085241545392,466.285,5.762746988586867,1.0,ok,,cap_dem_v1
icefall,274,Walk the Line - Zw”lferkogel Nordwestwand,47.19017909,11.00117683,DGM_Tirol_5m_epsg31254_2006_2020,5.0,2497.235107421875,0.1567569206717108,low,0.3532559456739423,0.0,0.0,0.2752134628295899,0.18107276552524484,0.0,93.2839340847072,275.411865234375,534.048095703125,0.6069246153952622,191.89,1.3830640055096357,1.0,ok,,cap_dem_v1
icefall,275,Warnschuss,47.45677142,10.51410913,DGM_Tirol_5m_epsg31254_2006_2020,5.0,1472.8690185546875,0.3792301239225805,low,0.6349557059151786,0.4817774606735808,0.0,0.6669788818359376,0.0,0.0,-114.58400452880096,444.468994140625,308.467041015625,0.30165277816228786,402.9075,0.0,1.0,ok,,cap_dem_v1
icefall,276,Wasserfall - Nasse Wand,47.454348,11.987379,DGM_Tirol_5m_epsg31254_2006_2020,5.0,570.4949951171875,0.4468463637619683,medium,0.6356594587053572,0.720409250965929,0.0,0.7188612422943115,0.0,0.0,-200.3459070231196,444.96162109375007,55.61798095703125,0.20166625148772455,501.085,0.0,1.0,ok,,cap_dem_v1
icefall,277,Wechnerwand Nordwand - Plan W,47.1874,10.97087,DGM_Tirol_5m_epsg31254_2006_2020,5.0,2478.0849609375,0.18463052829193533,low,0.3787096650427117,0.05258310247528785,0.0,0.3660880889892579,0.14596082042697844,0.0,-53.63056834366989,275.6061035156249,381.801025390625,0.4887650946334037,279.705,1.0137477186686221,1.0,ok,,cap_dem_v1
icefall,278,Weiábachgraben Eisf„lle,47.57720654,12.62947083,DGM_Tirol_5m_epsg31254_2006_2020,5.0,819.5269775390625,0.3488135560105041,low,0.6256658063616072,0.45209308496251366,0.0,0.5291588878631592,0.0,0.11476525517087055,-83.03046466857359,437.966064453125,89.41900634765625,0.21353445889842237,397.3675,0.0,1.0,ok,,cap_dem_v1
icefall,28,Waldesruh Ralley - Bichlfall,47.02797391,10.99501338,DGM_Tirol_5m_epsg31254_2006_2020,5.0,1249.0179443359375,0.820672482203568,high,1.0,0.8467972999694864,0.5746641341133113,0.8570794830322266,0.7698560528913342,0.474437888736321,-108.37049942062595,844.0453369140623,47.221923828125,0.02651509906816388,497.6025,39.12776063383241,1.0,ok,,cap_dem_v1
icefall,280,Weiáseespitze Nordwand,46.849971,10.71428776,DGM_Tirol_5m_epsg31254_2006_2020,5.0,3206.583984375,0.07245672652708965,low,0.21964084958980393,0.0,0.0,0.11697676086425782,0.0,0.0,43.82576036530463,178.8268798828126,504.742919921875,0.7170046448396964,153.2975,0.0,1.0,ok,,cap_dem_v1
icefall,282,Westl. Marzell Spitze Nordwestwand,46.76998362,10.88925362,DGM_Tirol_5m_epsg31254_2006_2020,5.0,3191.680908203125,0.1484889533826152,low,0.2966473524668328,0.12637360588585853,0.0,0.257225326538086,0.02766609875819624,0.009857910416602,-30.69804945022588,212.638427734375,449.2099609375,0.38263712770639896,304.9375,0.14188546728263748,1.0,ok,,cap_dem_v1
icefall,283,Westwandrinne,47.0038,11.8422,DGM_Tirol_5m_epsg31254_2006_2020,5.0,3050.22705078125,0.005092002266077078,low,0.0,0.0,0.0,0.007022132873535156,0.026924548900312033,0.0,91.47426330449161,-6.017675781250091,665.60498046875,0.9488242763231914,27.225,0.13783177205922403,1.0,ok,,cap_dem_v1
icefall,284,White gold - Gl”dis,46.962661,12.723854,DGM_Tirol_5m_epsg31254_2006_2020,5.0,2887.3173828125,0.019592072538509718,low,0.018989267711490117,0.0,0.0,0.015508384704589843,0.08345665269965807,0.0,83.74761840385509,19.93017578125,748.8193359375,0.8613322074722111,48.8425,0.4921837126197848,1.0,ok,,cap_dem_v1
icefall,286,Wildspitze Nordwand,46.8885,10.8672,DGM_Tirol_5m_epsg31254_2006_2020,5.0,3557.89501953125,0.0014256222972119966,low,0.0,0.0009286366497854859,0.0,0.007956420898437502,0.0,0.004643183248927429,47.11075432899497,-21.572216796875182,540.97998046875,0.9908550304255422,31.58,0.0,1.0,ok,,cap_dem_v1
icefall,287,Wildspitze Nordwestgrat,46.8914,10.8643,DGM_Tirol_5m_epsg31254_2006_2020,5.0,3385.56005859375,0.09399455136482061,low,0.19471508492288464,0.052843798964515236,0.0,0.17931036376953127,0.034721838850273,0.26421899482257616,-12.050131776166836,152.11696777343786,460.85205078125,0.649376258380555,189.835,0.18118558424624948,1.0,ok,,cap_dem_v1
icefall,288,Wildspitze Sdcouloir,46.8797,10.8669,DGM_Tirol_5m_epsg31254_2006_2020,5.0,3223.489990234375,0.222331594471273,low,0.4333058566835434,0.11259412621351256,0.0,0.4033301696777344,0.16904715530232584,0.0,-61.38532048044135,310.3488525390626,443.260986328125,0.40587742788145503,306.335,1.2495152513463847,1.0,ok,,cap_dem_v1
icefall,289,Wind of Change - Zw”lferkogel Nordwand,47.1925,11.008,DGM_Tirol_5m_epsg31254_2006_2020,5.0,2582.39599609375,0.10103790525352556,low,0.2268222080599247,0.0,0.0,0.1500694808959961,0.14547954069429986,0.0,47.01618086459166,187.846923828125,663.10400390625,0.779536441716093,140.7075,1.0091051136431741,1.0,ok,,cap_dem_v1
icefall,29,Taufenbachfall (ohne Vorhang),47.02183284,10.99564764,DGM_Tirol_5m_epsg31254_2006_2020,5.0,1228.572021484375,0.920760542957238,high,0.9899207589285713,0.9494563436787196,0.8627711621670596,0.8431457252502441,0.9126011738964444,0.7472817183935972,-106.9673814265027,692.94453125,20.799072265625,0.0029412782449219697,521.9875,78.57055255856555,1.0,ok,,cap_dem_v1
icefall,290,Winter-Variante am Fuástein,47.0472224,11.6421466,DGM_Tirol_5m_epsg31254_2006_2020,5.0,2733.677978515625,0.3310849816223553,low,0.5262004659315417,0.0,0.0,0.38657096099853516,0.9436614732645973,0.0,-73.51114524343348,388.2663085937502,548.531005859375,0.5287434265153612,258.825,91.35157597367726,1.0,ok,,cap_dem_v1
icefall,291,Wde Henn,47.47192315,12.06401825,DGM_Tirol_5m_epsg31254_2006_2020,5.0,846.85302734375,0.11394896669360632,low,0.3204354007710073,0.0,0.0,0.22560077667236328,0.0,0.0,49.72591733606532,246.09194335937514,347.35003662109375,0.5697856263061019,207.9125,0.0,1.0,ok,,cap_dem_v1
icefall,292,Wunschkonzert - Rosshag Eisfall,47.0841,11.7645,DGM_Tirol_5m_epsg31254_2006_2020,5.0,1183.2939453125,0.651936604175206,medium,1.0,0.7065007673755754,0.03560465914461135,0.7864777603149414,0.6681254430343252,0.0,-152.21611895130445,825.7972778320313,144.3118896484375,0.09845050830801597,466.8075,23.63552933745707,1.0,ok,,cap_dem_v1
icefall,293,Xice - Niederer Prijakt Westwand,46.91358,12.70585,DGM_Tirol_5m_epsg31254_2006_2020,5.0,2727.3193359375,0.061166763759810894,low,0.08411779455568316,0.0,0.0,0.07238362121582033,0.19519847959011372,0.0,41.51953442692684,77.16240234374982,643.17529296875,0.8354622197619707,86.5625,1.5500960444038028,1.0,ok,,cap_dem_v1
icefall,294,Zedlacher Eisfall - Tauerntal,47.02621,12.51287,DGM_Tirol_5m_epsg31254_2006_2020,5.0,1354.2489013671875,0.47120965709023577,medium,1.0,0.3516653354500197,0.0,0.5760072898864746,0.3126148649650644,0.0,-69.07530709437378,739.1399658203127,407.12701416015625,0.295573150980745,369.43,3.4782637424241,1.0,ok,,cap_dem_v1
icefall,295,Zemmschlucht Eisfall,47.1405,11.8232,DGM_Tirol_5m_epsg31254_2006_2020,5.0,809.81298828125,0.5744545263004157,medium,1.0,0.8,0.053177418565677335,0.7587936172485351,0.0,0.0,-199.12303620295847,762.5181884765627,157.3089599609375,0.06937948022473776,532.5675,0.0,1.0,ok,,cap_dem_v1
icefall,296,Zemmschlucht Eisschild,47.1429,11.8299,DGM_Tirol_5m_epsg31254_2006_2020,5.0,765.3679809570312,0.5922709460029364,medium,0.988454328264509,0.7938834594726563,0.14660812114431193,0.7824324989318847,0.0,0.0,-228.42027485941185,691.9180297851562,120.59698486328125,0.06669066192298907,533.755,0.0,1.0,ok,,cap_dem_v1
icefall,297,Zuckerhtl Nordwand,46.9652,11.15352,DGM_Tirol_5m_epsg31254_2006_2020,5.0,3392.43310546875,0.000672305009047125,low,0.0,0.0026892200361885,0.0,0.0,0.0,0.0134461001809425,133.04264954542077,-71.76835937499982,620.343017578125,0.9904686753742966,6.4275,0.0,1.0,ok,,cap_dem_v1
icefall,298,Zwingenfall,47.10414171,11.13586664,DGM_Tirol_5m_epsg31254_2006_2020,5.0,2017.9940185546875,0.6787617139430498,medium,0.9867469308035717,0.645237481426147,0.0,0.8051040725708007,1.0,0.0,-99.52825638557579,690.7228515625002,314.3560791015625,0.2043427416843693,456.3025,287.5447028021224,1.0,ok,,cap_dem_v1
icefall,299,Nordwandprinzessin - Zw”lferkogel Nordwand,47.19047073,11.00349426,DGM_Tirol_5m_epsg31254_2006_2020,5.0,2640.342041015625,0.07746425197736251,low,0.16338362979848545,0.0,0.0,0.13661517333984374,0.10750712351176392,0.0,163.84223468347818,140.994873046875,686.007080078125,0.7793752206386233,115.0475,0.6746122509726743,1.0,ok,,cap_dem_v1
icefall,3,Zapfenstreich,47.1814644,10.90196581,DGM_Tirol_5m_epsg31254_2006_2020,5.0,980.3209838867188,0.35834720049042235,low,0.9747709061114724,0.10837218491504975,0.0,0.5012239685058594,0.08251888305275244,0.09729364016545261,-100.08865072189292,716.8082275390627,185.29296875,0.39201644040353717,301.755,0.4854879129175494,1.0,ok,,cap_dem_v1
icefall,30,Mhlgartenfall / Betonwerks?õule,47.02183284,10.99564764,DGM_Tirol_5m_epsg31254_2006_2020,5.0,1228.572021484375,0.920760542957238,high,0.9899207589285713,0.9494563436787196,0.8627711621670596,0.8431457252502441,0.9126011738964444,0.7472817183935972,-106.9673814265027,692.94453125,20.799072265625,0.0029412782449219697,521.9875,78.57055255856555,1.0,ok,,cap_dem_v1
icefall,31,Elfenbein,47.02183284,10.99564764,DGM_Tirol_5m_epsg31254_2006_2020,5.0,1228.572021484375,0.920760542957238,high,0.9899207589285713,0.9494563436787196,0.8627711621670596,0.8431457252502441,0.9126011738964444,0.7472817183935972,-106.9673814265027,692.94453125,20.799072265625,0.0029412782449219697,521.9875,78.57055255856555,1.0,ok,,cap_dem_v1
icefall,319,Anderl-Lindner-Gedenkweg - Aggenstein Ostgipfel Nordwand,47.53732544,10.56064478,DGM_Tirol_5m_epsg31254_2006_2020,5.0,1792.136962890625,0.0,low,0.0,0.0,0.0,0.0,0.0,0.0,89.82322643387238,-25.181005859374864,634.1510009765625,0.9428729894620078,17.1325,0.0,1.0,ok,,cap_dem_v1
icefall,32,R?õtselburg,47.0081575,10.99938127,DGM_Tirol_5m_epsg31254_2006_2020,5.0,1481.4849853515625,0.5665404514918763,medium,0.9429486955915178,0.3745321837210128,0.0,0.6422907028198243,0.9388441749384663,0.0,-36.057303159712774,660.0640869140625,251.9219970703125,0.2301702657807309,379.25,89.24245728749105,1.0,ok,,cap_dem_v1
icefall,33,Freizeitstress,47.0081575,10.99938127,DGM_Tirol_5m_epsg31254_2006_2020,5.0,1481.4849853515625,0.5665404514918763,medium,0.9429486955915178,0.3745321837210128,0.0,0.6422907028198243,0.9388441749384663,0.0,-36.057303159712774,660.0640869140625,251.9219970703125,0.2301702657807309,379.25,89.24245728749105,1.0,ok,,cap_dem_v1
icefall,335,Backline - Hochgall Nordwand,46.917701,12.147701,DGM_Tirol_5m_epsg31254_2006_2020,5.0,2991.92041015625,0.07132647922423241,low,0.1933566584740781,0.0,0.0,0.15324876403808593,0.0,0.0,-57.10688553483351,177.5413574218751,445.37548828125,0.8840400336160135,86.1825,0.0,1.0,ok,,cap_dem_v1
icefall,336,Bärenköpfe Ostrinne,47.1448,12.5255,DGM_Tirol_5m_epsg31254_2006_2020,5.0,2612.440673828125,0.129531477165863,low,0.19137587884659776,0.0,0.0,0.10437689208984377,0.44020649093824665,0.0,27.11965239069741,160.4235595703126,369.4111328125,0.5850279042914875,132.5,7.257634177778661,1.0,ok,,cap_dem_v1
icefall,34,Namenlos,46.97334271,11.01845886,DGM_Tirol_5m_epsg31254_2006_2020,5.0,1698.0860595703125,0.41716700195415074,medium,0.8236164291758963,0.0,0.0,0.4288500442504883,0.9795692534840229,0.0,28.149690242673614,609.3721435546877,370.3330078125,0.5619446366782007,254.9375,108.70653802244458,1.0,ok,,cap_dem_v1
icefall,343,Berglerrinne - Großglockner,47.0776,12.6972,DGM_Tirol_5m_epsg31254_2006_2020,5.0,3184.847412109375,0.3259817177392383,low,0.49524188609534625,0.530776789924163,0.0,0.4610461349487305,0.002134189947009064,0.0,-230.42863351951883,366.3790283203125,178.28271484375,0.22084814824427085,255.0825,0.010287686052512356,1.0,ok,,cap_dem_v1
icefall,348,Bonanza - Thiersee,47.584595,12.1215531,DGM_Tirol_5m_epsg31254_2006_2020,5.0,636.6719970703125,0.431306245429043,medium,0.45777830287388416,0.6086841204803647,0.4951173362695122,0.43778114891052244,0.0,0.5274599620464868,-70.90796443041211,320.4448120117189,74.33502197265625,0.018788277222241447,412.7075,0.0,1.0,ok,,cap_dem_v1
icefall,35,Hohe Brcke,46.90466547,10.96714096,DGM_Tirol_5m_epsg31254_2006_2020,5.0,1693.031005859375,0.7530520028437648,high,0.8829622628348216,0.8,0.23642256310144438,0.9001794967651369,1.0,0.0,-134.9335624983812,618.0735839843751,110.907958984375,0.04608805170719555,533.125,292.7444593699504,1.0,ok,,cap_dem_v1
icefall,36,Testgolla,47.09844413,10.95780488,DGM_Tirol_5m_epsg31254_2006_2020,5.0,1166.8260498046875,0.6324394300774848,medium,0.9848152293818324,0.27667208702541385,0.680484268651756,0.5289613952636719,0.677510253038475,0.5320938472557724,-96.98948259728945,716.6661132812501,43.6820068359375,0.012175201074241733,320.1125,24.76964544338155,1.0,ok,,cap_dem_v1
icefall,37,Klettergarten Oberried - Eispark,47.07646018,10.94993127,DGM_Tirol_5m_epsg31254_2006_2020,5.0,1173.43505859375,0.6533905545438381,medium,0.9465276877578305,0.27697084474691946,0.8741089931415398,0.5257946701049805,0.6254994818239712,0.44395316173378185,-102.67442592858879,670.60791015625,21.047119140625,0.0012179172231487313,326.1875,19.080807360411768,1.0,ok,,cap_dem_v1
icefall,38,Zwieselsteinf?õlle,46.94276424,11.0333006,DGM_Tirol_5m_epsg31254_2006_2020,5.0,1709.5970458984375,0.47979042898562047,medium,0.9819447470531927,0.2113163305071054,0.0,0.5061996803283692,0.7036347169752702,0.0,-50.61932493877839,692.8664062500002,321.3291015625,0.3351119415896744,334.03,28.2092290655025,1.0,ok,,cap_dem_v1
icefall,387,Der gespaltene König - Pflerscher Tribulaun Südwand,46.98350595,11.33628379,DGM_Tirol_5m_epsg31254_2006_2020,5.0,2521.587890625,0.16653495210034136,low,0.32152728301952405,0.0,0.0,0.3211575775146486,0.2531966314550872,0.0,-92.82361434330733,263.336181640625,475.5859375,0.5654882113920047,148.7725,2.3678616283239675,1.0,ok,,cap_dem_v1
icefall,388,Der gespaltene König - Pflerscher Tribulaun Südwand,46.9836,11.3361,DGM_Tirol_5m_epsg31254_2006_2020,5.0,2517.699951171875,0.16897351581631614,low,0.32659930538664533,0.0,0.0,0.32383165740966807,0.25832627238803063,0.0,-94.04868833575802,266.37905273437536,474.7239990234375,0.5511852926947266,151.935,2.4517408390111903,1.0,ok,,cap_dem_v1
icefall,39,Khlenkar Wasserfall,47.05703252,11.05611148,DGM_Tirol_5m_epsg31254_2006_2020,5.0,2126.97900390625,0.5462201215522892,medium,0.9991960228051759,0.267518899439137,0.0,0.5302759399414063,1.0,0.0,-73.85323944919583,748.712158203125,444.2900390625,0.30976011516686736,348.35,347.30280742988424,1.0,ok,,cap_dem_v1
icefall,391,Der weiße Pinguin - Außergschlöß,47.1252526,12.4609621,DGM_Tirol_5m_epsg31254_2006_2020,5.0,1682.1417236328125,0.7589699611933725,high,1.0,0.8653541496339096,0.10836688531241458,0.8063869781494141,1.0,0.32677074816954754,-172.88216554757537,710.5335449218751,145.8397216796875,0.051478171787719164,515.7675,198.70950238817068,1.0,ok,,cap_dem_v1
icefall,396,Die Abenteuer des Augie March,47.10426,12.6481,DGM_Tirol_5m_epsg31254_2006_2020,5.0,2695.64990234375,0.48103109489897666,medium,0.7494452362093724,0.3251677664334094,0.0,0.41585229492187503,1.0,0.0,-188.22164113440294,562.8323730468751,328.627197265625,0.41347071169624117,234.755,222.9613334526523,1.0,ok,,cap_dem_v1
icefall,4,Zwei Welten,47.1814644,10.90196581,DGM_Tirol_5m_epsg31254_2006_2020,5.0,980.3209838867188,0.35834720049042235,low,0.9747709061114724,0.10837218491504975,0.0,0.5012239685058594,0.08251888305275244,0.09729364016545261,-100.08865072189292,716.8082275390627,185.29296875,0.39201644040353717,301.755,0.4854879129175494,1.0,ok,,cap_dem_v1
icefall,40,Bachfalle,47.08530919,11.05938377,DGM_Tirol_5m_epsg31254_2006_2020,5.0,2324.424072265625,0.6625870026064893,medium,0.7878410993303572,0.8029687137689397,0.0,0.7658969955444337,1.0,0.026691420531716692,-115.51790953195359,551.48876953125,249.732177734375,0.07306640827767588,535.02,259.0371564414122,1.0,ok,,cap_dem_v1
icefall,400,Direkt Nord - Mittlerer Maurerkeeskopf,47.07629,12.26722,DGM_Tirol_5m_epsg31254_2006_2020,5.0,3285.31005859375,0.007730228690912387,low,0.021038080901344857,0.0,0.0,0.016471389770507817,0.0,0.0,102.2683686632663,23.38818359375,750.04833984375,0.887498212668605,39.0575,0.0,1.0,ok,,cap_dem_v1
icefall,401,Direkte Nordwand - Zugspitze,47.456045,10.994282,DGM_Tirol_5m_epsg31254_2006_2020,5.0,1007.1060180664062,0.2942305514242125,low,0.4273901393410232,0.5691397995101237,0.0,0.3006537780761719,0.0,0.8814936445435698,-21.049452836122782,318.20751953125,33.2449951171875,0.16530976009249446,246.2025,0.0,1.0,ok,,cap_dem_v1
icefall,409,Ein Bolt kommt selten allein - Burgschrofen Kraspestal,47.19127272,11.06475592,DGM_Tirol_5m_epsg31254_2006_2020,5.0,1998.81298828125,0.5817776111101216,medium,0.8375901227678573,0.7495878674679227,0.0,0.8728145141601562,0.3604062428476878,0.0,-103.31047893603863,586.3130859375001,243.56201171875,0.09095941980844821,505.715,4.631821092039598,1.0,ok,,cap_dem_v1
icefall,41,Wtenbach/Kaisers,46.98954212,11.0200582,DGM_Tirol_5m_epsg31254_2006_2020,5.0,1506.60595703125,0.5954711921330581,medium,1.0,0.4283911009296935,0.0,0.5891561126708984,1.0,0.0,-108.0677713434211,752.449462890625,219.6109619140625,0.25297052656346236,382.7425,136.22128695701687,1.0,ok,,cap_dem_v1
icefall,42,Sevlstauda,47.10893708,10.95374477,DGM_Tirol_5m_epsg31254_2006_2020,5.0,1252.68896484375,0.4854966735259926,medium,0.8430601283482143,0.3871833383310135,0.0,0.5399354209899903,0.6463032913845806,0.0,-119.38792323394432,590.14208984375,177.9169921875,0.3410199802066536,365.0725,21.187636390855495,1.0,ok,,cap_dem_v1
icefall,423,Eiskögele Nordflanke,47.10001925,12.65960813,DGM_Tirol_5m_epsg31254_2006_2020,5.0,3259.97412109375,0.0331634300571179,low,0.10680627955592165,0.003338633299503058,0.0,0.03751467895507815,0.0,0.016693166497515288,36.08364799209403,103.11040039062482,804.60693359375,0.8261324887293904,69.0775,0.0,1.0,ok,,cap_dem_v1
icefall,424,Eiskögele Nordwand Welzenbach,47.1023,12.6554,DGM_Tirol_5m_epsg31254_2006_2020,5.0,2938.971923828125,0.386639992471123,low,0.5049416624477204,0.2555577203916174,0.0,0.3939141235351563,0.9161868548734343,0.0,-160.90450660045508,391.6739990234373,509.232421875,0.4857953441374218,197.1375,79.95069426890254,1.0,ok,,cap_dem_v1
icefall,43,Mammut Lex,47.02183284,10.99564764,DGM_Tirol_5m_epsg31254_2006_2020,5.0,1228.572021484375,0.920760542957238,high,0.9899207589285713,0.9494563436787196,0.8627711621670596,0.8431457252502441,0.9126011738964444,0.7472817183935972,-106.9673814265027,692.94453125,20.799072265625,0.0029412782449219697,521.9875,78.57055255856555,1.0,ok,,cap_dem_v1
icefall,44,Gegenwind,47.0081575,10.99938127,DGM_Tirol_5m_epsg31254_2006_2020,5.0,1481.4849853515625,0.5665404514918763,medium,0.9429486955915178,0.3745321837210128,0.0,0.6422907028198243,0.9388441749384663,0.0,-36.057303159712774,660.0640869140625,251.9219970703125,0.2301702657807309,379.25,89.24245728749105,1.0,ok,,cap_dem_v1
icefall,45,Herbstgold,46.9564,10.96579,DGM_Tirol_5m_epsg31254_2006_2020,5.0,2231.56591796875,0.580648445757773,medium,0.6950360979352679,0.6514232673534612,0.0,0.6632291183471679,0.9636615778901033,0.05391396224172851,-96.18477612337801,486.5252685546875,237.10595703125,0.11448188985097973,469.8125,100.6483272944844,1.0,ok,,cap_dem_v1
icefall,46,Forsttechnik,47.01761,10.99537,DGM_Tirol_5m_epsg31254_2006_2020,5.0,1280.5679931640625,0.7556132101066052,high,0.9787742396763393,0.773186643326172,0.255280809965877,0.8545992622375489,0.9225129201811313,0.1489979412229001,-128.06211054523806,685.1419677734375,70.7159423828125,0.06954373386667036,493.405,82.44424971601212,1.0,ok,,cap_dem_v1
icefall,467,Glockner NW - Aschenbrenner,47.0776,12.6971,DGM_Tirol_5m_epsg31254_2006_2020,5.0,3186.333740234375,0.32366580300898806,low,0.49263248237114565,0.5251884300375786,0.0,0.4602994003295898,0.0011044323824567356,0.0,-229.5186629293171,364.50830078125,178.792236328125,0.22513671092265328,254.85,0.005310678301840266,1.0,ok,,cap_dem_v1
icefall,47,Milchschnitte,47.18785309,10.91448647,DGM_Tirol_5m_epsg31254_2006_2020,5.0,946.551025390625,0.42504263920924673,medium,0.9991911386484909,0.3060208160488366,0.0,0.5543613815307618,0.10390295536867097,0.0,-154.07046951290204,827.7934204101564,162.655029296875,0.28926918046626854,348.34,0.6459155767869518,1.0,ok,,cap_dem_v1
icefall,476,Grießferner Nordwand,46.9858,11.7122,DGM_Tirol_5m_epsg31254_2006_2020,5.0,2667.072021484375,0.4206789316138881,medium,0.6664917744514687,0.3280778033007026,0.0,0.42448433685302733,0.722425910985941,0.0,-144.14409313423266,505.58579101562464,311.2470703125,0.34577288186055033,222.2325,30.963778946954704,1.0,ok,,cap_dem_v1
icefall,48,Venter Eisfall,46.8562,10.912953,DGM_Tirol_5m_epsg31254_2006_2020,5.0,1933.7760009765625,0.7161696314803679,high,0.6843974260602681,0.8031370839167935,0.3599113469873974,0.8153582305908204,1.0,0.3835311383887463,-65.41762865724445,479.0781982421877,77.8759765625,0.04387603980677933,508.44,404.1981337760097,1.0,ok,,cap_dem_v1
icefall,49,24 hours of freedom - Sagwand,47.028754,11.628868,DGM_Tirol_5m_epsg31254_2006_2020,5.0,2446.76806640625,0.6189636348192498,medium,0.9633820452008929,0.5057497737391922,0.0,0.6778712005615235,1.0,0.0,-209.03795024404872,674.367431640625,567.1981201171875,0.25320721294233245,412.135,176.2238294306647,1.0,ok,,cap_dem_v1
icefall,496,Himmel und Hölle Zugspitze Nordwand,47.434,10.9864,DGM_Tirol_5m_epsg31254_2006_2020,5.0,1642.321044921875,0.3640126238463412,low,0.9783512383833866,0.15797044611940975,0.0,0.5328813514709473,0.0,0.31742210553901806,-55.96346806815336,748.39794921875,484.0870361328125,0.4536299392991369,308.175,0.0,1.0,ok,,cap_dem_v1
icefall,50,3. Zwerg,47.01676544,11.1960125,DGM_Tirol_5m_epsg31254_2006_2020,5.0,1484.3990478515625,0.805758005842206,high,1.0,0.8461563504950587,0.29629716296110303,0.8997299041748047,1.0,0.2307817524752932,-172.1215085991539,820.7591064453127,95.1380615234375,0.04458316608302075,540.8025,242.7447951378533,1.0,ok,,cap_dem_v1
icefall,503,Hochgall Nordwand,46.9177,12.1451,DGM_Tirol_5m_epsg31254_2006_2020,5.0,2980.22021484375,0.08999304467047559,low,0.23385576022487112,0.0,0.0,0.21019403076171875,0.0,0.0,-98.035985757645,211.42011718750018,351.33740234375,0.8771400150084641,92.495,0.0,1.0,ok,,cap_dem_v1
icefall,505,Hochschober Nordflanke,46.945,12.6981,DGM_Tirol_5m_epsg31254_2006_2020,5.0,3007.14013671875,0.00102326915548627,low,0.0010425669783903915,0.0,0.0,0.005084182739257814,0.0,0.0,44.96659321681773,1.182177734374818,611.906005859375,0.9524109391867578,36.265,0.0,1.0,ok,,cap_dem_v1
icefall,51,7. Zwerg - Grawa Eisgarten,47.0154,11.1927,DGM_Tirol_5m_epsg31254_2006_2020,5.0,1495.407958984375,0.8160279626779504,high,1.0,0.843313309434068,0.29472818662982114,0.9750266532897949,1.0,0.21656654717033963,-164.8542449152751,799.9485839843751,92.096923828125,0.047577860656928754,547.985,268.18146713305174,1.0,ok,,cap_dem_v1
icefall,52,Adieu Konni - Geierkopf-Nordwand,47.522008,10.8802915,DGM_Tirol_5m_epsg31254_2006_2020,5.0,1633.4560546875,0.1729314506263241,low,0.4464125670316636,0.0,0.0,0.40885539245605473,0.0,0.0,-97.43962619532385,328.114990234375,538.444091796875,0.5873768268379097,264.515,0.0,1.0,ok,,cap_dem_v1
icefall,53,Amore Fragile,46.9288,10.495,DGM_Tirol_5m_epsg31254_2006_2020,5.0,1193.9019775390625,0.44496947878747234,medium,1.0,0.4309047027170282,0.0,0.5816220207214355,0.0,0.0,-136.53293494774994,804.9530029296875,217.16796875,0.3040369799691834,359.4475,0.0,1.0,ok,,cap_dem_v1
icefall,534,Karwendeleisfall - Karwendelbahn Mittenwald,47.4304,11.2951,DGM_Tirol_5m_epsg31254_2006_2020,5.0,2154.632080078125,0.02966878853757096,low,0.0896530701048737,0.0,0.0,0.0483701400756836,0.0,0.0,47.34922717843392,87.73291015625,893.693115234375,0.8448331526877753,65.1775,0.0,1.0,ok,,cap_dem_v1
icefall,54,Amphitrite,47.014,11.5028,DGM_Tirol_5m_epsg31254_2006_2020,5.0,1433.698974609375,0.334964989758229,low,0.5297257777622768,0.4623528671324715,0.0,0.5675698089599609,0.012065714603652002,0.0,-82.06531757999846,370.80804443359375,206.075927734375,0.16792823300086793,395.495,0.05957156241963101,1.0,ok,,cap_dem_v1
icefall,544,Klammerkopf Nordrinne,46.9626,12.7598,DGM_Tirol_5m_epsg31254_2006_2020,5.0,2693.881103515625,0.29765991822757887,low,0.37587217329757794,0.3470827949693953,0.0,0.3405481414794922,0.4389263662594116,0.0,-153.9158913316587,297.1974365234373,217.8681640625,0.3621367317770367,178.215,7.207094125575906,1.0,ok,,cap_dem_v1
icefall,55,Aria 51 - Laserz Nordwand,46.776166,12.81022,DGM_Tirol_5m_epsg31254_2006_2020,5.0,1820.7845458984375,0.40967409407131944,medium,0.9680418178013392,0.3429429557007353,0.0,0.546186004638672,0.0,0.0,-167.07557821286377,677.6292724609375,535.231689453125,0.37001917233646414,369.8275,0.0,1.0,ok,,cap_dem_v1
icefall,56,Art of Freedom - Serles,47.1305388,11.3843588,DGM_Tirol_5m_epsg31254_2006_2020,5.0,1919.7320556640625,0.24507428236097323,low,0.6424679816115592,0.03186266986602518,0.0,0.5099441299438476,0.0,0.0,-134.79526396891197,464.2518310546875,504.4820556640625,0.559774935636575,291.1975,0.0,1.0,ok,,cap_dem_v1
icefall,57,Asylzapfen in St. Gertraudi,47.4039,11.8442,DGM_Tirol_5m_epsg31254_2006_2020,5.0,701.9719848632812,0.12972015307542345,low,0.3751721356628999,0.0,0.0,0.23951412773132325,0.0,0.0,22.18590221263105,302.3492309570313,185.4219970703125,0.7424685033919424,161.5,0.0,1.0,ok,,cap_dem_v1
icefall,58,Auf alten Spuren,47.0794,11.6799,DGM_Tirol_5m_epsg31254_2006_2020,5.0,2443.885009765625,0.48390784853459023,medium,0.6297370256696428,0.3773380406488938,0.0,0.5475938796997071,1.0,0.12121000922664582,-49.927313075508664,440.81591796875,390.261962890625,0.3506563605034981,371.8675,223.54926807729476,1.0,ok,,cap_dem_v1
icefall,59,Aufnahmeprfung - Tauerntal,47.083,12.5253,DGM_Tirol_5m_epsg31254_2006_2020,5.0,1393.0228271484375,0.6707730898265424,medium,0.9763963099888393,0.724705316676749,0.11039889905804591,0.7553535385131835,0.7340991504770572,0.0,-117.4150686798987,683.4774169921875,123.7730712890625,0.07758942780045665,487.3725,32.80422400991977,1.0,ok,,cap_dem_v1
icefall,6,Kalte Dusche,47.17457496,10.91958106,DGM_Tirol_5m_epsg31254_2006_2020,5.0,1197.489990234375,0.36972005644086164,low,0.9812812209515075,0.11225721166711454,0.0,0.5269420700073242,0.11529425190071695,0.0,20.929773149017365,707.4563964843751,347.79998779296875,0.4440069476641593,313.53,0.7383338260509167,1.0,ok,,cap_dem_v1
icefall,604,Mayerlrampe - Großglockner,47.0784,12.6927,DGM_Tirol_5m_epsg31254_2006_2020,5.0,3261.46923828125,0.20683169906743126,low,0.362404184519412,0.25044027685041065,0.0,0.35747055816650397,0.0,0.0,-173.6640814224952,275.651123046875,210.80859375,0.41823457405812214,219.0175,0.0,1.0,ok,,cap_dem_v1
icefall,607,Michltal - Geünter - Eisfall,47.033808,12.305818,DGM_Tirol_5m_epsg31254_2006_2020,5.0,1820.5068359375,0.6843872244379438,medium,0.9982939801897321,0.6535452518821112,0.0,0.8095161094665527,1.0,0.0,-105.33277792352874,698.8057861328125,364.2481689453125,0.14077488476392178,456.2025,266.39239743993403,1.0,ok,,cap_dem_v1
icefall,61,Badlands - Sagwandspitze,47.03044,11.61888,DGM_Tirol_5m_epsg31254_2006_2020,5.0,2498.93798828125,0.31668151838893044,low,0.47766484308697166,0.0,0.0,0.31510205078125003,1.0,0.0,5.356427951071964,372.4140625,762.76904296875,0.6773418790404075,191.8675,133.4711230522148,1.0,ok,,cap_dem_v1
icefall,616,Morbus Brexit - Aggenstein Nordostwand,47.53762,10.55979,DGM_Tirol_5m_epsg31254_2006_2020,5.0,1702.1419677734375,0.0158899599482374,low,0.05481958176682656,0.0,0.0,0.01456709671020508,0.0,0.0,0.5742405664989292,59.0970458984375,564.958984375,0.8804077195525372,43.9525,0.0,1.0,ok,,cap_dem_v1
icefall,62,Ballerina Rinne,47.5324,12.6498,DGM_Tirol_5m_epsg31254_2006_2020,5.0,1833.2039794921875,0.21079630962379947,low,0.5686231657412917,0.0,0.0,0.45760345458984375,0.0,0.0,-71.34555670914574,418.418212890625,582.9310302734375,0.5678107345651845,262.8275,0.0,1.0,ok,,cap_dem_v1
icefall,63,Bananenecke - Groáglockner,47.070089,12.69519,DGM_Tirol_5m_epsg31254_2006_2020,5.0,3228.43603515625,0.12696036977718758,low,0.3245031276683206,0.0,0.0,0.30556391906738284,0.0,0.0,-77.52580981071424,259.7087646484374,400.690673828125,0.6857088122605364,167.3575,0.0,1.0,ok,,cap_dem_v1
icefall,636,Pallavicinirinne - Großglockner,47.0775,12.6991,DGM_Tirol_5m_epsg31254_2006_2020,5.0,3152.527099609375,0.3710536358668714,low,0.5514454596080604,0.6284594271883613,0.0,0.48435765075683596,0.02282511036160391,0.0,-250.46695801194392,407.0849365234376,157.836181640625,0.17310360135397593,258.1475,0.11568040608954075,1.0,ok,,cap_dem_v1
icefall,64,Bayerisch Schottische Wintergames - Westlicher Geierkopf,47.518127,10.863208,DGM_Tirol_5m_epsg31254_2006_2020,5.0,1765.9969482421875,0.09986473364122518,low,0.2434519651129964,0.0,0.0,0.2600116157531739,0.0,0.0,-62.5792928000119,195.010009765625,666.9779052734375,0.8119481274393113,166.6125,0.0,1.0,ok,,cap_dem_v1
icefall,65,Beilfall Beilf„lle - Fernautal,47.0015136,11.1491723,DGM_Tirol_5m_epsg31254_2006_2020,5.0,2111.4541015625,0.5939917507921245,medium,0.8318327985491072,0.5204327641897036,0.0,0.7061690673828125,1.0,0.06612771909334769,-36.84515076585967,582.282958984375,398.9560546875,0.24998615955267675,418.45,584.4085429411003,1.0,ok,,cap_dem_v1
icefall,652,Punkheitserreger - Aggenstein,47.5379428,10.5606776,DGM_Tirol_5m_epsg31254_2006_2020,5.0,1652.844970703125,0.042912757884517726,low,0.12061297764402787,0.0,0.0,0.08506342315673839,0.0,0.0,-57.990127398921004,115.47745361328134,474.9249267578125,0.809572407714521,71.6025,0.0,1.0,ok,,cap_dem_v1
icefall,66,Berufsschule - Treffauer,47.55863386,12.28288876,DGM_Tirol_5m_epsg31254_2006_2020,5.0,1798.27099609375,0.1713332862820855,low,0.40892086027726776,0.0,0.0,0.4606871414184571,0.0,0.0,-123.87554738179279,301.0872070312498,683.0489501953125,0.6259490210462936,261.925,0.0,1.0,ok,,cap_dem_v1
icefall,67,Bese Hexe - Grawa Eisgarten,47.016,11.1937,DGM_Tirol_5m_epsg31254_2006_2020,5.0,1484.6650390625,0.8241441933045883,high,1.0,0.8524500912661548,0.33231802613104355,0.9637871017456054,1.0,0.2622504563307738,-172.578899184889,814.5126464843752,85.7740478515625,0.043820675718695065,550.1525,259.27611619571536,1.0,ok,,cap_dem_v1
icefall,670,Romariswandkopf Nordwand,47.0922,12.6697,DGM_Tirol_5m_epsg31254_2006_2020,5.0,3354.64794921875,0.01850765225164682,low,0.05377590980126855,0.00920438487426405,0.0,0.018417190551757827,0.0,0.046021924371320244,44.65874050774755,54.17011718750018,536.990234375,0.7998266052560282,57.715,0.0,1.0,ok,,cap_dem_v1
icefall,679,Säkularis - Großglockner Nordwand,47.07816,12.69407,DGM_Tirol_5m_epsg31254_2006_2020,5.0,3216.39111328125,0.28512421116721365,low,0.44032175078159586,0.440549959609915,0.0,0.4327085571289062,0.0,0.0,-213.6558924102569,324.8401855468751,169.742919921875,0.2827166464184192,259.0875,0.0,1.0,ok,,cap_dem_v1
icefall,68,Besinnungsweg,47.0718,11.3267,DGM_Tirol_5m_epsg31254_2006_2020,5.0,1579.5830078125,0.7121745982350952,high,1.0,0.8482139338457617,0.2876225284005372,0.8789830932617189,0.4049943006952632,0.24106966922880813,-189.92920904488597,867.7227539062501,95.198974609375,0.0467385437282881,543.9325,5.974550200851454,1.0,ok,,cap_dem_v1
icefall,69,Bichelerstal Eisfall,47.078,11.2775,DGM_Tirol_5m_epsg31254_2006_2020,5.0,1345.6400146484375,0.47443543775004027,medium,1.0,0.3096824735366788,0.0,0.5515256118774414,0.4285731838950292,0.0,-109.95292829348796,729.4490966796875,315.281005859375,0.3717846688304049,354.665,6.809549060248681,1.0,ok,,cap_dem_v1
icefall,699,Schneewinkelkopf Nordwand,47.0991,12.6621,DGM_Tirol_5m_epsg31254_2006_2020,5.0,3224.2685546875,0.06808477928499236,low,0.18318065520469543,0.031401664144746655,0.0,0.09626132965087891,0.0,0.15700832072373327,-43.74502194133174,159.7171630859375,717.17578125,0.7692913285843079,109.525,0.0,1.0,ok,,cap_dem_v1
icefall,7,Sibirien,47.17457496,10.91958106,DGM_Tirol_5m_epsg31254_2006_2020,5.0,1197.489990234375,0.36972005644086164,low,0.9812812209515075,0.11225721166711454,0.0,0.5269420700073242,0.11529425190071695,0.0,20.929773149017365,707.4563964843751,347.79998779296875,0.4440069476641593,313.53,0.7383338260509167,1.0,ok,,cap_dem_v1
icefall,70,Bierfahrerbeifahrer - Kuhkopf,47.4413578,11.4543422,DGM_Tirol_5m_epsg31254_2006_2020,5.0,1318.739990234375,0.5566035895289956,medium,1.0,0.7301695316084138,0.0,0.8270747108459473,0.0,0.0,-268.8501999194473,847.458984375,232.47998046875,0.10089616276253417,494.03,0.0,1.0,ok,,cap_dem_v1
icefall,700,Schneiderrinne Light - Großglockner,47.0773,12.699,DGM_Tirol_5m_epsg31254_2006_2020,5.0,3184.24267578125,0.31776639528508127,low,0.4970515484000528,0.5138140310456685,0.0,0.4311910781860352,0.002475591304971047,0.0,-222.058658778647,373.6946777343751,195.33837890625,0.24468859438302548,233.3475,0.011943174263482908,1.0,ok,,cap_dem_v1
icefall,707,Seebachfall - Tauerntal,47.076405,12.52767,DGM_Tirol_5m_epsg31254_2006_2020,5.0,1285.01904296875,0.8506567445485494,high,1.0,0.873830363444971,0.6662022203166138,0.9506637535095215,0.7090609773170381,0.3691518172248547,-158.26608102099271,715.48681640625,37.955810546875,0.01869372331074768,534.965,28.979323616683775,1.0,ok,,cap_dem_v1
icefall,71,Big Brother is watching you - Freiwandspitze,47.037022,12.686294,DGM_Tirol_5m_epsg31254_2006_2020,5.0,2268.3232421875,0.5416707034344199,medium,0.5997016950334819,0.5387374221099598,0.0,0.7137394943237305,1.0,0.0,-85.92214784601174,419.7911865234373,323.6641845703125,0.1462079749804535,432.9025,183.21752148792245,1.0,ok,,cap_dem_v1
icefall,72,Black Denim - Ochsengarten,47.22065,10.89899,DGM_Tirol_5m_epsg31254_2006_2020,5.0,1278.5379638671875,0.3606583647959734,low,0.5778315080915178,0.4894736027481446,0.0,0.5987832832336426,0.02676396400674273,0.0,-117.94161333245734,404.4820556640625,364.31597900390625,0.31593187967531433,415.9975,0.13695582929239625,1.0,ok,,cap_dem_v1
icefall,73,Boandlkramer,47.364,12.2751,DGM_Tirol_5m_epsg31254_2006_2020,5.0,1713.094970703125,0.09347440279681979,low,0.26146633982497447,0.0,0.0,0.18738545227050785,0.0,0.0,46.03720619652222,200.4986328125001,632.6119384765625,0.5779106626247525,209.62,0.0,1.0,ok,,cap_dem_v1
icefall,74,Bruad Henn,47.47237279,12.07189322,DGM_Tirol_5m_epsg31254_2006_2020,5.0,755.5910034179688,0.18929439983250798,low,0.4377595941256632,0.11227463362233756,0.0,0.3452389526367188,0.0,0.0069777284939434026,-38.686285105203865,315.1037719726562,246.38299560546875,0.39332156822035363,297.715,0.0,1.0,ok,,cap_dem_v1
icefall,746,Stierkopf - Eibergfall,47.540445,12.179335,DGM_Tirol_5m_epsg31254_2006_2020,5.0,588.0689697265625,0.46716945203564164,medium,0.541477024623326,0.6384022827148437,0.48495754048761264,0.5013874473571778,0.0,0.0,-142.38363602907634,379.0339172363282,55.67596435546875,0.035743702975642506,474.3075,0.0,1.0,ok,,cap_dem_v1
icefall,748,Südwandwächter - Großglockner,47.074606,12.69545325,DGM_Tirol_5m_epsg31254_2006_2020,5.0,3649.982421875,0.0,low,0.0,0.0,0.0,0.0,0.0,0.0,252.44830488355183,-122.19384765625,715.953857421875,0.9897398601398602,3.87,0.0,1.0,ok,,cap_dem_v1
icefall,75,CapiTalismuskritik - Burgschrofen Kraspestal,47.191304,11.064919,DGM_Tirol_5m_epsg31254_2006_2020,5.0,1989.68701171875,0.586280753544987,medium,0.848008928571429,0.7554182876217239,0.0,0.8761665802001953,0.35999308311113,0.0,-112.66706158691204,593.6062500000003,235.18798828125,0.08760902672019936,510.155,4.620673094645756,1.0,ok,,cap_dem_v1
icefall,750,Superdirekte Nordwand - Zugspitze,47.430111,10.986628,DGM_Tirol_5m_epsg31254_2006_2020,5.0,1843.489013671875,0.42821745322477656,medium,0.9977774197889759,0.35029370689186845,0.0,0.6079978103637695,0.0,0.0,-138.77426131539733,801.889892578125,542.4100341796875,0.41965089076840023,345.4575,0.0,1.0,ok,,cap_dem_v1
icefall,757,Teufelskamp Nordwand,47.0878,12.6797,DGM_Tirol_5m_epsg31254_2006_2020,5.0,3411.062255859375,0.025025317394453545,low,0.0611872260333492,0.013993320583039193,0.0,0.04153453826904297,0.0,0.06996660291519596,59.83283304148699,63.103759765625,438.31982421875,0.8124331961422692,52.4075,0.0,1.0,ok,,cap_dem_v1
icefall,76,Catwalk - Hohe Warte,47.035614,11.612,DGM_Tirol_5m_epsg31254_2006_2020,5.0,2088.39990234375,0.4639363921005937,medium,0.6834399232779345,0.23879606718254553,0.0,0.5558492965698243,1.0,0.0,-112.6267415971588,480.1356933593747,501.9678955078125,0.3664609167404783,342.675,182.45475057730704,1.0,ok,,cap_dem_v1
icefall,763,Theo-Riml-Gedenkweg - Großglockner,47.0774,12.6996,DGM_Tirol_5m_epsg31254_2006_2020,5.0,3141.770751953125,0.40524421390397697,medium,0.5686981830569394,0.6531037103107412,0.0,0.4903958511352539,0.17489575261179147,0.0,-257.9467153387491,419.8364501953124,151.5439453125,0.16067703929195556,258.095,1.313504320409156,1.0,ok,,cap_dem_v1
icefall,77,Clean isch tot,47.5182,10.6226,DGM_Tirol_5m_epsg31254_2006_2020,5.0,2051.756103515625,0.0,low,0.0,0.0,0.0,0.0,0.0,0.0,260.6701322475826,-183.24609375,831.2611083984375,1.0,0.0,0.0,1.0,ok,,cap_dem_v1
icefall,78,Daily Dose of Luck - Pinnistal,47.07649,11.347103,DGM_Tirol_5m_epsg31254_2006_2020,5.0,2148.677978515625,0.3031932916140954,low,0.5436631112629609,0.18505826781097484,0.0,0.49436354827880863,0.31238943069193453,0.0,-141.2846875099317,384.0726318359375,698.1810302734375,0.4725065575926195,331.7025,3.47342474853974,1.0,ok,,cap_dem_v1
icefall,789,Venediger NO-Flanke,47.1121,12.3445,DGM_Tirol_5m_epsg31254_2006_2020,5.0,3337.22802734375,0.06021755912907169,low,0.17578410217790785,0.0,0.0,0.10847689056396484,0.0,0.0,-52.01193967768586,142.39594726562518,424.1494140625,0.5609660433601679,157.3,0.0,1.0,ok,,cap_dem_v1
icefall,79,Das 3. Leben - Groáglockner,47.0717,12.6921,DGM_Tirol_5m_epsg31254_2006_2020,5.0,3347.810791015625,0.07421035258376966,low,0.17881520489074268,0.0,0.0,0.19671034240722665,0.0,0.0,9.246766295439556,154.3601318359374,477.053955078125,0.8214339355921721,114.875,0.0,1.0,ok,,cap_dem_v1
icefall,8,Vorsaison,47.17457496,10.91958106,DGM_Tirol_5m_epsg31254_2006_2020,5.0,1197.489990234375,0.36972005644086164,low,0.9812812209515075,0.11225721166711454,0.0,0.5269420700073242,0.11529425190071695,0.0,20.929773149017365,707.4563964843751,347.79998779296875,0.4440069476641593,313.53,0.7383338260509167,1.0,ok,,cap_dem_v1
icefall,80,Das fnfte Element,47.3727,11.3587,DGM_Tirol_5m_epsg31254_2006_2020,5.0,1176.6590576171875,0.47181563063113197,medium,1.0,0.5157489902674479,0.0,0.6191892204284668,0.0,0.0,-119.24863899042771,826.112841796875,125.8651123046875,0.17194886454086752,408.79,0.0,1.0,ok,,cap_dem_v1
icefall,809,Weißkugel Nordwand,46.7998,10.7246,DGM_Tirol_5m_epsg31254_2006_2020,5.0,3446.881103515625,0.025440985029826422,low,0.07521823852018458,0.0,0.0,0.04424283599853517,0.0,0.0,-22.74644794987171,78.51958007812482,430.071044921875,0.9284323036556509,49.91,0.0,1.0,ok,,cap_dem_v1
icefall,81,Das letzte Einhorn,47.09244868,10.81863642,DGM_Tirol_5m_epsg31254_2006_2020,5.0,1550.6219482421875,0.46139379598733815,medium,0.9905404443556999,0.20531577546357094,0.0,0.5477726097106934,0.5350923305061094,0.0,-80.65726650082934,701.6810302734375,297.9249267578125,0.34701998671243495,331.07,12.016147989452497,1.0,ok,,cap_dem_v1
icefall,812,White Magic (Direct),47.1389587,11.8209036,DGM_Tirol_5m_epsg31254_2006_2020,5.0,813.885009765625,0.5850095267972655,medium,1.0,0.8,0.05370151029095344,0.8284614982604981,0.0,0.0,-247.09894088262058,795.5621826171875,157.45001220703125,0.06856083147653515,550.35,0.0,1.0,ok,,cap_dem_v1
icefall,82,Der Grawa-Gully (Botanikerkamin),47.0158,11.1943,DGM_Tirol_5m_epsg31254_2006_2020,5.0,1487.884033203125,0.8162639972300961,high,1.0,0.8338660636549796,0.3099993198813164,0.971984115600586,1.0,0.16933031827489764,-175.36794726141284,819.1707763671875,90.175048828125,0.04545517451354867,546.6725,256.0454731114026,1.0,ok,,cap_dem_v1
icefall,829,"Zugspitze Nordwand, ""Gazert/Völcker"", ""1.Mai""",47.43027,10.9921509,DGM_Tirol_5m_epsg31254_2006_2020,5.0,2090.553955078125,0.2508355720266941,low,0.7363145750940812,0.0,0.0,0.44504618835449217,0.0,0.0,-22.80649767584282,539.385009765625,757.157958984375,0.5666666666666667,269.5325,0.0,1.0,ok,,cap_dem_v1
icefall,84,Der weiáe Hai - Innergschl”á,47.1276686,12.4607334,DGM_Tirol_5m_epsg31254_2006_2020,5.0,1755.1795654296875,0.6686789066964914,medium,0.8967298758370537,0.6876726489896836,0.0,0.817188503265381,1.0,0.0,-132.11478828606937,627.7109130859376,218.49072265625,0.13731229672687012,463.2875,193.31633014978718,1.0,ok,,cap_dem_v1
icefall,85,Die Kohlebagger von Ltzerath - Maningkogel,47.19245827,10.96333822,DGM_Tirol_5m_epsg31254_2006_2020,5.0,2572.64599609375,0.08471778677505912,low,0.2116868239823896,0.0,0.0,0.1896803131103516,0.02229355875272651,0.0,34.87294491904231,171.98291015625,398.18603515625,0.6479219296120704,154.97,0.11283992427113608,1.0,ok,,cap_dem_v1
icefall,86,Die Linken Zwerge,47.0163,11.199,DGM_Tirol_5m_epsg31254_2006_2020,5.0,1577.510986328125,0.6960500676516205,medium,1.0,0.6855597699656125,0.0,0.8310675010681152,1.0,0.0,-121.50647337251098,773.203125,197.0460205078125,0.09904785629272883,461.4475,236.19236296844392,1.0,ok,,cap_dem_v1
icefall,87,Die Uralte,47.45578459,11.98940992,DGM_Tirol_5m_epsg31254_2006_2020,5.0,573.406005859375,0.4297044649663646,medium,0.6541343470982143,0.6692950655779132,0.0,0.6589807453155518,0.0,0.0,-178.8942558354097,457.89404296875,56.8790283203125,0.23014703338522746,479.7575,0.0,1.0,ok,,cap_dem_v1
icefall,88,D”rnr”schen - Kraspestal,47.191333,11.066194,DGM_Tirol_5m_epsg31254_2006_2020,5.0,2001.7860107421875,0.5701628637582765,medium,0.8141734444754463,0.7380103345797352,0.0,0.8561491470336915,0.3579636462628496,0.0,-113.1432068774584,569.9214111328124,255.614013671875,0.09557256345669445,498.4275,4.566233817604079,1.0,ok,,cap_dem_v1
icefall,89,Domenicus,47.1147,11.1405,DGM_Tirol_5m_epsg31254_2006_2020,5.0,1847.865966796875,0.6334708733331511,medium,0.9946236746651785,0.5268762394132758,0.0,0.687305965423584,1.0,0.0,-102.09000664299015,696.236572265625,198.801025390625,0.1423942842901055,422.39,161.4673874276579,1.0,ok,,cap_dem_v1
icefall,9,Golden Shower,47.15611614,10.9050394,DGM_Tirol_5m_epsg31254_2006_2020,5.0,1097.0799560546875,0.3783718058408675,low,0.9859327264701628,0.16013651429249776,0.0,0.5335684967041016,0.07879480763058055,0.0,-82.49935278962653,736.3280029296875,173.61297607421875,0.43856432115252875,322.2225,0.4591927815581697,1.0,ok,,cap_dem_v1
icefall,90,Dopey - Grawa Eisgarten,47.0158,11.1931,DGM_Tirol_5m_epsg31254_2006_2020,5.0,1487.134033203125,0.8240378780752166,high,1.0,0.8534341081747226,0.3288081750261489,0.966118106842041,1.0,0.26717054087361325,-170.0703502049471,808.56396484375,85.8809814453125,0.044539623450938606,550.875,265.89593551882047,1.0,ok,,cap_dem_v1
icefall,91,Drachenfels Mixedwand Bergisel,47.246,11.40069,DGM_Tirol_5m_epsg31254_2006_2020,5.0,691.8040161132812,0.09981443292474593,low,0.2211136097746735,0.08860592078295279,0.0,0.1492303352355957,0.0,0.11679158667103029,1.729168200631193,162.0545593261719,116.86700439453125,0.34398677027185987,268.8,0.0,1.0,ok,,cap_dem_v1
icefall,92,Drecksau - Defreggental,46.9177334,12.4287316,DGM_Tirol_5m_epsg31254_2006_2020,5.0,1318.7972412109375,0.48759916025810723,medium,0.888850411551339,0.6230450337548756,0.00745369364000648,0.7208970680236817,0.0,0.17701544554938464,-96.12610232501584,622.1952880859374,78.2213134765625,0.11841813853053541,437.005,0.0,1.0,ok,,cap_dem_v1
icefall,93,Easy Afternoon - Lsens,47.1152757,11.1409144,DGM_Tirol_5m_epsg31254_2006_2020,5.0,1851.281005859375,0.6275605156267798,medium,0.9988169642857143,0.5038571584631044,0.0,0.679279899597168,1.0,0.0,-101.49251092655732,699.171875,204.8900146484375,0.16580508093369595,413.2275,153.48543414316657,1.0,ok,,cap_dem_v1
icefall,94,Easy Day,47.1149,11.1405,DGM_Tirol_5m_epsg31254_2006_2020,5.0,1840.1090087890625,0.6391131597436859,medium,1.0,0.5400684890418823,0.0,0.6939735832214355,1.0,0.0,-105.5423444513549,701.2850341796875,192.2509765625,0.13788521561001266,426.4125,158.12527318869658,1.0,ok,,cap_dem_v1
icefall,95,Eibergfall,47.54338492,12.18181293,DGM_Tirol_5m_epsg31254_2006_2020,5.0,762.7050170898438,0.10217812739222609,low,0.28342835582134573,0.0,0.0,0.20880692291259773,0.0,0.0,6.852719125696467,213.54095458984375,231.3699951171875,0.4739832391023024,230.65,0.0,1.0,ok,,cap_dem_v1
icefall,96,Eintagsfliege,47.10936,10.80075,DGM_Tirol_5m_epsg31254_2006_2020,5.0,1374.8289794921875,0.38971837496277534,low,0.7387578996930805,0.39236056035885764,0.0,0.631550552368164,0.08137451396377467,0.0,-54.168098723484036,517.1305297851563,249.72802734375,0.23173027672799257,382.9725,0.477357656265539,1.0,ok,,cap_dem_v1
icefall,97,Eisarena Brunnalm,46.885,12.3509,DGM_Tirol_5m_epsg31254_2006_2020,5.0,2043.4775390625,0.44187401861301534,medium,0.906201102120536,0.510911808879377,0.0,0.583971939086914,0.0,0.0,-96.96926236563513,634.3407714843752,295.08642578125,0.17634643729543079,425.92,0.0,1.0,ok,,cap_dem_v1
icefall,98,Eisarena Umbaltal - Sektor Flying Dutchman,47.011,12.2867,DGM_Tirol_5m_epsg31254_2006_2020,5.0,1744.1317138671875,0.7382899444763348,high,1.0,0.7993554566162766,0.0,0.9230072021484375,1.0,0.0,-196.3852678494577,822.3435302734374,243.53759765625,0.07528117105581894,540.8125,141.264309064984,1.0,ok,,cap_dem_v1
icefall,99,Eisarena Umbaltal - Sektor Rockmaster,47.011,12.2867,DGM_Tirol_5m_epsg31254_2006_2020,5.0,1744.1317138671875,0.7382899444763348,high,1.0,0.7993554566162766,0.0,0.9230072021484375,1.0,0.0,-196.3852678494577,822.3435302734374,243.53759765625,0.07528117105581894,540.8125,141.264309064984,1.0,ok,,cap_dem_v1
station,NSGS1,Schaufeljoch,46.9772,11.1109,DGM_Tirol_5m_epsg31254_2006_2020,5.0,3166.615966796875,0.018559210397273464,low,0.0,0.046731064280659276,0.0,0.0,0.045842962180724305,0.23365532140329637,78.67286398243141,-31.18496093749991,499.5849609375,0.9587849341804743,16.5775,0.24589387552671396,1.0,ok,,cap_dem_v1
station,ISEE1,Hafelekar,47.312079,11.383623,DGM_Tirol_5m_epsg31254_2006_2020,5.0,2279.37109375,0.0012709098815917974,low,0.0,0.0,0.0,0.008472732543945316,0.0,0.0,166.84842584380021,-29.12109375,876.7200927734375,0.920203159489887,24.8475,0.0,1.0,ok,,cap_dem_v1
station,SBAR2,Bartiges Bödele,46.961931,10.983463,DGM_Tirol_5m_epsg31254_2006_2020,5.0,2105.507080078125,0.2925746857859012,low,0.3787566923008058,0.07136689113603777,0.0,0.32585777282714845,0.8744341600174539,0.3568344556801888,44.550141420186264,280.10595703125,608.590087890625,0.4565039862695161,255.5775,65.2611052582724,1.0,ok,,cap_dem_v1
station,SLBU2,Burgbach Mauchele,47.1000000304375,10.7950000100758,DGM_Tirol_5m_epsg31254_2006_2020,5.0,2087.2919921875,0.18536868450349797,low,0.3366493705518086,0.03221948508886723,0.0,0.2853565216064453,0.3356532823490814,0.16109742544433614,102.75385012064498,256.6436035156253,903.208984375,0.5529437001771479,216.3425,4.0014248312465375,1.0,ok,,cap_dem_v1
station,SFES1,Festkogel,46.853977,11.051768,DGM_Tirol_5m_epsg31254_2006_2020,5.0,2998.362060546875,0.07616630267820987,low,0.0,0.0,0.0,0.0,0.5077753511880658,0.0,227.92405074611997,-121.799560546875,731.2021484375,0.9869392783726355,0.335,10.417922026432803,1.0,ok,,cap_dem_v1
station,TODO,Krinnenalpe Schneestation,47.4796083,10.5890528,DGM_Tirol_5m_epsg31254_2006_2020,5.0,1523.8489990234375,0.1655159632486206,low,0.3830564911591763,0.09376898445493508,0.0,0.3087306289672852,0.0,0.46884492227467534,-25.0773946062684,280.779052734375,403.488037109375,0.5081351169920483,268.605,0.0,1.0,ok,,cap_dem_v1
station,TODO2,Krinnenspitze,47.4742722,10.5845722,DGM_Tirol_5m_epsg31254_2006_2020,5.0,1989.510009765625,0.0,low,0.0,0.0,0.0,0.0,0.0,0.0,204.42259580751625,-171.3174072265624,806.1510009765625,0.9999308054248547,0.0,0.0,1.0,ok,,cap_dem_v1
station,HHAH1,Hahnenkamm Windstation,47.4765333333333,10.6409611111111,DGM_Tirol_5m_epsg31254_2006_2020,5.0,1884.072998046875,0.008632597443169604,low,0.0,0.034530389772678416,0.0,0.0,0.0,0.17265194886339208,144.71297414352534,-81.074951171875,766.3809814453125,0.9650471596924759,5.24,0.0,1.0,ok,,cap_dem_v1
station,LBRE2,Breiter Grieskogel Schneestation,47.0839527777778,11.0273833333333,DGM_Tirol_5m_epsg31254_2006_2020,5.0,2386.198974609375,0.331895534416485,low,0.447413444804456,0.07047548985492606,0.0,0.37207596588134767,0.9774127057962492,0.3523774492746303,2.505165990885871,332.775146484375,818.7149658203125,0.5618623773203583,247.6,107.57776166010434,1.0,ok,,cap_dem_v1
station,NNOW1,Nockwand Wind,47.0368417,11.1746533,DGM_Tirol_5m_epsg31254_2006_2020,5.0,3091.18603515625,0.023803788811848123,low,0.0,0.0,0.0,0.0,0.15869192541232083,0.0,321.2131129167683,-183.81494140625,959.30810546875,0.9904568794895572,1.1325,1.1405295154554371,1.0,ok,,cap_dem_v1
station,KUET1,Kühtai Hochalter,47.231557,11.030122,DGM_Tirol_5m_epsg31254_2006_2020,5.0,2676.638916015625,0.0,low,0.0,0.0,0.0,0.0,0.0,0.0,189.74856727142333,-113.37065429687482,676.9478759765625,0.9805444239114637,4.1775,0.0,1.0,ok,,cap_dem_v1
station,AXLIZ1,Speicherteich Axamer Lizum,47.1801049847685,11.2880109778398,DGM_Tirol_5m_epsg31254_2006_2020,5.0,2102.076904296875,0.1778766977193102,low,0.3364790021207886,0.19352280828770227,0.0,0.30250830078125,0.0,0.4907613984424116,-68.24388008525739,244.0995117187499,450.036865234375,0.5462873907598204,284.7625,0.0,1.0,ok,,cap_dem_v1
station,MIOG1,Bunköpfl,46.983181,12.584813,DGM_Tirol_5m_epsg31254_2006_2020,5.0,2413.93212890625,0.04870709645970367,low,0.13031199789936154,0.0,0.0,0.1075273132324219,0.0,0.0,197.84907096934785,116.18547363281232,971.8995361328125,0.7374314821992137,98.62,0.0,1.0,ok,,cap_dem_v1
station,SGIG2,Giggijoch,46.972983,10.966994,DGM_Tirol_5m_epsg31254_2006_2020,5.0,2448.37109375,0.30902087782742627,low,0.3630892191444853,0.16007161393041217,0.0,0.304806510925293,0.883397952799386,0.7328765763663028,3.71807357941816,265.4922119140624,512.234130859375,0.4827087442472058,272.33,68.1716813648365,1.0,ok,,cap_dem_v1
station,KADL1,Kals Adlersruhe (Erzherzog-Johann-Hütte),47.069906,12.701532,DGM_Tirol_5m_epsg31254_2006_2020,5.0,3450.739990234375,0.014382537677181416,low,0.02561207514720223,0.0,0.0,0.05319679260253907,0.0,0.0,168.81472111253652,28.74062499999991,665.625244140625,0.9086390444749435,37.705,0.0,1.0,ok,,cap_dem_v1
station,SVZI2,St Veit Zischke,46.937354,12.422188,DGM_Tirol_5m_epsg31254_2006_2020,5.0,2118.7509765625,0.21899629525983272,low,0.569568164528298,0.047582786575525504,0.0,0.4240728378295898,0.0073175453962559525,0.23791393287762752,26.490378408773267,415.1868164062498,742.446533203125,0.4859148105593931,277.1125,0.035716455762809275,1.0,ok,,cap_dem_v1
station,TTUX2,Tuxerjoch Schneestation,47.093149,11.648053,DGM_Tirol_5m_epsg31254_2006_2020,5.0,2391.092041015625,0.1805638057207317,low,0.03449532838200905,0.08026238473529274,0.0,0.012495849609375024,1.0,0.4013119236764636,55.78537790840528,34.81396484375,528.76708984375,0.8442213838219514,57.265,151.57095884524566,1.0,ok,,cap_dem_v1
station,SLRI2,Rifflsee Talstation Grubenkopf,46.96259,10.852025,DGM_Tirol_5m_epsg31254_2006_2020,5.0,2233.797119140625,0.3447794890312773,low,0.4020943335176386,0.1646895085327637,0.0,0.3538901901245117,1.0,0.7257255883928397,-36.079344043023866,299.5247070312498,557.1871337890625,0.48508190934950063,245.5175,186.58212121957266,1.0,ok,,cap_dem_v1
station,GGAL2,Gallreideschrofen,47.052267,11.335489,DGM_Tirol_5m_epsg31254_2006_2020,5.0,2180.257080078125,0.1999497409983798,low,0.3395970145272215,0.0,0.0,0.34671122741699223,0.4202920216935039,0.0,159.0080984847648,266.059814453125,939.5960693359375,0.6241096952371723,187.005,6.505473122172273,1.0,ok,,cap_dem_v1
station,PESE1,Kreuzspitze,47.046708,12.358958,DGM_Tirol_5m_epsg31254_2006_2020,5.0,3150.958984375,0.0,low,0.0,0.0,0.0,0.0,0.0,0.0,268.7942781926631,-189.0304199218749,935.608642578125,0.9925263653223351,0.0475,0.0,1.0,ok,,cap_dem_v1
station,KWEL2,Weisssee LWD,46.8729059674426,10.7143950117534,DGM_Tirol_5m_epsg31254_2006_2020,5.0,2464.31103515625,0.47967521786312384,medium,0.4400182059151783,0.6165820322975707,0.0,0.43683438873291014,1.0,0.7587943207142328,-38.49466788119889,308.0127441406248,282.965087890625,0.1841664474868146,409.2125,470.67341335518586,1.0,ok,,cap_dem_v1
station,NFRA2,Franz-Senn-Hütte Kl Horntal,47.0960000187559,11.1623888694066,DGM_Tirol_5m_epsg31254_2006_2020,5.0,2574.716064453125,0.3292691653546206,low,0.3536436296244343,0.15954454760215347,0.0,0.33981414031982426,1.0,0.44450761737681155,-64.45932106169812,257.453857421875,587.7900390625,0.5066291155182197,279.155,134.13244537010303,1.0,ok,,cap_dem_v1
station,KZWO1,Zwölferkogel,47.190165,11.010845,DGM_Tirol_5m_epsg31254_2006_2020,5.0,2988.35498046875,0.0,low,0.0,0.0,0.0,0.0,0.0,0.0,331.42436524817595,-188.14892578125,1006.79296875,0.9982075504342711,0.0,0.0,1.0,ok,,cap_dem_v1
station,NSGE2,Eissee,46.994833,11.119766,DGM_Tirol_5m_epsg31254_2006_2020,5.0,2619.1669921875,0.3756336558926483,low,0.35868033936639043,0.359503029931742,0.0,0.30725209045410157,1.0,0.7531758410524612,-25.734695277962146,254.677001953125,336.19091796875,0.34579232249401276,322.0875,358.32563187355584,1.0,ok,,cap_dem_v1
station,KGRI2,Griesneralm LWD,47.5808888888889,12.3295,DGM_Tirol_5m_epsg31254_2006_2020,5.0,1024.7159423828125,0.5647208207886454,medium,0.9411228724888393,0.8098429942195781,0.0015029707759055388,0.8445250663757324,0.0,0.4146865958527338,-68.1054030835121,658.7860107421875,175.846923828125,0.1121831029781226,488.7725,0.0,1.0,ok,,cap_dem_v1
station,IMOS1,Mosesgipfel Windstation,46.820923,12.336998,DGM_Tirol_5m_epsg31254_2006_2020,5.0,1513.62939453125,0.5287868382945248,medium,0.7884702148437502,0.7894532709308891,0.09486307857805508,0.7688890075683594,0.0,0.4525121579331358,-99.08570924698643,551.9291503906252,113.6702880859375,0.08910822558764085,483.8575,0.0,1.0,ok,,cap_dem_v1
station,MIOH2,Hochgasser Schneestation,47.1475,12.5175,DGM_Tirol_5m_epsg31254_2006_2020,5.0,2722.49853515625,0.06633880863129411,low,0.03507474701131116,0.09327587828454648,0.0,0.04139166259765627,0.18694935278454175,0.4663793914227323,25.920017269156233,37.3211669921875,573.30224609375,0.9987114547231849,46.2575,1.4511809739217005,1.0,ok,,cap_dem_v1
station,SSON1,Zirmkogel Windstation,46.8813861111111,10.9887833333333,DGM_Tirol_5m_epsg31254_2006_2020,5.0,3272.922119140625,0.002984642623007619,low,0.0,0.0,0.0,0.0,0.01989761748671746,0.0,222.32308695820075,-143.8257812500001,791.88916015625,0.9915207896394432,0.2275,0.100126095847007,1.0,ok,,cap_dem_v1
station,KTRI1,Tristecken Griesneralm Windstation,47.588411,12.316122,DGM_Tirol_5m_epsg31254_2006_2020,5.0,1698.4219970703125,0.0,low,0.0,0.0,0.0,0.0,0.0,0.0,178.16723514188266,-50.66414794921866,711.2119750976562,0.964951735114002,13.0,0.0,1.0,ok,,cap_dem_v1
station,SROS1,Rosshütte Windstation,47.342025,11.227903,DGM_Tirol_5m_epsg31254_2006_2020,5.0,1745.6429443359375,0.1207378766775386,low,0.2704398228658688,0.07278328266020355,0.0,0.23288066864013673,0.0,0.36391641330101776,95.94935252411028,215.25810546875005,707.77490234375,0.6093902498113782,172.165,0.0,1.0,ok,,cap_dem_v1
station,EERF2,Erfurter Hütte,47.441861,11.762127,DGM_Tirol_5m_epsg31254_2006_2020,5.0,1815.946044921875,0.10905148814120277,low,0.23501705100555212,0.05655939182415151,0.0,0.24104918289184576,0.0,0.28279695912075753,91.2860064824506,177.8371826171874,700.717041015625,0.4981277037549749,225.25,0.0,1.0,ok,,cap_dem_v1
station,FSEE2,Schlicker Alm,47.154432,11.303207,DGM_Tirol_5m_epsg31254_2006_2020,5.0,1641.094970703125,0.4958796906495462,medium,0.666383405412947,0.8533398638685873,0.0,0.772992488861084,0.0,0.5807667311507789,-101.34529334610602,466.46838378906295,189.2259521484375,0.10511489479512735,501.11,0.0,1.0,ok,,cap_dem_v1
station,SLSE1,Seirlöcher Kogel,47.0339,10.8528,DGM_Tirol_5m_epsg31254_2006_2020,5.0,2256.16796875,0.2435852029337045,low,0.27706588267121,0.0,0.0,0.2052775573730469,0.9568473243996332,0.0,114.98768225825324,219.7900390625,845.5899658203125,0.6446770074129446,175.205,97.38017910765323,1.0,ok,,cap_dem_v1
station,AKLE1,Saupanzen,47.365126,12.00693,DGM_Tirol_5m_epsg31254_2006_2020,5.0,1955.4930419921875,0.021258107930444088,low,0.0,0.07661409828671775,0.0,0.014030555725097664,0.0,0.38307049143358873,171.31238570682922,-59.972241210937455,757.906005859375,0.921290528006202,18.88,0.0,1.0,ok,,cap_dem_v1
station,SKRE1,Sölden Kreuzspitze,46.816395,10.870003,DGM_Tirol_5m_epsg31254_2006_2020,5.0,3448.9169921875,0.0,low,0.0,0.0,0.0,0.0,0.0,0.0,262.53170652540075,-214.83837890625,814.569091796875,1.0,0.0,0.0,1.0,ok,,cap_dem_v1
station,ABRA2,Alpbach Wiedersberger Horn,47.3683333333333,11.925,DGM_Tirol_5m_epsg31254_2006_2020,5.0,1840.572021484375,0.05194893006372874,low,0.09380942210542258,0.07627359825935567,0.0,0.06285449981689455,0.0,0.38136799129677834,40.19207321621411,84.63481445312505,595.4010009765625,0.7790808701428097,93.375,0.0,1.0,ok,,cap_dem_v1
station,SVVO2,Vorderegg,46.8735999798742,10.9211000089129,DGM_Tirol_5m_epsg31254_2006_2020,5.0,2144.797119140625,0.4844741025340932,medium,0.7378430866959254,0.2787274918364434,0.0,0.5355430526733398,1.0,0.34083128872868007,29.08341287903886,520.419921875,332.64306640625,0.2936010298147994,334.805,518.0218993538808,1.0,ok,,cap_dem_v1
station,NSCH1,Schöckbichl,47.027353,11.178164,DGM_Tirol_5m_epsg31254_2006_2020,5.0,2461.2119140625,0.32085516750922793,low,0.45293270653317846,0.03243039514435828,0.0,0.330095947265625,1.0,0.1621519757217914,58.01403872734818,342.9676513671875,888.23388671875,0.5704440723468441,224.415,268.80342845071067,1.0,ok,,cap_dem_v1
station,GGAL1,Kalkwand,47.053101,11.325632,DGM_Tirol_5m_epsg31254_2006_2020,5.0,2447.093017578125,0.06460529195769217,low,0.0,0.0,0.0,0.03158177185058591,0.3991201745340286,0.0,164.66001163835972,-15.676025390625,1025.321044921875,0.9274983218806009,37.59,5.780811327304484,1.0,ok,,cap_dem_v1
station,KAUN1,Roter Schrofen,47.04,10.7181,DGM_Tirol_5m_epsg31254_2006_2020,5.0,2699.97998046875,0.010580979040831133,low,0.0,0.006008706797893892,0.0,0.0,0.0605253489423844,0.030043533989469462,232.4590231736288,-156.07124023437518,942.490966796875,0.9968304717614411,0.0525,0.33678422308296185,1.0,ok,,cap_dem_v1
station,MIOG2,Goldried Kessel,46.9900139,12.584625,DGM_Tirol_5m_epsg31254_2006_2020,5.0,2081.165771484375,0.19520795723067666,low,0.46453448926251395,0.08738472369339578,0.0,0.38152102661132814,0.0,0.30825424107580435,-67.93507295753307,336.889892578125,499.6771240234375,0.5714008859357697,285.28,0.0,1.0,ok,,cap_dem_v1
station,TWAN2,Wandspitze Schneestation,47.121858,11.661969,DGM_Tirol_5m_epsg31254_2006_2020,5.0,2467.513916015625,0.134188168300693,low,0.02642441177203314,0.012604629388304533,0.0,0.051014404296874996,0.7785249824405156,0.06302314694152267,152.60826109977734,26.883056640625,925.43994140625,0.8587792335430466,55.405,40.831211617012855,1.0,ok,,cap_dem_v1
station,NELF2,Elferspitze Schneestation,47.0732500118197,11.2909055472649,DGM_Tirol_5m_epsg31254_2006_2020,5.0,2142.35400390625,0.2728686373621702,low,0.48579487326890075,0.07431079459591594,0.0,0.42368216705322265,0.4619326355865512,0.20901846524951428,25.068293952191198,351.737060546875,929.321044921875,0.4467351811481366,287.9225,8.164452729803218,1.0,ok,,cap_dem_v1
station,SVVO1,Marchkofel,46.89172,10.938071,DGM_Tirol_5m_epsg31254_2006_2020,5.0,2523.75390625,0.26673540749047764,low,0.3219301553525356,0.0,0.0,0.2416857910156251,1.0,0.0,77.97397449671962,245.85009765625,804.368896484375,0.5795537104307213,214.3175,409.81379224679904,1.0,ok,,cap_dem_v1
station,SDAW2,Dawinalpe,47.1503195001747,10.462350017993,DGM_Tirol_5m_epsg31254_2006_2020,5.0,1912.6590576171875,0.3048156168474781,low,0.5910471876129434,0.15773666379273424,0.0,0.4344946823120117,0.34963634432837987,0.5242497238928805,-11.555771591326675,430.5679931640625,529.4620361328125,0.4837209624180858,278.1175,4.34832097138827,1.0,ok,,cap_dem_v1
station,NELF1,Elferspitze Windstation,47.0827111111111,11.3134638888889,DGM_Tirol_5m_epsg31254_2006_2020,5.0,2441.092041015625,0.047000461807223025,low,0.0,0.0,0.0,0.0,0.3133364120481535,0.0,221.73696815896392,-104.823974609375,926.906005859375,0.9579262047775902,5.8,3.4937871185486093,1.0,ok,,cap_dem_v1
station,SSLA2,Lampsenspitze Schneestation,47.153491,11.120722,DGM_Tirol_5m_epsg31254_2006_2020,5.0,2113.781982421875,0.2919294730168317,low,0.5081962470702355,0.0592929182784113,0.0,0.3904109497070313,0.6099702614907687,0.2964645913920565,19.557227563581364,373.0465576171873,565.9539794921875,0.5170676686526472,266.4275,17.639623548407144,1.0,ok,,cap_dem_v1
station,TTUX1,Tuxerjoch Windstation,47.089717,11.648987,DGM_Tirol_5m_epsg31254_2006_2020,5.0,2517.048095703125,0.1564775436244587,low,0.0,0.0220277434675614,0.0,0.006470718383789098,1.0,0.110138717337807,178.50440576712617,-58.30979003906259,661.22607421875,0.9159335220704787,19.41,126.93460272053684,1.0,ok,,cap_dem_v1
station,NFRA1,Franz-Senn-Hütte Horntaler Spitzl,47.099611,11.15541667,DGM_Tirol_5m_epsg31254_2006_2020,5.0,2858.576904296875,0.10716438300145882,low,0.0,0.0,0.0,0.016651290893554722,0.6977779291161708,0.0,145.51673762942346,-5.3740234375,743.81494140625,0.8752906654855498,38.9,27.4002172669156,1.0,ok,,cap_dem_v1
station,16,Brenner,47.00722,11.51083,DGM_Tirol_5m_epsg31254_2006_2020,5.0,1409.43896484375,0.43532038109841964,medium,0.5769377092633932,0.729658738533144,0.0,0.6357612609863281,0.08871386667557445,0.5624431150186566,-86.54120212009752,403.8563964843752,98.532958984375,0.12444180885378761,391.5175,0.530283669416002,1.0,ok,,cap_dem_v1
station,20,Ehrwald,47.40417,10.92,DGM_Tirol_5m_epsg31254_2006_2020,5.0,981.5830078125,0.3255562853172739,low,0.2104314181971742,0.44913612675004905,0.6846499592313807,0.1582293815612793,0.0,1.0,-11.849289179512766,155.03835449218764,38.06597900390625,0.01580765051527127,260.9975,0.0,1.0,ok,,cap_dem_v1
station,39,Innsbruck Universität,47.25986,11.38425,DGM_Tirol_5m_epsg31254_2006_2020,5.0,577.0830078125,0.3083190454229673,low,0.10048358337305431,0.3297974687123558,0.9522111680772569,0.06871032524108886,0.0,1.0,0.3951627261537851,85.32021484375014,8.60198974609375,0.0,124.42,0.0,1.0,ok,,cap_dem_v1
station,42,Jenbach,47.38878,11.75814,DGM_Tirol_5m_epsg31254_2006_2020,5.0,529.5850219726562,0.5089331684129713,medium,0.6843931841195846,0.3536009961003619,0.9668219672309027,0.3738015327453613,0.0,1.0,-46.04431429039528,501.42547607421875,5.9720458984375,0.0,269.305,0.0,1.0,ok,,cap_dem_v1
station,43,Kals,47.00478,12.6465,DGM_Tirol_5m_epsg31254_2006_2020,5.0,1349.9105224609375,0.510140298707198,medium,0.6401421944754465,0.7536167954671114,0.26624032556870936,0.6263694534301758,0.09664712062193527,0.8335004674475147,-42.18793205131442,448.09953613281255,82.7620849609375,0.06085855265434363,438.645,0.5896269202348591,1.0,ok,,cap_dem_v1
station,47,Krimml,47.22911,12.18197,DGM_AT_5m_epsg31287,5.000000000000002,1006.8562622070312,0.3328853353109522,low,0.4651479411210339,0.4787590920826725,0.0,0.4243634796142578,0.22169370045257944,0.8688105994727651,-36.58784073772313,327.39786376953134,102.384765625,0.19113525483547283,338.90500000000026,1.8956121882198813,0.95,ok,,cap_dem_v1
station,55,Lienz,46.82555,12.80639,DGM_Tirol_5m_epsg31254_2006_2020,5.0,659.1183471679688,0.3125258736803663,low,0.01442702013303279,0.46270663951898783,0.9662122938368055,0.0,0.0,1.0,-0.7319979141856265,17.610198974609375,6.081787109375,0.0,27.8175,0.0,1.0,ok,,cap_dem_v1
station,61,Mayrhofen,47.1625,11.85139,DGM_Tirol_5m_epsg31254_2006_2020,5.0,637.8809814453125,0.6717909099782085,medium,0.7529542759486607,0.797049865591129,0.8892388237847222,0.6096644592285156,0.09994960634692875,0.8867723382095508,-72.05019672546894,527.0679931640625,19.93701171875,0.0,383.3275,0.6150039090800876,1.0,ok,,cap_dem_v1
station,76,Reutte,47.49444,10.71528,DGM_Tirol_5m_epsg31254_2006_2020,5.0,841.0380249023438,0.32457125483605964,low,0.012076431643708288,0.5178397183428914,0.9604610866970487,0.0,0.0,1.0,-3.1540820951091746,15.48699951171875,7.11700439453125,0.0,23.51,0.0,1.0,ok,,cap_dem_v1
station,82,Rudolfshütte,47.13492,12.62594,DGM_AT_5m_epsg31287,5.000000000000002,2318.004638671875,0.23086596708928758,low,0.15025232855821233,0.104172574955188,0.0,0.11506494140624998,1.0,0.52086287477594,83.76812897834952,123.799072265625,378.7003173828125,0.5544718261110342,144.3550000000001,326.6909801185808,0.95,ok,,cap_dem_v1
station,121,Nauders,46.89111,10.49694,DGM_Tirol_5m_epsg31254_2006_2020,5.0,1328.31298828125,0.43433236253064966,medium,0.46959141322544645,0.754537226828859,0.2641372897841582,0.5031516304016113,0.0,0.8215279865517656,-49.07129334700039,328.7139892578125,89.0809326171875,0.05724786644240952,453.06,0.0,1.0,ok,,cap_dem_v1
station,126,Haiming,47.25972,10.88944,DGM_Tirol_5m_epsg31254_2006_2020,5.0,658.02099609375,0.5521510351697168,medium,0.5643767160025586,0.6180521206025507,0.9492557101779514,0.44461789321899414,0.0,1.0,-2.759869440174839,431.48319091796884,9.13397216796875,0.0,213.0275,0.0,1.0,ok,,cap_dem_v1
station,127,Rinn,47.24917,11.50389,DGM_Tirol_5m_epsg31254_2006_2020,5.0,923.7490234375,0.2436042407873158,low,0.5033951319968865,0.25828587839358763,0.0,0.3545599212646484,0.0,0.9187467640531162,-25.425339342548796,370.70718994140634,164.90203857421875,0.37193674521609743,261.6925,0.0,1.0,ok,,cap_dem_v1
station,129,Lofer Ort,47.58444,12.69528,DGM_AT_5m_epsg31287,5.000000000000002,622.1323852539062,0.43214841740809207,medium,0.32177140800747783,0.6699243225097656,0.7210415461129915,0.26677450370788575,0.0,1.0,-10.720376858097097,242.70639648437532,39.68310546875,0.009004831185370783,229.21500000000015,0.0,0.95,ok,,cap_dem_v1
station,130,Sillian,46.74644,12.42358,DGM_Tirol_5m_epsg31254_2006_2020,5.0,1078.62939453125,0.5763417471871922,medium,0.4629291643415179,0.7686643897894669,0.9733717176649306,0.4917934341430664,0.0,1.0,-26.86877312197248,324.0504150390625,4.7930908203125,0.0,409.6475,0.0,1.0,ok,,cap_dem_v1
station,136,Umhausen,47.13917,10.92889,DGM_Tirol_5m_epsg31254_2006_2020,5.0,1032.844970703125,0.32202879033410065,low,0.4548310119065508,0.5045160104181418,0.0,0.41231080245971685,0.13563609589313358,1.0,-17.018469520374538,326.435546875,79.511962890625,0.22158473538144244,302.745,0.916464929305126,1.0,ok,,cap_dem_v1
station,138,Prutz,47.06861,10.66472,DGM_Tirol_5m_epsg31254_2006_2020,5.0,869.114990234375,0.6353802070431848,medium,0.6744875313895088,0.766338775620985,0.9502946641710069,0.5674313163757325,0.0,0.860180804067028,-76.80970916199203,472.1412719726561,8.94696044921875,0.0,398.495,0.0,1.0,ok,,cap_dem_v1
station,139,Steinach am Brenner,47.09833,11.46611,DGM_Tirol_5m_epsg31254_2006_2020,5.0,1031.9129638671875,0.5651719930974886,medium,0.4716575230189733,0.7756546094952661,0.8739628609103176,0.5236759185791016,0.0,0.7347092047028929,-63.129531474613486,330.1602661132813,21.52593994140625,0.0008789413946792902,479.485,0.0,1.0,ok,,cap_dem_v1
station,142,Kufstein,47.57528,12.16278,DGM_Tirol_5m_epsg31254_2006_2020,5.0,491.9049987792969,0.3800349352172522,low,0.2967174215020265,0.3600228875025615,0.9191167195638021,0.21351009368896487,0.0,1.0,-5.73785298665365,238.36203002929688,14.558990478515625,0.0,164.1625,0.0,1.0,ok,,cap_dem_v1
station,151,Achenkirch,47.49944,11.70667,DGM_Tirol_5m_epsg31254_2006_2020,5.0,930.5659790039062,0.5391394923698668,medium,0.4621936942751687,0.6682236501195273,0.9551612006293403,0.4366861076354981,0.0,1.0,-33.29368834130639,323.84698486328125,8.07098388671875,0.0,348.0275,0.0,1.0,ok,,cap_dem_v1
station,176,Hahnenkamm-Ehrenbachhöhe,47.41831,12.35928,DGM_Tirol_5m_epsg31254_2006_2020,5.0,1793.5159912109375,0.022696873156200982,low,0.0,0.09078749262480393,0.0,0.0,0.0,0.4539374631240196,123.46024568775942,-94.697998046875,596.33203125,1.0,0.0,0.0,1.0,ok,,cap_dem_v1
station,178,Hochfilzen,47.47028,12.62111,DGM_Tirol_5m_epsg31254_2006_2020,5.0,962.0919799804688,0.22865734938284005,low,0.20512863893200745,0.5185892288361906,0.12670434407345949,0.14924675750732422,0.0,1.0,-23.26165351947418,152.32880859374995,64.23797607421875,0.09635827589070675,249.7775,0.0,1.0,ok,,cap_dem_v1
station,184,Pitztaler Gletscher,46.92706,10.87914,DGM_Tirol_5m_epsg31254_2006_2020,5.0,2859.111083984375,0.2618543732315891,low,0.2425843386203606,0.07534990693050769,0.0,0.21580541229248046,1.0,0.37674953465253846,-33.79411418156633,182.3604736328125,684.132080078125,0.5654873136497653,233.4875,186.2153339388489,1.0,ok,,cap_dem_v1
station,185,St.Jakob im Defereggental,46.91694,12.35389,DGM_Tirol_5m_epsg31254_2006_2020,5.0,1381.5152587890625,0.5655825900352717,medium,0.7598017229352678,0.7039332222288657,0.4971729607079988,0.6610138053894044,0.007081271961519438,0.4800678643954167,-84.72382443984975,531.8612060546875,58.8118896484375,0.03138622493461203,433.5025,0.0345435315590212,1.0,ok,,cap_dem_v1
station,210,St.Leonhard im Pitztal,47.02722,10.86556,DGM_Tirol_5m_epsg31254_2006_2020,5.0,1451.3499755859375,0.9148389355761122,high,1.0,0.9381563124241981,0.6663830900323444,1.0,0.9801549297572917,0.6907815621209901,-134.36946020189566,826.3341064453125,31.700927734375,0.022940223935338323,518.14,109.01511278941089,1.0,ok,,cap_dem_v1
station,214,Söll,47.50306,12.20028,DGM_Tirol_5m_epsg31254_2006_2020,5.0,696.7969970703125,0.21908683708787335,low,0.2602284348918482,0.4220290949373694,0.09256441109992733,0.20006381607055665,0.0,1.0,-5.84559953765006,200.48342895507812,74.864990234375,0.10098263095979516,204.435,0.0,1.0,ok,,cap_dem_v1
